{
  "depth.full.mae": {
    "mean": 4.2594279412850735,
    "std": 1.7344502973614593,
    "median": 4.2856361865997314,
    "min": 0.2806982100009918,
    "max": 10.632062911987305,
    "count": 4000
  },
  "depth.full.rmse": {
    "mean": 8.091074567183853,
    "std": 3.1641670582772408,
    "median": 8.384527206420898,
    "min": 0.3645407557487488,
    "max": 20.262666702270508,
    "count": 4000
  },
  "depth.full.abs_rel": {
    "mean": 0.3938159817233682,
    "std": 0.2977133750865976,
    "median": 0.2881067991256714,
    "min": 0.044167790561914444,
    "max": 1.885772943496704,
    "count": 4000
  },
  "depth.full.sq_rel": {
    "mean": 8.001622100096196,
    "std": 9.445795365801665,
    "median": 4.576767444610596,
    "min": 0.020676564425230026,
    "max": 81.18292236328125,
    "count": 4000
  },
  "depth.full.delta1": {
    "mean": 0.6555071322172881,
    "std": 0.2196420932437053,
    "median": 0.7215142250061035,
    "min": 0.12675389647483826,
    "max": 1.0,
    "count": 4000
  },
  "depth.full.delta2": {
    "mean": 0.852999256901443,
    "std": 0.10506363251621652,
    "median": 0.8700445294380188,
    "min": 0.2893356680870056,
    "max": 1.0,
    "count": 4000
  },
  "depth.full.delta3": {
    "mean": 0.9176430601775646,
    "std": 0.06007470035590747,
    "median": 0.9273242652416229,
    "min": 0.6695713996887207,
    "max": 1.0,
    "count": 4000
  },
  "depth.full.rmse_log": {
    "mean": 0.40193714178167284,
    "std": 0.1842265324806225,
    "median": 0.36995451152324677,
    "min": 0.058092281222343445,
    "max": 1.0069721937179565,
    "count": 4000
  },
  "depth.full.si_log": {
    "mean": 0.39781454006023703,
    "std": 0.18413228399790607,
    "median": 0.36516501009464264,
    "min": 0.05748331919312477,
    "max": 0.9993250966072083,
    "count": 4000
  },
  "depth.building.mae": {
    "mean": 13.56831702599525,
    "std": 9.391695078214,
    "median": 11.268798828125,
    "min": 0.015548905357718468,
    "max": 81.05181121826172,
    "count": 3340
  },
  "depth.building.rmse": {
    "mean": 16.502909625245223,
    "std": 9.79839324030187,
    "median": 14.888203620910645,
    "min": 0.01890203170478344,
    "max": 81.05210876464844,
    "count": 3340
  },
  "depth.building.abs_rel": {
    "mean": 1.7213577063637089,
    "std": 3.6125399516029857,
    "median": 0.8397206962108612,
    "min": 0.002382533624768257,
    "max": 111.7235107421875,
    "count": 3340
  },
  "depth.building.sq_rel": {
    "mean": 57.337779101401004,
    "std": 157.60363241851636,
    "median": 19.528498649597168,
    "min": 5.476390651892871e-05,
    "max": 4610.283203125,
    "count": 3340
  },
  "depth.building.delta1": {
    "mean": 0.4029654337987959,
    "std": 0.2612600420666495,
    "median": 0.36254405975341797,
    "min": 0.0,
    "max": 1.0,
    "count": 3340
  },
  "depth.building.delta2": {
    "mean": 0.5978790432427352,
    "std": 0.2820610584280512,
    "median": 0.6239379644393921,
    "min": 0.0,
    "max": 1.0,
    "count": 3340
  },
  "depth.building.delta3": {
    "mean": 0.6973219856126812,
    "std": 0.27291356630178093,
    "median": 0.7566586434841156,
    "min": 0.0,
    "max": 1.0,
    "count": 3340
  },
  "depth.building.rmse_log": {
    "mean": 0.7827527131776543,
    "std": 0.5242405214878779,
    "median": 0.6747238337993622,
    "min": 0.0028922678902745247,
    "max": 4.697097301483154,
    "count": 3340
  },
  "depth.building.si_log": {
    "mean": 0.5512166322505464,
    "std": 0.29516996816005536,
    "median": 0.5279440581798553,
    "min": 0.0,
    "max": 1.976621389389038,
    "count": 3338
  },
  "depth.non_building.mae": {
    "mean": 3.8896854231506586,
    "std": 1.6837502970558549,
    "median": 3.863730549812317,
    "min": 0.25650554895401,
    "max": 10.44704818725586,
    "count": 4000
  },
  "depth.non_building.rmse": {
    "mean": 7.550764259897172,
    "std": 3.1564277037551727,
    "median": 7.820046424865723,
    "min": 0.3427467346191406,
    "max": 20.262666702270508,
    "count": 4000
  },
  "depth.non_building.abs_rel": {
    "mean": 0.3474673641677946,
    "std": 0.2656669971299307,
    "median": 0.25938425958156586,
    "min": 0.044167790561914444,
    "max": 1.7097508907318115,
    "count": 4000
  },
  "depth.non_building.sq_rel": {
    "mean": 6.71025820135232,
    "std": 8.50632631552315,
    "median": 3.5032334327697754,
    "min": 0.020676564425230026,
    "max": 66.6783676147461,
    "count": 4000
  },
  "depth.non_building.delta1": {
    "mean": 0.6687214809544384,
    "std": 0.22265695529755672,
    "median": 0.7384048402309418,
    "min": 0.10161928832530975,
    "max": 1.0,
    "count": 4000
  },
  "depth.non_building.delta2": {
    "mean": 0.8669615160450339,
    "std": 0.10012187360798054,
    "median": 0.8825290501117706,
    "min": 0.29016032814979553,
    "max": 1.0,
    "count": 4000
  },
  "depth.non_building.delta3": {
    "mean": 0.928407991245389,
    "std": 0.05403999700848852,
    "median": 0.9368004500865936,
    "min": 0.6698698997497559,
    "max": 1.0,
    "count": 4000
  },
  "depth.non_building.rmse_log": {
    "mean": 0.37341270344145594,
    "std": 0.17231980909386127,
    "median": 0.34887558221817017,
    "min": 0.058092281222343445,
    "max": 0.9897868037223816,
    "count": 4000
  },
  "depth.non_building.si_log": {
    "mean": 0.367584047133103,
    "std": 0.17224274102506307,
    "median": 0.3435911238193512,
    "min": 0.054425839334726334,
    "max": 0.9847283363342285,
    "count": 4000
  },
  "normals.full.angular_mean": {
    "mean": 92.80362690544129,
    "std": 2.8032132412762465,
    "median": 93.38400268554688,
    "min": 74.11006927490234,
    "max": 98.43465423583984,
    "count": 4000
  },
  "normals.full.angular_median": {
    "mean": 87.77271599578857,
    "std": 1.1986061684970521,
    "median": 88.03301620483398,
    "min": 70.78520202636719,
    "max": 89.50531768798828,
    "count": 4000
  },
  "normals.full.inlier_11_25": {
    "mean": 0.05234564171291277,
    "std": 0.014208186229804144,
    "median": 0.05398072674870491,
    "min": 0.00030309727299027145,
    "max": 0.12571591138839722,
    "count": 4000
  },
  "normals.full.inlier_22_5": {
    "mean": 0.09817044636711944,
    "std": 0.01572835568756406,
    "median": 0.09970509260892868,
    "min": 0.005240338388830423,
    "max": 0.17989641427993774,
    "count": 4000
  },
  "normals.full.inlier_30": {
    "mean": 0.1162587850363925,
    "std": 0.014361131374335125,
    "median": 0.11678771674633026,
    "min": 0.015443166717886925,
    "max": 0.18972940742969513,
    "count": 4000
  },
  "normals.building.angular_mean": {
    "mean": 83.75806117371884,
    "std": 6.12842909848251,
    "median": 82.71852493286133,
    "min": 49.33425521850586,
    "max": 136.0582733154297,
    "count": 3340
  },
  "normals.building.angular_median": {
    "mean": 84.92286228591097,
    "std": 5.082211869457491,
    "median": 85.4429931640625,
    "min": 35.1604118347168,
    "max": 136.0582733154297,
    "count": 3340
  },
  "normals.building.inlier_11_25": {
    "mean": 0.032240606391636256,
    "std": 0.025745214248615523,
    "median": 0.02561367768794298,
    "min": 0.0,
    "max": 0.25,
    "count": 3340
  },
  "normals.building.inlier_22_5": {
    "mean": 0.08829959006289935,
    "std": 0.042614493211752535,
    "median": 0.08409817516803741,
    "min": 0.0,
    "max": 0.3333333432674408,
    "count": 3340
  },
  "normals.building.inlier_30": {
    "mean": 0.12243503254063115,
    "std": 0.04395264215287768,
    "median": 0.12041426822543144,
    "min": 0.0,
    "max": 0.3333333432674408,
    "count": 3340
  },
  "planarity.building.residual_mean": {
    "mean": 0.6229568675238137,
    "std": 0.551787889123655,
    "median": 0.5835409760475159,
    "min": 0.0075888740830123425,
    "max": 17.054370880126953,
    "count": 3247
  },
  "planarity.building.residual_median": {
    "mean": 0.507657435553422,
    "std": 0.5353762300246004,
    "median": 0.4832766056060791,