{
  "depth.full.mae": {
    "mean": 3.4850732415169476,
    "std": 1.1740871882489907,
    "median": 3.665646553039551,
    "min": 0.47323185205459595,
    "max": 8.304462432861328,
    "count": 4000
  },
  "depth.full.rmse": {
    "mean": 6.339075428038836,
    "std": 2.069250260404975,
    "median": 6.7512054443359375,
    "min": 0.707291305065155,
    "max": 15.431791305541992,
    "count": 4000
  },
  "depth.full.abs_rel": {
    "mean": 0.27132696083094926,
    "std": 0.14571101485429,
    "median": 0.2404801845550537,
    "min": 0.0474243089556694,
    "max": 0.9202426075935364,
    "count": 4000
  },
  "depth.full.sq_rel": {
    "mean": 2.9654387743510306,
    "std": 2.268352893451864,
    "median": 2.4878169298171997,
    "min": 0.07672169804573059,
    "max": 20.291860580444336,
    "count": 4000
  },
  "depth.full.delta1": {
    "mean": 0.6933491879068315,
    "std": 0.18178704715202917,
    "median": 0.7368874549865723,
    "min": 0.20740081369876862,
    "max": 0.9898544549942017,
    "count": 4000
  },
  "depth.full.delta2": {
    "mean": 0.8836724326759576,
    "std": 0.07305795653248635,
    "median": 0.8942522704601288,
    "min": 0.5803900957107544,
    "max": 0.9998098015785217,
    "count": 4000
  },
  "depth.full.delta3": {
    "mean": 0.9415891540795565,
    "std": 0.04434510740267697,
    "median": 0.9510612487792969,
    "min": 0.7706939578056335,
    "max": 1.0,
    "count": 4000
  },
  "depth.full.rmse_log": {
    "mean": 0.3249240151066333,
    "std": 0.12392572548351401,
    "median": 0.313223272562027,
    "min": 0.07544949650764465,
    "max": 0.6852962970733643,
    "count": 4000
  },
  "depth.full.si_log": {
    "mean": 0.3213935267627239,
    "std": 0.12385757016175704,
    "median": 0.3103122115135193,
    "min": 0.07422582060098648,
    "max": 0.6828609704971313,
    "count": 4000
  },
  "depth.building.mae": {
    "mean": 8.445671394407768,
    "std": 4.479774055332855,
    "median": 7.961548805236816,
    "min": 0.4245832860469818,
    "max": 31.37916374206543,
    "count": 3251
  },
  "depth.building.rmse": {
    "mean": 10.809825643159103,
    "std": 5.146895983436461,
    "median": 10.665492057800293,
    "min": 0.5132474899291992,
    "max": 31.63018798828125,
    "count": 3251
  },
  "depth.building.abs_rel": {
    "mean": 0.6785071883339152,
    "std": 0.8222394134409627,
    "median": 0.4934338927268982,
    "min": 0.030723808333277702,
    "max": 20.428558349609375,
    "count": 3251
  },
  "depth.building.sq_rel": {
    "mean": 11.513194244401944,
    "std": 18.43840399782966,
    "median": 6.812355995178223,
    "min": 0.01899505779147148,
    "max": 381.4733581542969,
    "count": 3251
  },
  "depth.building.delta1": {
    "mean": 0.42513863479233566,
    "std": 0.21714121424131702,
    "median": 0.38290151953697205,
    "min": 0.0,
    "max": 1.0,
    "count": 3251
  },
  "depth.building.delta2": {
    "mean": 0.6727929092518686,
    "std": 0.21270361258697934,
    "median": 0.678398847579956,
    "min": 0.0,
    "max": 1.0,
    "count": 3251
  },
  "depth.building.delta3": {
    "mean": 0.8100026490334943,
    "std": 0.17114477148534674,
    "median": 0.8408240675926208,
    "min": 0.0,
    "max": 1.0,
    "count": 3251
  },
  "depth.building.rmse_log": {
    "mean": 0.5426218616482534,
    "std": 0.2644745061994837,
    "median": 0.5208269953727722,
    "min": 0.036130279302597046,
    "max": 2.8749756813049316,
    "count": 3251
  },
  "depth.building.si_log": {
    "mean": 0.4703997247848088,
    "std": 0.2176948791687588,
    "median": 0.47191399335861206,
    "min": 0.0014984721783548594,
    "max": 1.439860224723816,
    "count": 3251
  },
  "depth.non_building.mae": {
    "mean": 3.207412320010364,
    "std": 1.1643625471753254,
    "median": 3.3150908946990967,
    "min": 0.3295716941356659,
    "max": 8.304462432861328,
    "count": 4000
  },
  "depth.non_building.rmse": {
    "mean": 5.941169471807778,
    "std": 2.101843715594471,
    "median": 6.300363302230835,
    "min": 0.4639798104763031,
    "max": 15.431791305541992,
    "count": 4000
  },
  "depth.non_building.abs_rel": {
    "mean": 0.24922588714957236,
    "std": 0.13135000817879416,
    "median": 0.2261434942483902,
    "min": 0.038923922926187515,
    "max": 0.8685405254364014,
    "count": 4000
  },
  "depth.non_building.sq_rel": {
    "mean": 2.534876091949642,
    "std": 2.045777966584355,
    "median": 2.0998228788375854,
    "min": 0.02752683497965336,
    "max": 19.520572662353516,
    "count": 4000
  },
  "depth.non_building.delta1": {
    "mean": 0.7097858264409006,
    "std": 0.18321999674308134,
    "median": 0.7524152100086212,
    "min": 0.16274571418762207,
    "max": 0.9972572922706604,
    "count": 4000
  },
  "depth.non_building.delta2": {
    "mean": 0.8973825242221355,
    "std": 0.0658675249619757,
    "median": 0.9053773880004883,
    "min": 0.5832524299621582,
    "max": 1.0,
    "count": 4000
  },
  "depth.non_building.delta3": {
    "mean": 0.949683311611414,
    "std": 0.03927600037817933,
    "median": 0.9577116370201111,
    "min": 0.7891145944595337,
    "max": 1.0,
    "count": 4000
  },
  "depth.non_building.rmse_log": {
    "mean": 0.3052949958955869,
    "std": 0.1167081533579603,
    "median": 0.2974983751773834,
    "min": 0.0532674565911293,
    "max": 0.6710431575775146,
    "count": 4000
  },
  "depth.non_building.si_log": {
    "mean": 0.30037044162675736,
    "std": 0.11640866265540224,
    "median": 0.292419970035553,
    "min": 0.05085224285721779,
    "max": 0.667084813117981,
    "count": 4000
  },
  "normals.full.angular_mean": {
    "mean": 93.61860546302795,
    "std": 2.2231135255861294,
    "median": 93.9642105102539,
    "min": 80.49268341064453,
    "max": 100.76512145996094,
    "count": 4000
  },
  "normals.full.angular_median": {
    "mean": 87.03859384155274,
    "std": 1.0624585522223757,
    "median": 87.18332290649414,
    "min": 78.16021728515625,
    "max": 89.58533477783203,
    "count": 4000
  },
  "normals.full.inlier_11_25": {
    "mean": 0.04831274661794305,
    "std": 0.012791381843274188,
    "median": 0.049855880439281464,
    "min": 0.007844619452953339,
    "max": 0.08628912270069122,
    "count": 4000
  },
  "normals.full.inlier_22_5": {
    "mean": 0.09652069238759577,
    "std": 0.013308280649550613,
    "median": 0.09826333820819855,
    "min": 0.03707261011004448,
    "max": 0.14259998500347137,
    "count": 4000
  },
  "normals.full.inlier_30": {
    "mean": 0.1173501737061888,
    "std": 0.011448975121425077,
    "median": 0.11847580969333649,
    "min": 0.06562719494104385,
    "max": 0.16632726788520813,
    "count": 4000
  },
  "normals.building.angular_mean": {
    "mean": 82.17291113795665,
    "std": 6.400597824588304,
    "median": 82.61980438232422,
    "min": 33.59812545776367,
    "max": 149.36187744140625,
    "count": 3251
  },
  "normals.building.angular_median": {
    "mean": 84.78404751530944,
    "std": 6.0959288342629305,
    "median": 85.07340240478516,
    "min": 3.0172040462493896,
    "max": 172.4036102294922,
    "count": 3251
  },
  "normals.building.inlier_11_25": {
    "mean": 0.06432386180645205,
    "std": 0.05146114525200011,
    "median": 0.05136723816394806,
    "min": 0.0,
    "max": 0.5,
    "count": 3251
  },
  "normals.building.inlier_22_5": {
    "mean": 0.12776066849274048,
    "std": 0.05908934075153722,
    "median": 0.11776061356067657,
    "min": 0.0,
    "max": 0.75,
    "count": 3251
  },
  "normals.building.inlier_30": {
    "mean": 0.16324485752184972,
    "std": 0.05722077019364096,
    "median": 0.15469612181186676,
    "min": 0.0,
    "max": 0.75,
    "count": 3251
  },
  "planarity.building.residual_mean": {
    "mean": 0.3977081674772499,
    "std": 0.18378678235598958,
    "median": 0.4017634391784668,
    "min": 0.014018163084983826,
    "max": 3.7470474243164062,
    "count": 3137
  },
  "planarity.building.residual_median": {
    "mean": 0.3673840261702472,
    "std": 0.18173281431096822,