{
  "depth.full.mae": {
    "mean": 7.282161436617375,
    "std": 2.0762648885563073,
    "median": 7.564052581787109,
    "min": 0.46928954124450684,
    "max": 11.763590812683105,
    "count": 4000
  },
  "depth.full.rmse": {
    "mean": 11.510850829526783,
    "std": 3.5973144535280928,
    "median": 12.060590744018555,
    "min": 0.6310408711433411,
    "max": 19.220537185668945,
    "count": 4000
  },
  "depth.full.abs_rel": {
    "mean": 0.5241742582563311,
    "std": 0.11033884469910994,
    "median": 0.5264862477779388,
    "min": 0.08393865078687668,
    "max": 0.9448519349098206,
    "count": 4000
  },
  "depth.full.sq_rel": {
    "mean": 5.063887116380036,
    "std": 1.7207374373268909,
    "median": 5.2958221435546875,
    "min": 0.07684590667486191,
    "max": 10.13213062286377,
    "count": 4000
  },
  "depth.full.delta1": {
    "mean": 0.2703395599853247,
    "std": 0.09687869168294068,
    "median": 0.24489160627126694,
    "min": 0.11476307362318039,
    "max": 0.9164770245552063,
    "count": 4000
  },
  "depth.full.delta2": {
    "mean": 0.5119942786172033,
    "std": 0.1065215114932034,
    "median": 0.4858890324831009,
    "min": 0.3310542404651642,
    "max": 0.9999256730079651,
    "count": 4000
  },
  "depth.full.delta3": {
    "mean": 0.7228539678752423,
    "std": 0.08641641646624186,
    "median": 0.7061976194381714,
    "min": 0.5527847409248352,
    "max": 1.0,
    "count": 4000
  },
  "depth.full.rmse_log": {
    "mean": 0.6216624278873205,
    "std": 0.10918512257758801,
    "median": 0.645235002040863,
    "min": 0.1119590699672699,
    "max": 0.9154293537139893,
    "count": 4000
  },
  "depth.full.si_log": {
    "mean": 0.6165439299605787,
    "std": 0.10966153783550249,
    "median": 0.6405761241912842,
    "min": 0.10939890891313553,
    "max": 0.9113173484802246,
    "count": 4000
  },
  "depth.building.mae": {
    "mean": 15.86797964810053,
    "std": 9.862881689072625,
    "median": 13.509308338165283,
    "min": 0.29370105266571045,
    "max": 54.02240753173828,
    "count": 3280
  },
  "depth.building.rmse": {
    "mean": 19.189751969777593,
    "std": 10.502362305383262,
    "median": 17.415552139282227,
    "min": 0.29805275797843933,
    "max": 55.96805953979492,
    "count": 3280
  },
  "depth.building.abs_rel": {
    "mean": 0.7213834961126672,
    "std": 0.9147896724719653,
    "median": 0.6003143489360809,
    "min": 0.04497511684894562,
    "max": 36.663970947265625,
    "count": 3280
  },
  "depth.building.sq_rel": {
    "mean": 12.497158832758915,
    "std": 12.962381223318394,
    "median": 10.582542419433594,
    "min": 0.013601226732134819,
    "max": 495.6309814453125,
    "count": 3280
  },
  "depth.building.delta1": {
    "mean": 0.1464070150635119,
    "std": 0.16742662258967198,
    "median": 0.10656215623021126,
    "min": 0.0,
    "max": 1.0,
    "count": 3280
  },
  "depth.building.delta2": {
    "mean": 0.29473021270411953,
    "std": 0.2464458774249679,
    "median": 0.251812219619751,
    "min": 0.0,
    "max": 1.0,
    "count": 3280
  },
  "depth.building.delta3": {
    "mean": 0.44646685135078035,
    "std": 0.2776985256300023,
    "median": 0.43706071376800537,
    "min": 0.0,
    "max": 1.0,
    "count": 3280
  },
  "depth.building.rmse_log": {
    "mean": 0.8817280537142168,
    "std": 0.30351594297431633,
    "median": 0.8807373642921448,
    "min": 0.046750258654356,
    "max": 3.607224225997925,
    "count": 3280
  },
  "depth.building.si_log": {
    "mean": 0.5486290036114331,
    "std": 0.2743079699944269,
    "median": 0.528943657875061,
    "min": 0.0,
    "max": 1.6646093130111694,
    "count": 3280
  },
  "depth.non_building.mae": {
    "mean": 6.846510549917817,
    "std": 2.078396234212308,
    "median": 7.110524415969849,
    "min": 0.38259702920913696,
    "max": 11.701131820678711,
    "count": 4000
  },
  "depth.non_building.rmse": {
    "mean": 10.870851981416344,
    "std": 3.5911122207832356,
    "median": 11.501297950744629,
    "min": 0.5116265416145325,
    "max": 19.162141799926758,
    "count": 4000
  },
  "depth.non_building.abs_rel": {
    "mean": 0.5166175735108555,
    "std": 0.1051622567565239,
    "median": 0.5200184285640717,
    "min": 0.06738567352294922,
    "max": 1.1862385272979736,
    "count": 4000
  },
  "depth.non_building.sq_rel": {
    "mean": 4.729174819769338,
    "std": 1.6858277179673014,
    "median": 4.906507253646851,
    "min": 0.04287188872694969,
    "max": 11.137452125549316,
    "count": 4000
  },
  "depth.non_building.delta1": {
    "mean": 0.27790902576595544,
    "std": 0.09722279153496936,
    "median": 0.2527964413166046,
    "min": 0.12974423170089722,
    "max": 0.9745661020278931,
    "count": 4000
  },
  "depth.non_building.delta2": {
    "mean": 0.5253535978272558,
    "std": 0.10751711492483015,
    "median": 0.4998919516801834,
    "min": 0.32509365677833557,
    "max": 0.9999999403953552,
    "count": 4000
  },
  "depth.non_building.delta3": {
    "mean": 0.7389961984455585,
    "std": 0.08723215816388714,
    "median": 0.723530650138855,
    "min": 0.5546226501464844,
    "max": 1.0,
    "count": 4000
  },
  "depth.non_building.rmse_log": {
    "mean": 0.6031209042090923,
    "std": 0.10800118742419068,
    "median": 0.6256105899810791,
    "min": 0.08801908791065216,
    "max": 0.9027751684188843,
    "count": 4000
  },
  "depth.non_building.si_log": {
    "mean": 0.5970563163422048,
    "std": 0.11205289486080403,
    "median": 0.62248295545578,
    "min": 0.08801790326833725,
    "max": 0.8951026797294617,
    "count": 4000
  },
  "normals.full.angular_mean": {
    "mean": 79.07227093315124,
    "std": 1.027043229032186,
    "median": 79.23537063598633,
    "min": 73.45433807373047,
    "max": 81.29637145996094,
    "count": 4000
  },
  "normals.full.angular_median": {
    "mean": 80.26643796730042,
    "std": 1.1145383055156863,
    "median": 80.37633514404297,
    "min": 72.00072479248047,
    "max": 83.54059600830078,
    "count": 4000
  },
  "normals.full.inlier_11_25": {
    "mean": 0.011545651745516807,
    "std": 0.0026473570337906746,
    "median": 0.010866803117096424,
    "min": 0.007889391854405403,
    "max": 0.03557359054684639,
    "count": 4000
  },
  "normals.full.inlier_22_5": {
    "mean": 0.04235662205750123,
    "std": 0.008789847523701391,
    "median": 0.04000461287796497,
    "min": 0.030534731224179268,
    "max": 0.11401233822107315,
    "count": 4000
  },
  "normals.full.inlier_30": {
    "mean": 0.07902605370990932,
    "std": 0.011374837309114077,
    "median": 0.07646521925926208,
    "min": 0.05814176797866821,
    "max": 0.16569013893604279,
    "count": 4000
  },
  "normals.building.angular_mean": {
    "mean": 76.09343446289621,
    "std": 2.836551010445881,
    "median": 75.95147323608398,
    "min": 43.72382736206055,
    "max": 147.21810913085938,
    "count": 3280
  },
  "normals.building.angular_median": {
    "mean": 76.11590955664472,
    "std": 3.937928253840919,
    "median": 76.5176773071289,
    "min": 35.35563278198242,
    "max": 129.77561950683594,
    "count": 3280
  },
  "normals.building.inlier_11_25": {
    "mean": 0.011929835519159252,
    "std": 0.007505205305011104,
    "median": 0.011297047603875399,
    "min": 0.0,
    "max": 0.1666666716337204,
    "count": 3280
  },
  "normals.building.inlier_22_5": {
    "mean": 0.046631758374434604,
    "std": 0.01906587986007099,
    "median": 0.04470372200012207,
    "min": 0.0,
    "max": 0.375,
    "count": 3280
  },
  "normals.building.inlier_30": {
    "mean": 0.08203367972789083,
    "std": 0.024358081739394733,
    "median": 0.0792233943939209,
    "min": 0.0,
    "max": 0.375,
    "count": 3280
  },
  "planarity.building.residual_mean": {
    "mean": 0.29548995221559826,
    "std": 0.23572820802206698,
    "median": 0.2587677836418152,
    "min": 0.008085201494395733,
    "max": 3.921705484390259,
    "count": 3211
  },
  "planarity.building.residual_median": {
    "mean": 0.264956945968036,