{
  "depth.full.mae": {
    "mean": 7.444438041068613,
    "std": 2.243872931517319,
    "median": 7.713987827301025,
    "min": 0.32938262820243835,
    "max": 13.75086784362793,
    "count": 4000
  },
  "depth.full.rmse": {
    "mean": 11.708462988249957,
    "std": 3.7825182944693734,
    "median": 12.271165370941162,
    "min": 0.43498343229293823,
    "max": 23.774816513061523,
    "count": 4000
  },
  "depth.full.abs_rel": {
    "mean": 0.529400486683473,
    "std": 0.11701354666193517,
    "median": 0.5344901084899902,
    "min": 0.06859637051820755,
    "max": 0.9545685052871704,
    "count": 4000
  },
  "depth.full.sq_rel": {
    "mean": 5.2073782326933,
    "std": 1.8437170684419208,
    "median": 5.443054914474487,
    "min": 0.04020458087325096,
    "max": 10.35848617553711,
    "count": 4000
  },
  "depth.full.delta1": {
    "mean": 0.26802723556570707,
    "std": 0.1111911667295261,
    "median": 0.23927025496959686,
    "min": 0.09588069468736649,
    "max": 0.979665994644165,
    "count": 4000
  },
  "depth.full.delta2": {
    "mean": 0.5064543602913618,
    "std": 0.11849620417397272,
    "median": 0.47742338478565216,
    "min": 0.31120333075523376,
    "max": 1.0,
    "count": 4000
  },
  "depth.full.delta3": {
    "mean": 0.7159398959577083,
    "std": 0.09414873893384537,
    "median": 0.6982453167438507,
    "min": 0.4755307734012604,
    "max": 1.0,
    "count": 4000
  },
  "depth.full.rmse_log": {
    "mean": 0.6255781621038914,
    "std": 0.11783818634436727,
    "median": 0.6518294811248779,
    "min": 0.09094361215829849,
    "max": 0.9155306220054626,
    "count": 4000
  },
  "depth.full.si_log": {
    "mean": 0.6206966922152788,
    "std": 0.11780740356373842,
    "median": 0.6468549966812134,
    "min": 0.09092991054058075,
    "max": 0.9114055633544922,
    "count": 4000
  },
  "depth.building.mae": {
    "mean": 16.675589813495264,
    "std": 10.43879780327352,
    "median": 14.520601749420166,
    "min": 0.2968372106552124,
    "max": 58.357913970947266,
    "count": 3358
  },
  "depth.building.rmse": {
    "mean": 19.892386423646872,
    "std": 10.953454318689777,
    "median": 18.524845123291016,
    "min": 0.30109959840774536,
    "max": 58.36835861206055,
    "count": 3358
  },
  "depth.building.abs_rel": {
    "mean": 0.7106469682406161,
    "std": 0.6584698280672817,
    "median": 0.6048634946346283,
    "min": 0.04545539245009422,
    "max": 14.621994972229004,
    "count": 3358
  },
  "depth.building.sq_rel": {
    "mean": 12.900607681652934,
    "std": 9.860409677997339,
    "median": 11.085089683532715,
    "min": 0.013880731537938118,
    "max": 166.45071411132812,
    "count": 3358
  },
  "depth.building.delta1": {
    "mean": 0.14278003159088062,
    "std": 0.1739902432960007,
    "median": 0.09342088550329208,
    "min": 0.0,
    "max": 1.0,
    "count": 3358
  },
  "depth.building.delta2": {
    "mean": 0.2873110198897875,
    "std": 0.2597942816103288,
    "median": 0.2300894930958748,
    "min": 0.0,
    "max": 1.0,
    "count": 3358
  },
  "depth.building.delta3": {
    "mean": 0.42677074292057016,
    "std": 0.28630181648434205,
    "median": 0.40437956154346466,
    "min": 0.0,
    "max": 1.0,
    "count": 3358
  },
  "depth.building.rmse_log": {
    "mean": 0.8937531770476012,
    "std": 0.31092539298314026,
    "median": 0.8973881006240845,
    "min": 0.04723897948861122,
    "max": 2.7153308391571045,
    "count": 3358
  },
  "depth.building.si_log": {
    "mean": 0.5352679060351339,
    "std": 0.2776618542353986,
    "median": 0.5045516490936279,
    "min": 0.00021143197955098003,
    "max": 1.6860437393188477,
    "count": 3358
  },
  "depth.non_building.mae": {
    "mean": 6.9927078832536935,
    "std": 2.226999987927822,
    "median": 7.297990083694458,
    "min": 0.32938262820243835,
    "max": 13.75086784362793,
    "count": 4000
  },
  "depth.non_building.rmse": {
    "mean": 11.045980952136219,
    "std": 3.7847983830343277,
    "median": 11.703992366790771,
    "min": 0.43498343229293823,
    "max": 23.774816513061523,
    "count": 4000
  },
  "depth.non_building.abs_rel": {
    "mean": 0.5240504260864108,
    "std": 0.11062193405326812,
    "median": 0.5288308262825012,
    "min": 0.06746649742126465,
    "max": 1.1859146356582642,
    "count": 4000
  },
  "depth.non_building.sq_rel": {
    "mean": 4.872714722249657,
    "std": 1.8007417471692064,
    "median": 5.041139364242554,
    "min": 0.04020458087325096,
    "max": 11.133695602416992,
    "count": 4000
  },
  "depth.non_building.delta1": {
    "mean": 0.2738635761626065,
    "std": 0.10654163825820802,
    "median": 0.24718140065670013,
    "min": 0.11653308570384979,
    "max": 0.979665994644165,
    "count": 4000
  },
  "depth.non_building.delta2": {
    "mean": 0.5189565205201506,
    "std": 0.1168931127737323,
    "median": 0.4918311685323715,
    "min": 0.31120333075523376,
    "max": 1.0,
    "count": 4000
  },
  "depth.non_building.delta3": {
    "mean": 0.7320259347707033,
    "std": 0.09431988339810815,
    "median": 0.7174200713634491,
    "min": 0.4755307734012604,
    "max": 1.0,
    "count": 4000
  },
  "depth.non_building.rmse_log": {
    "mean": 0.6079759338404983,
    "std": 0.1158263652384886,
    "median": 0.6314414441585541,
    "min": 0.08805228769779205,
    "max": 0.9028741717338562,
    "count": 4000
  },
  "depth.non_building.si_log": {
    "mean": 0.6009645892884582,
    "std": 0.12161022488329443,
    "median": 0.6281768381595612,
    "min": 0.08804930001497269,
    "max": 0.8951979279518127,
    "count": 4000
  },
  "normals.full.angular_mean": {
    "mean": 79.05252424812316,
    "std": 1.1156519713280102,
    "median": 79.25382995605469,
    "min": 73.45291137695312,
    "max": 81.52758026123047,
    "count": 4000
  },
  "normals.full.angular_median": {
    "mean": 80.19842383003235,
    "std": 1.1355901069255927,
    "median": 80.30242538452148,
    "min": 71.9571304321289,
    "max": 83.22269439697266,
    "count": 4000
  },
  "normals.full.inlier_11_25": {
    "mean": 0.011523053609300405,
    "std": 0.0031357517601776777,
    "median": 0.010656064841896296,
    "min": 0.008129892870783806,
    "max": 0.03609151393175125,
    "count": 4000
  },
  "normals.full.inlier_22_5": {
    "mean": 0.04235331927239895,
    "std": 0.010332339388325954,
    "median": 0.039280058816075325,
    "min": 0.031222492456436157,
    "max": 0.1145930290222168,
    "count": 4000
  },
  "normals.full.inlier_30": {
    "mean": 0.07923418030235917,
    "std": 0.013121734008667717,
    "median": 0.07580658793449402,
    "min": 0.06049403175711632,
    "max": 0.16610248386859894,
    "count": 4000
  },
  "normals.building.angular_mean": {
    "mean": 75.98213820261498,
    "std": 2.859435624038989,
    "median": 75.88436126708984,
    "min": 43.89013671875,
    "max": 121.6304702758789,
    "count": 3358
  },
  "normals.building.angular_median": {
    "mean": 76.0619521444933,
    "std": 3.9284144646350216,
    "median": 76.62580871582031,
    "min": 36.58967971801758,
    "max": 111.01226043701172,
    "count": 3358
  },
  "normals.building.inlier_11_25": {
    "mean": 0.012335495711856857,
    "std": 0.008392399280505012,
    "median": 0.011560108978301287,
    "min": 0.0,
    "max": 0.25,
    "count": 3358
  },
  "normals.building.inlier_22_5": {
    "mean": 0.04789954280531219,
    "std": 0.0194903746585499,
    "median": 0.04575235955417156,
    "min": 0.0,
    "max": 0.3333333432674408,
    "count": 3358
  },
  "normals.building.inlier_30": {
    "mean": 0.08404014248566224,
    "std": 0.024964499090463964,
    "median": 0.08072198182344437,
    "min": 0.0,
    "max": 0.3333333432674408,
    "count": 3358
  },
  "planarity.building.residual_mean": {
    "mean": 0.3179747787094107,
    "std": 0.3244795806978418,
    "median": 0.2645885944366455,
    "min": 0.008010536432266235,
    "max": 7.501165390014648,
    "count": 3280
  },
  "planarity.building.residual_median": {
    "mean": 0.2896495116183182,