{
  "depth.full.mae": {
    "mean": 3.488608999207616,
    "std": 1.2014138540933892,
    "median": 3.6764742136001587,
    "min": 0.4736596941947937,
    "max": 6.62939453125,
    "count": 4000
  },
  "depth.full.rmse": {
    "mean": 6.360887999773025,
    "std": 2.1011818796792543,
    "median": 6.783514976501465,
    "min": 0.6986026763916016,
    "max": 11.842734336853027,
    "count": 4000
  },
  "depth.full.abs_rel": {
    "mean": 0.26635059168655423,
    "std": 0.14560948303261684,
    "median": 0.23240848630666733,
    "min": 0.03479479253292084,
    "max": 0.9087522029876709,
    "count": 4000
  },
  "depth.full.sq_rel": {
    "mean": 2.876948679992929,
    "std": 2.2078093512267856,
    "median": 2.4175914525985718,
    "min": 0.05874219536781311,
    "max": 19.394878387451172,
    "count": 4000
  },
  "depth.full.delta1": {
    "mean": 0.6944709220416844,
    "std": 0.18409912047158733,
    "median": 0.7402483224868774,
    "min": 0.2148418426513672,
    "max": 0.9947196841239929,
    "count": 4000
  },
  "depth.full.delta2": {
    "mean": 0.8842108939737081,
    "std": 0.07426102563555051,
    "median": 0.8932007253170013,
    "min": 0.594267725944519,
    "max": 1.0,
    "count": 4000
  },
  "depth.full.delta3": {
    "mean": 0.9421264528781176,
    "std": 0.044638909792524877,
    "median": 0.9507031142711639,
    "min": 0.7572717666625977,
    "max": 1.0,
    "count": 4000
  },
  "depth.full.rmse_log": {
    "mean": 0.3213805956793949,
    "std": 0.12659527534239595,
    "median": 0.3094854801893234,
    "min": 0.05755699798464775,
    "max": 0.6885156631469727,
    "count": 4000
  },
  "depth.full.si_log": {
    "mean": 0.3178613225836307,
    "std": 0.12669409571805876,
    "median": 0.3060580641031265,
    "min": 0.05652568116784096,
    "max": 0.6878140568733215,
    "count": 4000
  },
  "depth.building.mae": {
    "mean": 8.530434031443097,
    "std": 4.628772863335137,
    "median": 8.031814575195312,
    "min": 0.6842756271362305,
    "max": 36.6563606262207,
    "count": 3295
  },
  "depth.building.rmse": {
    "mean": 10.860495430764733,
    "std": 5.253866468989802,
    "median": 10.755027770996094,
    "min": 0.7630878686904907,
    "max": 36.67268753051758,
    "count": 3295
  },
  "depth.building.abs_rel": {
    "mean": 0.6332482809350686,
    "std": 0.7351956035664425,
    "median": 0.4661668539047241,
    "min": 0.05579618737101555,
    "max": 20.988994598388672,
    "count": 3295
  },
  "depth.building.sq_rel": {
    "mean": 10.340335128059518,
    "std": 15.163247622602508,
    "median": 6.4353718757629395,
    "min": 0.09873567521572113,
    "max": 349.3046875,
    "count": 3295
  },
  "depth.building.delta1": {
    "mean": 0.4300257096927025,
    "std": 0.21827844745643737,
    "median": 0.38737255334854126,
    "min": 0.0,
    "max": 1.0,
    "count": 3295
  },
  "depth.building.delta2": {
    "mean": 0.6820747242822864,
    "std": 0.2134038164126843,
    "median": 0.6937229633331299,
    "min": 0.0,
    "max": 1.0,
    "count": 3295
  },
  "depth.building.delta3": {
    "mean": 0.8170396117273752,
    "std": 0.1723871243456103,
    "median": 0.8525784611701965,
    "min": 0.0,
    "max": 1.0,
    "count": 3295
  },
  "depth.building.rmse_log": {
    "mean": 0.5246065752594894,
    "std": 0.2588943582778161,
    "median": 0.5006174445152283,
    "min": 0.07689821720123291,
    "max": 2.9129602909088135,
    "count": 3295
  },
  "depth.building.si_log": {
    "mean": 0.4581162753139378,
    "std": 0.21372845162350956,
    "median": 0.44879916310310364,
    "min": 0.0,
    "max": 1.6166483163833618,
    "count": 3295
  },
  "depth.non_building.mae": {
    "mean": 3.215581688143313,
    "std": 1.2106505079762422,
    "median": 3.33731746673584,
    "min": 0.3183421790599823,
    "max": 6.564951419830322,
    "count": 4000
  },
  "depth.non_building.rmse": {
    "mean": 5.968373259365559,
    "std": 2.150382971037893,
    "median": 6.412055015563965,
    "min": 0.46787482500076294,
    "max": 11.842734336853027,
    "count": 4000
  },
  "depth.non_building.abs_rel": {
    "mean": 0.24646267729904503,
    "std": 0.13406172498673688,
    "median": 0.21941529214382172,
    "min": 0.03479354828596115,
    "max": 0.8565003871917725,
    "count": 4000
  },
  "depth.non_building.sq_rel": {
    "mean": 2.5080697466079145,
    "std": 2.054200741245495,
    "median": 2.0703715085983276,
    "min": 0.026933012530207634,
    "max": 18.6163330078125,
    "count": 4000
  },
  "depth.non_building.delta1": {
    "mean": 0.7113895214796067,
    "std": 0.18535047245920988,
    "median": 0.7543851435184479,
    "min": 0.17006202042102814,
    "max": 0.9968156218528748,
    "count": 4000
  },
  "depth.non_building.delta2": {
    "mean": 0.8972259383052588,
    "std": 0.06791355684287013,
    "median": 0.9053502976894379,
    "min": 0.594267725944519,
    "max": 1.0,
    "count": 4000
  },
  "depth.non_building.delta3": {
    "mean": 0.9496795392334462,
    "std": 0.040135780393022326,
    "median": 0.9578556418418884,
    "min": 0.7572717666625977,
    "max": 1.0,
    "count": 4000
  },
  "depth.non_building.rmse_log": {
    "mean": 0.3031097852168605,
    "std": 0.1207087387789129,
    "median": 0.29436440765857697,
    "min": 0.05210736766457558,
    "max": 0.644453763961792,
    "count": 4000
  },
  "depth.non_building.si_log": {
    "mean": 0.2984506762754172,
    "std": 0.12054024270470311,
    "median": 0.2891852557659149,
    "min": 0.05111777409911156,
    "max": 0.6424121856689453,
    "count": 4000
  },
  "normals.full.angular_mean": {
    "mean": 93.62317342185975,
    "std": 2.052005373955254,
    "median": 93.89260482788086,
    "min": 80.0218734741211,
    "max": 98.06178283691406,
    "count": 4000
  },
  "normals.full.angular_median": {
    "mean": 86.97452185058594,
    "std": 1.0164614944223889,
    "median": 87.09118270874023,
    "min": 76.0152359008789,
    "max": 89.80218505859375,
    "count": 4000
  },
  "normals.full.inlier_11_25": {
    "mean": 0.04785938652674668,
    "std": 0.012596512960404644,
    "median": 0.04921717382967472,
    "min": 0.007750106044113636,
    "max": 0.0847044363617897,
    "count": 4000
  },
  "normals.full.inlier_22_5": {
    "mean": 0.09629488377459347,
    "std": 0.012820646845171394,
    "median": 0.09749217703938484,
    "min": 0.037638839334249496,
    "max": 0.13580167293548584,
    "count": 4000
  },
  "normals.full.inlier_30": {
    "mean": 0.11723231221362948,
    "std": 0.011140912812291315,
    "median": 0.11792058125138283,
    "min": 0.06338843703269958,
    "max": 0.1556871235370636,
    "count": 4000
  },
  "normals.building.angular_mean": {
    "mean": 82.07254041865671,
    "std": 5.7172245847263365,
    "median": 82.51229095458984,
    "min": 42.74602127075195,
    "max": 114.26217651367188,
    "count": 3295
  },
  "normals.building.angular_median": {
    "mean": 84.8227275483706,
    "std": 5.253501984713281,
    "median": 85.07075500488281,
    "min": 1.5088281631469727,
    "max": 105.41133880615234,
    "count": 3295
  },
  "normals.building.inlier_11_25": {
    "mean": 0.06288114065765113,
    "std": 0.049746718844738066,
    "median": 0.049414873123168945,
    "min": 0.0,
    "max": 0.5,
    "count": 3295
  },
  "normals.building.inlier_22_5": {
    "mean": 0.12735007850280844,
    "std": 0.05719413450316937,
    "median": 0.1156512200832367,
    "min": 0.0,
    "max": 0.5,
    "count": 3295
  },
  "normals.building.inlier_30": {
    "mean": 0.16276229849658985,
    "std": 0.05482309186408168,
    "median": 0.15274034440517426,
    "min": 0.0,
    "max": 0.5,
    "count": 3295
  },
  "planarity.building.residual_mean": {
    "mean": 0.39341158207475074,
    "std": 0.19479203034954723,
    "median": 0.39663317799568176,
    "min": 0.0073388624005019665,
    "max": 4.8699259757995605,
    "count": 3198
  },
  "planarity.building.residual_median": {
    "mean": 0.36313858247779107,
    "std": 0.1844014308844958,
    "median": 0.36021825671195984,