{
  "depth.full.mae": {
    "mean": 3.559580117166042,
    "std": 1.1444940376484898,
    "median": 3.6677937507629395,
    "min": 0.5751311779022217,
    "max": 6.772412300109863,
    "count": 4000
  },
  "depth.full.rmse": {
    "mean": 6.522231189101935,
    "std": 2.022548487223781,
    "median": 6.849124908447266,
    "min": 0.7910574674606323,
    "max": 13.487706184387207,
    "count": 4000
  },
  "depth.full.abs_rel": {
    "mean": 0.2690372769506648,
    "std": 0.14624341144136577,
    "median": 0.2281017005443573,
    "min": 0.05272214114665985,
    "max": 0.9251095652580261,
    "count": 4000
  },
  "depth.full.sq_rel": {
    "mean": 2.790278995245695,
    "std": 2.0585310920832103,
    "median": 2.312636137008667,
    "min": 0.10067275166511536,
    "max": 18.978227615356445,
    "count": 4000
  },
  "depth.full.delta1": {
    "mean": 0.6939896029420197,
    "std": 0.1716551291468719,
    "median": 0.7320847511291504,
    "min": 0.19598998129367828,
    "max": 0.9783830642700195,
    "count": 4000
  },
  "depth.full.delta2": {
    "mean": 0.8814912468791009,
    "std": 0.07221058407619328,
    "median": 0.8892634212970734,
    "min": 0.6020472645759583,
    "max": 0.9994465708732605,
    "count": 4000
  },
  "depth.full.delta3": {
    "mean": 0.9417413772642612,
    "std": 0.04398592951206859,
    "median": 0.9506773948669434,
    "min": 0.7897975444793701,
    "max": 1.0,
    "count": 4000
  },
  "depth.full.rmse_log": {
    "mean": 0.3241732359714806,
    "std": 0.12225185950636075,
    "median": 0.30720333755016327,
    "min": 0.08330220729112625,
    "max": 0.670513391494751,
    "count": 4000
  },
  "depth.full.si_log": {
    "mean": 0.32116400959528985,
    "std": 0.12282804146341929,
    "median": 0.30382902920246124,
    "min": 0.07634664326906204,
    "max": 0.6704773902893066,
    "count": 4000
  },
  "depth.building.mae": {
    "mean": 9.25898817622159,
    "std": 4.903806152180479,
    "median": 8.649620056152344,
    "min": 0.5597451329231262,
    "max": 51.95437240600586,
    "count": 3274
  },
  "depth.building.rmse": {
    "mean": 11.551683058808617,
    "std": 5.383835711647905,
    "median": 11.23869514465332,
    "min": 0.7148706912994385,
    "max": 51.99178695678711,
    "count": 3274
  },
  "depth.building.abs_rel": {
    "mean": 0.7360000301291284,
    "std": 1.021420290278514,
    "median": 0.4804513603448868,
    "min": 0.0789496973156929,
    "max": 22.56170654296875,
    "count": 3274
  },
  "depth.building.sq_rel": {
    "mean": 11.390430214999741,
    "std": 18.24336936496472,
    "median": 7.007479906082153,
    "min": 0.09798295050859451,
    "max": 410.1326599121094,
    "count": 3274
  },
  "depth.building.delta1": {
    "mean": 0.39539501212381406,
    "std": 0.21915702127943726,
    "median": 0.36411070823669434,
    "min": 0.0,
    "max": 1.0,
    "count": 3274
  },
  "depth.building.delta2": {
    "mean": 0.6497965778819261,
    "std": 0.23313054914394907,
    "median": 0.6781017780303955,
    "min": 0.0,
    "max": 1.0,
    "count": 3274
  },
  "depth.building.delta3": {
    "mean": 0.7965053444757839,
    "std": 0.19879765428517893,
    "median": 0.8490500152111053,
    "min": 0.0,
    "max": 1.0,
    "count": 3274
  },
  "depth.building.rmse_log": {
    "mean": 0.556084912345405,
    "std": 0.2941044257004951,
    "median": 0.504554808139801,
    "min": 0.09474644809961319,
    "max": 2.8897273540496826,
    "count": 3274
  },
  "depth.building.si_log": {
    "mean": 0.46751471653062737,
    "std": 0.20961500626710772,
    "median": 0.4534465968608856,
    "min": 0.0005320921773090959,
    "max": 1.6342856884002686,
    "count": 3274
  },
  "depth.non_building.mae": {
    "mean": 3.2610388822704555,
    "std": 1.1504124609476847,
    "median": 3.35323166847229,
    "min": 0.37972792983055115,
    "max": 6.569094657897949,
    "count": 4000
  },
  "depth.non_building.rmse": {
    "mean": 6.10487528680265,
    "std": 2.0752772198108125,
    "median": 6.411109209060669,
    "min": 0.5160501599311829,
    "max": 13.487706184387207,
    "count": 4000
  },
  "depth.non_building.abs_rel": {
    "mean": 0.24527712999004872,
    "std": 0.1295080811812824,
    "median": 0.21522198617458344,
    "min": 0.04747984558343887,
    "max": 0.8526735901832581,
    "count": 4000
  },
  "depth.non_building.sq_rel": {
    "mean": 2.389788334920071,
    "std": 1.8456888954950452,
    "median": 1.9622920155525208,
    "min": 0.03679157420992851,
    "max": 15.395535469055176,
    "count": 4000
  },
  "depth.non_building.delta1": {
    "mean": 0.712936493396759,
    "std": 0.17284047920636447,
    "median": 0.7528288066387177,
    "min": 0.19495755434036255,
    "max": 0.9925020337104797,
    "count": 4000
  },
  "depth.non_building.delta2": {
    "mean": 0.8958285819143057,
    "std": 0.0650360835477809,
    "median": 0.9020842015743256,
    "min": 0.6031784415245056,
    "max": 0.9999999403953552,
    "count": 4000
  },
  "depth.non_building.delta3": {
    "mean": 0.9500546623617411,
    "std": 0.038497476554548986,
    "median": 0.9566712081432343,
    "min": 0.7984110713005066,
    "max": 1.0,
    "count": 4000
  },
  "depth.non_building.rmse_log": {
    "mean": 0.30368519463017585,
    "std": 0.11431536229349358,
    "median": 0.2927626520395279,
    "min": 0.06356664001941681,
    "max": 0.641313374042511,
    "count": 4000
  },
  "depth.non_building.si_log": {
    "mean": 0.2994153617620468,
    "std": 0.1145551021972478,
    "median": 0.28977830708026886,
    "min": 0.05825047940015793,
    "max": 0.6380628943443298,
    "count": 4000
  },
  "normals.full.angular_mean": {
    "mean": 93.15940865135192,
    "std": 2.036098509246895,
    "median": 93.45819473266602,
    "min": 80.16502380371094,
    "max": 97.51668548583984,
    "count": 4000
  },
  "normals.full.angular_median": {
    "mean": 87.05645754432678,
    "std": 1.1358380010427072,
    "median": 87.23878479003906,
    "min": 75.7886962890625,
    "max": 89.2570571899414,
    "count": 4000
  },
  "normals.full.inlier_11_25": {
    "mean": 0.046192385393660516,
    "std": 0.011848311770314068,
    "median": 0.047291213646531105,
    "min": 0.008729363791644573,
    "max": 0.08005663007497787,
    "count": 4000
  },
  "normals.full.inlier_22_5": {
    "mean": 0.0955973285632208,
    "std": 0.012609311978787147,
    "median": 0.09704667329788208,
    "min": 0.03653063252568245,
    "max": 0.1384446620941162,
    "count": 4000
  },
  "normals.full.inlier_30": {
    "mean": 0.11795258790068329,
    "std": 0.010981396940874638,
    "median": 0.1191016286611557,
    "min": 0.06718748062849045,
    "max": 0.1625635325908661,
    "count": 4000
  },
  "normals.building.angular_mean": {
    "mean": 81.85320345133488,
    "std": 5.590260318957287,
    "median": 82.08454513549805,
    "min": 40.259788513183594,
    "max": 123.59471130371094,
    "count": 3274
  },
  "normals.building.angular_median": {
    "mean": 84.54525463473308,
    "std": 5.417628291088285,
    "median": 84.58427047729492,
    "min": 2.320265531539917,
    "max": 103.06613159179688,
    "count": 3274
  },
  "normals.building.inlier_11_25": {
    "mean": 0.05719361700729604,
    "std": 0.04413419392992987,
    "median": 0.046469539403915405,
    "min": 0.0,
    "max": 0.5,
    "count": 3274
  },
  "normals.building.inlier_22_5": {
    "mean": 0.12576719924435475,
    "std": 0.05309776945021473,
    "median": 0.1153917983174324,
    "min": 0.0,
    "max": 0.5833333730697632,
    "count": 3274
  },
  "normals.building.inlier_30": {
    "mean": 0.16285489959228117,
    "std": 0.052776372744651745,
    "median": 0.1531974971294403,
    "min": 0.0,
    "max": 0.625,
    "count": 3274
  },
  "planarity.building.residual_mean": {
    "mean": 0.41655674411151866,
    "std": 0.21740670985108773,
    "median": 0.41098281741142273,
    "min": 0.015679266303777695,
    "max": 6.265372276306152,
    "count": 3183
  },
  "planarity.building.residual_median": {
    "mean": 0.39135757499168755,