{
  "depth.full.mae": {
    "mean": 3.5644057078957556,
    "std": 1.1282345110331993,
    "median": 3.6763304471969604,
    "min": 0.5292766094207764,
    "max": 7.1156110763549805,
    "count": 4000
  },
  "depth.full.rmse": {
    "mean": 6.486937694638968,
    "std": 1.910820595763289,
    "median": 6.818322658538818,
    "min": 0.7727956175804138,
    "max": 11.976019859313965,
    "count": 4000
  },
  "depth.full.abs_rel": {
    "mean": 0.28174900470674036,
    "std": 0.15064164031872557,
    "median": 0.2392888069152832,
    "min": 0.04902771860361099,
    "max": 0.9448593258857727,
    "count": 4000
  },
  "depth.full.sq_rel": {
    "mean": 3.16686207078211,
    "std": 2.4655154208892403,
    "median": 2.495813727378845,
    "min": 0.0671970546245575,
    "max": 24.45850944519043,
    "count": 4000
  },
  "depth.full.delta1": {
    "mean": 0.6816368286088109,
    "std": 0.18643210985659864,
    "median": 0.7341938316822052,
    "min": 0.20249058306217194,
    "max": 0.993939220905304,
    "count": 4000
  },
  "depth.full.delta2": {
    "mean": 0.8815014433264733,
    "std": 0.07055794735823792,
    "median": 0.8932572901248932,
    "min": 0.5646187663078308,
    "max": 0.9997215270996094,
    "count": 4000
  },
  "depth.full.delta3": {
    "mean": 0.9406554055958987,
    "std": 0.0424575721891678,
    "median": 0.9504817724227905,
    "min": 0.7839176654815674,
    "max": 1.0,
    "count": 4000
  },
  "depth.full.rmse_log": {
    "mean": 0.3325282208248973,
    "std": 0.12321547054706934,
    "median": 0.3126956820487976,
    "min": 0.06795425713062286,
    "max": 0.6985406875610352,
    "count": 4000
  },
  "depth.full.si_log": {
    "mean": 0.32922700468078253,
    "std": 0.12331184746594104,
    "median": 0.3088342845439911,
    "min": 0.06795204430818558,
    "max": 0.6981809735298157,
    "count": 4000
  },
  "depth.building.mae": {
    "mean": 8.99266515832972,
    "std": 4.498752060638549,
    "median": 8.549365997314453,
    "min": 0.4405922591686249,
    "max": 29.096969604492188,
    "count": 3309
  },
  "depth.building.rmse": {
    "mean": 11.40134316679213,
    "std": 5.035888335438629,
    "median": 11.220743179321289,
    "min": 0.4998822808265686,
    "max": 31.614078521728516,
    "count": 3309
  },
  "depth.building.abs_rel": {
    "mean": 0.7266055790577438,
    "std": 0.9283807922641838,
    "median": 0.4929511845111847,
    "min": 0.041821569204330444,
    "max": 19.54280662536621,
    "count": 3309
  },
  "depth.building.sq_rel": {
    "mean": 12.73067743095788,
    "std": 21.41248762859317,
    "median": 7.386380672454834,
    "min": 0.032289933413267136,
    "max": 377.8687744140625,
    "count": 3309
  },
  "depth.building.delta1": {
    "mean": 0.4159320328387734,
    "std": 0.2093442798851592,
    "median": 0.3851900100708008,
    "min": 0.0,
    "max": 1.0,
    "count": 3309
  },
  "depth.building.delta2": {
    "mean": 0.6676062835172443,
    "std": 0.2144664657640067,
    "median": 0.6849946975708008,
    "min": 0.0,
    "max": 1.0,
    "count": 3309
  },
  "depth.building.delta3": {
    "mean": 0.8052873286625765,
    "std": 0.17764047808040917,
    "median": 0.8403100967407227,
    "min": 0.0,
    "max": 1.0,
    "count": 3309
  },
  "depth.building.rmse_log": {
    "mean": 0.5527645586394551,
    "std": 0.27667421750356525,
    "median": 0.5111039280891418,
    "min": 0.048469409346580505,
    "max": 2.6802189350128174,
    "count": 3309
  },
  "depth.building.si_log": {
    "mean": 0.47193472311281354,
    "std": 0.21187763137129823,
    "median": 0.45470988750457764,
    "min": 0.0008802615338936448,
    "max": 1.6765046119689941,
    "count": 3309
  },
  "depth.non_building.mae": {
    "mean": 3.285670510903001,
    "std": 1.1454804288360496,
    "median": 3.3507425785064697,
    "min": 0.350019246339798,
    "max": 7.1156110763549805,
    "count": 4000
  },
  "depth.non_building.rmse": {
    "mean": 6.086366617687046,
    "std": 1.9789344937727387,
    "median": 6.4089555740356445,
    "min": 0.4825741648674011,
    "max": 11.976019859313965,
    "count": 4000
  },
  "depth.non_building.abs_rel": {
    "mean": 0.2596260080114007,
    "std": 0.13747706598879636,
    "median": 0.2262032926082611,
    "min": 0.04902771860361099,
    "max": 0.8858734965324402,
    "count": 4000
  },
  "depth.non_building.sq_rel": {
    "mean": 2.7375318361017853,
    "std": 2.2366968002673544,
    "median": 2.141618013381958,
    "min": 0.04986618831753731,
    "max": 19.397214889526367,
    "count": 4000
  },
  "depth.non_building.delta1": {
    "mean": 0.698583002936095,
    "std": 0.18965490639053498,
    "median": 0.7526978552341461,
    "min": 0.17052453756332397,
    "max": 0.993939220905304,
    "count": 4000
  },
  "depth.non_building.delta2": {
    "mean": 0.8948031466603279,
    "std": 0.06514562323777155,
    "median": 0.9049055874347687,
    "min": 0.5646187663078308,
    "max": 1.0,
    "count": 4000
  },
  "depth.non_building.delta3": {
    "mean": 0.9484368132650852,
    "std": 0.03830095565505213,
    "median": 0.9569020569324493,
    "min": 0.7894459962844849,
    "max": 1.0,
    "count": 4000
  },
  "depth.non_building.rmse_log": {
    "mean": 0.313340111957863,
    "std": 0.11751235509450163,
    "median": 0.29788169264793396,
    "min": 0.06795425713062286,
    "max": 0.6472612619400024,
    "count": 4000
  },
  "depth.non_building.si_log": {
    "mean": 0.30867046779580415,
    "std": 0.11749434775584239,
    "median": 0.2934459298849106,
    "min": 0.06232519447803497,
    "max": 0.6410108208656311,
    "count": 4000
  },
  "normals.full.angular_mean": {
    "mean": 93.6476128063202,
    "std": 2.1732241380751973,
    "median": 93.9570083618164,
    "min": 80.45020294189453,
    "max": 100.44910430908203,
    "count": 4000
  },
  "normals.full.angular_median": {
    "mean": 87.04758854484558,
    "std": 1.088098395337307,
    "median": 87.19676971435547,
    "min": 76.40142059326172,
    "max": 89.6364974975586,
    "count": 4000
  },
  "normals.full.inlier_11_25": {
    "mean": 0.04786608703900128,
    "std": 0.012095327477167118,
    "median": 0.04894821345806122,
    "min": 0.00920352153480053,
    "max": 0.0832957923412323,
    "count": 4000
  },
  "normals.full.inlier_22_5": {
    "mean": 0.09560411679092795,
    "std": 0.012497567713267061,
    "median": 0.09686970338225365,
    "min": 0.03701102361083031,
    "max": 0.13895124197006226,
    "count": 4000
  },
  "normals.full.inlier_30": {
    "mean": 0.11700761762447655,
    "std": 0.010855044312415593,
    "median": 0.11769679561257362,
    "min": 0.06730276346206665,
    "max": 0.16389477252960205,
    "count": 4000
  },
  "normals.building.angular_mean": {
    "mean": 82.28667864089071,
    "std": 6.628030991424037,
    "median": 82.70927429199219,
    "min": 6.625070095062256,
    "max": 174.8497314453125,
    "count": 3309
  },
  "normals.building.angular_median": {
    "mean": 85.03025545991775,
    "std": 6.479875445201156,
    "median": 85.29764556884766,
    "min": 1.8386664390563965,
    "max": 172.4353485107422,
    "count": 3309
  },
  "normals.building.inlier_11_25": {
    "mean": 0.0642159895899788,
    "std": 0.05373551772571968,
    "median": 0.04967842251062393,
    "min": 0.0,
    "max": 1.0,
    "count": 3309
  },
  "normals.building.inlier_22_5": {
    "mean": 0.128713579065411,
    "std": 0.060665485438449344,
    "median": 0.1167369857430458,
    "min": 0.0,
    "max": 1.0,
    "count": 3309
  },
  "normals.building.inlier_30": {
    "mean": 0.16362845388416455,
    "std": 0.058873977955534264,
    "median": 0.15333333611488342,
    "min": 0.0,
    "max": 1.0,
    "count": 3309
  },
  "planarity.building.residual_mean": {
    "mean": 0.4132220525415323,
    "std": 0.19023533529497508,
    "median": 0.411613404750824,
    "min": 0.0074856155551970005,
    "max": 4.260010719299316,
    "count": 3200
  },
  "planarity.building.residual_median": {
    "mean": 0.38289530539594124,
    "std": 0.18826200022543232,