{
  "depth.full.mae": {
    "mean": 3.4868293144926428,
    "std": 1.1601328613020299,
    "median": 3.6218554973602295,
    "min": 0.4802177846431732,
    "max": 8.4287691116333,
    "count": 4000
  },
  "depth.full.rmse": {
    "mean": 6.3736920648366215,
    "std": 2.0178839479193282,
    "median": 6.736527681350708,
    "min": 0.705321729183197,
    "max": 13.474213600158691,
    "count": 4000
  },
  "depth.full.abs_rel": {
    "mean": 0.25924773978069426,
    "std": 0.13952613915430534,
    "median": 0.22464874386787415,
    "min": 0.05067051202058792,
    "max": 0.8902691006660461,
    "count": 4000
  },
  "depth.full.sq_rel": {
    "mean": 2.737601927742362,
    "std": 2.142674710694448,
    "median": 2.2324060201644897,
    "min": 0.07960600405931473,
    "max": 21.881940841674805,
    "count": 4000
  },
  "depth.full.delta1": {
    "mean": 0.7005762812308967,
    "std": 0.17222319974934028,
    "median": 0.7367314696311951,
    "min": 0.20457206666469574,
    "max": 0.9882771968841553,
    "count": 4000
  },
  "depth.full.delta2": {
    "mean": 0.8851510753929615,
    "std": 0.07157264852274858,
    "median": 0.8952485918998718,
    "min": 0.6423251628875732,
    "max": 0.9999735951423645,
    "count": 4000
  },
  "depth.full.delta3": {
    "mean": 0.9441104040592909,
    "std": 0.043059633009391945,
    "median": 0.9535956978797913,
    "min": 0.7573552131652832,
    "max": 1.0,
    "count": 4000
  },
  "depth.full.rmse_log": {
    "mean": 0.31773470261506737,
    "std": 0.12074468967490788,
    "median": 0.3031392991542816,
    "min": 0.07348626852035522,
    "max": 0.6442664265632629,
    "count": 4000
  },
  "depth.full.si_log": {
    "mean": 0.3137729816436768,
    "std": 0.12070758260575244,
    "median": 0.29885612428188324,
    "min": 0.0716131180524826,
    "max": 0.6442655920982361,
    "count": 4000
  },
  "depth.non_building.mae": {
    "mean": 3.216031304232776,
    "std": 1.1724119235620791,
    "median": 3.3233190774917603,
    "min": 0.31233879923820496,
    "max": 8.4287691116333,
    "count": 4000
  },
  "depth.non_building.rmse": {
    "mean": 5.98391491729021,
    "std": 2.07517466016437,
    "median": 6.3675947189331055,
    "min": 0.5030453205108643,
    "max": 13.474213600158691,
    "count": 4000
  },
  "depth.non_building.abs_rel": {
    "mean": 0.2402664127126336,
    "std": 0.12798692471796422,
    "median": 0.21364980936050415,
    "min": 0.036068376153707504,
    "max": 0.8393944501876831,
    "count": 4000
  },
  "depth.non_building.sq_rel": {
    "mean": 2.3807945794076657,
    "std": 1.931718910303314,
    "median": 1.9354435205459595,
    "min": 0.026663290336728096,
    "max": 17.542972564697266,
    "count": 4000
  },
  "depth.non_building.delta1": {
    "mean": 0.7181222855299711,
    "std": 0.1736345861159873,
    "median": 0.7554826438426971,
    "min": 0.1690528690814972,
    "max": 0.9964553713798523,
    "count": 4000
  },
  "depth.non_building.delta2": {
    "mean": 0.8976581972837449,
    "std": 0.06593537906530514,
    "median": 0.9067433476448059,
    "min": 0.6427432894706726,
    "max": 0.9999999403953552,
    "count": 4000
  },
  "depth.non_building.delta3": {
    "mean": 0.951087104409933,
    "std": 0.03885146688633503,
    "median": 0.9589484333992004,
    "min": 0.7573552131652832,
    "max": 1.0,
    "count": 4000
  },
  "depth.non_building.rmse_log": {
    "mean": 0.3000308388713747,
    "std": 0.11529151428811263,
    "median": 0.29058457911014557,
    "min": 0.0519588328897953,
    "max": 0.6400101184844971,
    "count": 4000
  },
  "depth.non_building.si_log": {
    "mean": 0.29505981889832766,
    "std": 0.11508949380254878,
    "median": 0.28535470366477966,
    "min": 0.05062428116798401,
    "max": 0.6375724673271179,
    "count": 4000
  },
  "normals.full.angular_mean": {
    "mean": 93.6035433692932,
    "std": 2.029689454650345,
    "median": 93.86320495605469,
    "min": 81.96915435791016,
    "max": 100.52947998046875,
    "count": 4000
  },
  "normals.full.angular_median": {
    "mean": 86.94755045700073,
    "std": 0.9769684692322629,
    "median": 87.0601692199707,
    "min": 78.08012390136719,
    "max": 89.7330322265625,
    "count": 4000
  },
  "normals.full.inlier_11_25": {
    "mean": 0.047383742853300645,
    "std": 0.012582072110682378,
    "median": 0.04861668311059475,
    "min": 0.008698049932718277,
    "max": 0.08444292098283768,
    "count": 4000
  },
  "normals.full.inlier_22_5": {
    "mean": 0.0956863909168169,
    "std": 0.012903311018142663,
    "median": 0.09708505496382713,
    "min": 0.036288920789957047,
    "max": 0.1414879858493805,
    "count": 4000
  },
  "normals.full.inlier_30": {
    "mean": 0.1167643849439919,
    "std": 0.011077332865777778,
    "median": 0.11776243150234222,
    "min": 0.06338843703269958,
    "max": 0.1658685803413391,
    "count": 4000
  },
  "depth.building.mae": {
    "mean": 8.621576828365262,
    "std": 4.777458352828885,
    "median": 8.088232517242432,
    "min": 0.4890548586845398,
    "max": 50.51384735107422,
    "count": 3294
  },
  "depth.building.rmse": {
    "mean": 11.017633283235988,
    "std": 5.378827828710407,
    "median": 10.892913341522217,
    "min": 0.6279072165489197,
    "max": 50.59598159790039,
    "count": 3294
  },
  "depth.building.abs_rel": {
    "mean": 0.6106526319923713,
    "std": 0.6421944680636625,
    "median": 0.44976119697093964,
    "min": 0.05439070612192154,
    "max": 13.078418731689453,
    "count": 3294
  },
  "depth.building.sq_rel": {
    "mean": 10.129277323524773,
    "std": 15.42719339611034,
    "median": 6.205940246582031,
    "min": 0.0581229031085968,
    "max": 340.8924865722656,
    "count": 3294
  },
  "depth.building.delta1": {
    "mean": 0.4375159747636485,
    "std": 0.2148457310140981,
    "median": 0.39985133707523346,
    "min": 0.0,
    "max": 1.0,
    "count": 3294
  },
  "depth.building.delta2": {
    "mean": 0.6919020495420456,
    "std": 0.2054447155924289,
    "median": 0.7083726227283478,
    "min": 0.0,
    "max": 1.0,
    "count": 3294
  },
  "depth.building.delta3": {
    "mean": 0.827229410366952,
    "std": 0.15947254749160242,
    "median": 0.8605924844741821,
    "min": 0.0,
    "max": 1.0,
    "count": 3294
  },
  "depth.building.rmse_log": {
    "mean": 0.5174587412935788,
    "std": 0.2494025058012376,
    "median": 0.4885357469320297,
    "min": 0.06333107501268387,
    "max": 2.5278074741363525,
    "count": 3294
  },
  "depth.building.si_log": {
    "mean": 0.4613937361500531,
    "std": 0.21259025801407436,
    "median": 0.44488170742988586,
    "min": 0.0005725605296902359,
    "max": 1.6128356456756592,
    "count": 3294
  },
  "normals.building.angular_mean": {
    "mean": 82.67058794963121,
    "std": 5.6626908127892355,
    "median": 82.71915817260742,
    "min": 42.72062683105469,
    "max": 149.20314025878906,
    "count": 3294
  },
  "normals.building.angular_median": {
    "mean": 84.91152297965526,
    "std": 5.129865899447621,
    "median": 85.00185012817383,
    "min": 4.424786567687988,
    "max": 171.86534118652344,
    "count": 3294
  },
  "normals.building.inlier_11_25": {
    "mean": 0.058190750093021194,
    "std": 0.042433059409687036,
    "median": 0.048379555344581604,
    "min": 0.0,
    "max": 0.5,
    "count": 3294
  },
  "normals.building.inlier_22_5": {
    "mean": 0.12214987190597497,
    "std": 0.05101389889829412,
    "median": 0.1131746657192707,
    "min": 0.0,
    "max": 0.5,
    "count": 3294
  },
  "normals.building.inlier_30": {
    "mean": 0.15767077079837838,
    "std": 0.04973962093387789,
    "median": 0.15041529387235641,
    "min": 0.0,
    "max": 0.5,
    "count": 3294
  },
  "planarity.building.residual_mean": {
    "mean": 0.3880793537735418,
    "std": 0.17525045956611307,
    "median": 0.3908184766769409,
    "min": 0.007357943803071976,
    "max": 3.5302531719207764,
    "count": 3233
  },
  "planarity.building.residual_median": {
    "mean": 0.3593304214974306,