{
  "depth.full.mae": {
    "mean": 7.248719600185752,
    "std": 2.115595970666441,
    "median": 7.527942419052124,
    "min": 0.4689226746559143,
    "max": 12.441805839538574,
    "count": 4000
  },
  "depth.full.rmse": {
    "mean": 11.486535548835993,
    "std": 3.6020903019691786,
    "median": 12.026042461395264,
    "min": 0.6306197047233582,
    "max": 19.880041122436523,
    "count": 4000
  },
  "depth.full.abs_rel": {
    "mean": 0.5256767001748085,
    "std": 0.11217921372561972,
    "median": 0.5292108952999115,
    "min": 0.0838891938328743,
    "max": 0.9230756163597107,
    "count": 4000
  },
  "depth.full.sq_rel": {
    "mean": 5.05974817452021,
    "std": 1.7224098728006931,
    "median": 5.295211315155029,
    "min": 0.0767730250954628,
    "max": 10.458582878112793,
    "count": 4000
  },
  "depth.full.delta1": {
    "mean": 0.2698708766605705,
    "std": 0.10321661830987695,
    "median": 0.24434977769851685,
    "min": 0.09621752053499222,
    "max": 0.916640043258667,
    "count": 4000
  },
  "depth.full.delta2": {
    "mean": 0.5117252560704947,
    "std": 0.10990711563546032,
    "median": 0.4867040663957596,
    "min": 0.3248073160648346,
    "max": 0.9999256730079651,
    "count": 4000
  },
  "depth.full.delta3": {
    "mean": 0.722906787276268,
    "std": 0.087386340310169,
    "median": 0.7068026959896088,
    "min": 0.5299927592277527,
    "max": 1.0,
    "count": 4000
  },
  "depth.full.rmse_log": {
    "mean": 0.6226361439973116,
    "std": 0.10944054611558003,
    "median": 0.6456621289253235,
    "min": 0.11190243065357208,
    "max": 0.8506242036819458,
    "count": 4000
  },
  "depth.full.si_log": {
    "mean": 0.6178138995300978,
    "std": 0.10972704922127362,
    "median": 0.6415559351444244,
    "min": 0.10930734127759933,
    "max": 0.8503727316856384,
    "count": 4000
  },
  "depth.building.mae": {
    "mean": 15.814875590955266,
    "std": 10.008840787834554,
    "median": 13.200056552886963,
    "min": 0.2847646474838257,
    "max": 53.98175811767578,
    "count": 3328
  },
  "depth.building.rmse": {
    "mean": 19.025709709483916,
    "std": 10.64344782789424,
    "median": 17.177349090576172,
    "min": 0.2899530231952667,
    "max": 55.92924880981445,
    "count": 3328
  },
  "depth.building.abs_rel": {
    "mean": 0.7478056661023472,
    "std": 0.8008374908299128,
    "median": 0.6086933016777039,
    "min": 0.04360594600439072,
    "max": 18.44192886352539,
    "count": 3328
  },
  "depth.building.sq_rel": {
    "mean": 12.636183166029067,
    "std": 10.497266136997853,
    "median": 10.67773151397705,
    "min": 0.012871647253632545,
    "max": 178.56881713867188,
    "count": 3328
  },
  "depth.building.delta1": {
    "mean": 0.14267613596758094,
    "std": 0.1683352485501504,
    "median": 0.09884502366185188,
    "min": 0.0,
    "max": 1.0,
    "count": 3328
  },
  "depth.building.delta2": {
    "mean": 0.2890233742887045,
    "std": 0.2522641792937134,
    "median": 0.24205488711595535,
    "min": 0.0,
    "max": 1.0,
    "count": 3328
  },
  "depth.building.delta3": {
    "mean": 0.43728175308806033,
    "std": 0.2840408021455815,
    "median": 0.4213389903306961,
    "min": 0.0,
    "max": 1.0,
    "count": 3328
  },
  "depth.building.rmse_log": {
    "mean": 0.8883702998584619,
    "std": 0.3101814268784699,
    "median": 0.8892749547958374,
    "min": 0.04545610025525093,
    "max": 2.9674313068389893,
    "count": 3328
  },
  "depth.building.si_log": {
    "mean": 0.5396092877767317,
    "std": 0.2799976742043815,
    "median": 0.5171227753162384,
    "min": 0.0,
    "max": 1.7168391942977905,
    "count": 3328
  },
  "depth.non_building.mae": {
    "mean": 6.837043207287788,
    "std": 2.1076721803092147,
    "median": 7.086151599884033,
    "min": 0.3832884132862091,
    "max": 12.17306900024414,
    "count": 4000
  },
  "depth.non_building.rmse": {
    "mean": 10.887286713898181,
    "std": 3.6086324806812193,
    "median": 11.547698974609375,
    "min": 0.5125136375427246,
    "max": 19.3104248046875,
    "count": 4000
  },
  "depth.non_building.abs_rel": {
    "mean": 0.5188394826464355,
    "std": 0.10651064503797689,
    "median": 0.5233956873416901,
    "min": 0.06752075999975204,
    "max": 1.1839838027954102,
    "count": 4000
  },
  "depth.non_building.sq_rel": {
    "mean": 4.744670673380606,
    "std": 1.6862801847783166,
    "median": 4.947285890579224,
    "min": 0.043046075850725174,
    "max": 11.111557006835938,
    "count": 4000
  },
  "depth.non_building.delta1": {
    "mean": 0.2766337925866246,
    "std": 0.10174916546520005,
    "median": 0.2525445967912674,
    "min": 0.11686132848262787,
    "max": 0.9745661020278931,
    "count": 4000
  },
  "depth.non_building.delta2": {
    "mean": 0.5243479345738887,
    "std": 0.11038646715827112,
    "median": 0.49979346990585327,
    "min": 0.3248073160648346,
    "max": 0.9999999403953552,
    "count": 4000
  },
  "depth.non_building.delta3": {
    "mean": 0.7384039038419723,
    "std": 0.08834910478820372,
    "median": 0.7237600088119507,
    "min": 0.5299927592277527,
    "max": 1.0,
    "count": 4000
  },
  "depth.non_building.rmse_log": {
    "mean": 0.6053382701836526,
    "std": 0.10864221529049024,
    "median": 0.6285097897052765,
    "min": 0.08819165080785751,
    "max": 0.8506275415420532,
    "count": 4000
  },
  "depth.non_building.si_log": {
    "mean": 0.5992657656837255,
    "std": 0.11334002163611658,
    "median": 0.6249760389328003,
    "min": 0.08819002658128738,
    "max": 0.8503754734992981,
    "count": 4000
  },
  "normals.full.angular_mean": {
    "mean": 79.05129531478882,
    "std": 1.0575815947363265,
    "median": 79.23587799072266,
    "min": 73.46663665771484,
    "max": 81.71348571777344,
    "count": 4000
  },
  "normals.full.angular_median": {
    "mean": 80.21209907722474,
    "std": 1.107729553356481,
    "median": 80.34213256835938,
    "min": 71.9452133178711,
    "max": 83.22037506103516,
    "count": 4000
  },
  "normals.full.inlier_11_25": {
    "mean": 0.011679893518681638,
    "std": 0.0028958130433337573,
    "median": 0.010933362878859043,
    "min": 0.007697660941630602,
    "max": 0.035327568650245667,
    "count": 4000
  },
  "normals.full.inlier_22_5": {
    "mean": 0.042818779562599954,
    "std": 0.009471705135911031,
    "median": 0.040305787697434425,
    "min": 0.03119540959596634,
    "max": 0.11301101744174957,
    "count": 4000
  },
  "normals.full.inlier_30": {
    "mean": 0.08011683234199882,
    "std": 0.012120448336090875,
    "median": 0.077302485704422,
    "min": 0.06342748552560806,
    "max": 0.1650191992521286,
    "count": 4000
  },
  "normals.building.angular_mean": {
    "mean": 76.10477210581303,
    "std": 3.0437852518238984,
    "median": 76.07713317871094,
    "min": 51.422096252441406,
    "max": 150.2293701171875,
    "count": 3328
  },
  "normals.building.angular_median": {
    "mean": 75.98626098036766,
    "std": 4.3393394148945825,
    "median": 76.4182014465332,
    "min": 47.40702438354492,
    "max": 175.47052001953125,
    "count": 3328
  },
  "normals.building.inlier_11_25": {
    "mean": 0.011990296201474848,
    "std": 0.007130382966872549,
    "median": 0.011315743904560804,
    "min": 0.0,
    "max": 0.1428571492433548,
    "count": 3328
  },
  "normals.building.inlier_22_5": {
    "mean": 0.046647456707432866,
    "std": 0.021032566364520187,
    "median": 0.044366056099534035,
    "min": 0.0,
    "max": 0.375,
    "count": 3328
  },
  "normals.building.inlier_30": {
    "mean": 0.08160990069742323,
    "std": 0.02606984159104985,
    "median": 0.07831679284572601,
    "min": 0.0,
    "max": 0.375,
    "count": 3328
  },
  "planarity.building.residual_mean": {
    "mean": 0.2913175906571755,
    "std": 0.1990163440709576,
    "median": 0.2578631043434143,
    "min": 0.00816256832331419,
    "max": 3.359511137008667,
    "count": 3215
  },
  "planarity.building.residual_median": {
    "mean": 0.26137398461583844,