{
  "depth.full.mae": {
    "mean": 7.30596030484885,
    "std": 2.1929612397316944,
    "median": 7.599786758422852,
    "min": 0.4702238440513611,
    "max": 12.325451850891113,
    "count": 4000
  },
  "depth.full.rmse": {
    "mean": 11.490699376970529,
    "std": 3.7055572425714445,
    "median": 12.12019968032837,
    "min": 0.6326335668563843,
    "max": 20.05949592590332,
    "count": 4000
  },
  "depth.full.abs_rel": {
    "mean": 0.5297608171943575,
    "std": 0.11902327491575951,
    "median": 0.535531610250473,
    "min": 0.08412761986255646,
    "max": 0.9786245822906494,
    "count": 4000
  },
  "depth.full.sq_rel": {
    "mean": 5.128798483384773,
    "std": 1.8275687633471116,
    "median": 5.397483587265015,
    "min": 0.07727104425430298,
    "max": 12.248379707336426,
    "count": 4000
  },
  "depth.full.delta1": {
    "mean": 0.2709445096217096,
    "std": 0.1109664660726117,
    "median": 0.24099905043840408,
    "min": 0.1145973652601242,
    "max": 0.9158439040184021,
    "count": 4000
  },
  "depth.full.delta2": {
    "mean": 0.5094436175376177,
    "std": 0.11692346494421846,
    "median": 0.4803757518529892,
    "min": 0.3306075632572174,
    "max": 0.9999256730079651,
    "count": 4000
  },
  "depth.full.delta3": {
    "mean": 0.7199612475782633,
    "std": 0.09288214056271768,
    "median": 0.701187938451767,
    "min": 0.5232780575752258,
    "max": 1.0,
    "count": 4000
  },
  "depth.full.rmse_log": {
    "mean": 0.6229921585265547,
    "std": 0.11779096520406293,
    "median": 0.6500880420207977,
    "min": 0.1122354194521904,
    "max": 0.8613789081573486,
    "count": 4000
  },
  "depth.full.si_log": {
    "mean": 0.6181897891685366,
    "std": 0.11821108849271597,
    "median": 0.6458733975887299,
    "min": 0.10965345799922943,
    "max": 0.8599891066551208,
    "count": 4000
  },
  "depth.building.mae": {
    "mean": 16.09711356494182,
    "std": 10.358341655168516,
    "median": 13.406316757202148,
    "min": 0.1367201805114746,
    "max": 63.34652328491211,
    "count": 3283
  },
  "depth.building.rmse": {
    "mean": 19.266390067341668,
    "std": 10.963309712338686,
    "median": 17.458988189697266,
    "min": 0.13674797117710114,
    "max": 63.357601165771484,
    "count": 3283
  },
  "depth.building.abs_rel": {
    "mean": 0.8062629406968772,
    "std": 1.1914236979696575,
    "median": 0.617134153842926,
    "min": 0.012567928992211819,
    "max": 36.73019027709961,
    "count": 3283
  },
  "depth.building.sq_rel": {
    "mean": 13.529409407888965,
    "std": 15.253498006915281,
    "median": 11.220606803894043,
    "min": 0.001718988292850554,
    "max": 497.4134826660156,
    "count": 3283
  },
  "depth.building.delta1": {
    "mean": 0.1461061437653463,
    "std": 0.18374115352608666,
    "median": 0.09783294796943665,
    "min": 0.0,
    "max": 1.0,
    "count": 3283
  },
  "depth.building.delta2": {
    "mean": 0.2868075849056971,
    "std": 0.25942597042533205,
    "median": 0.2337488979101181,
    "min": 0.0,
    "max": 1.0,
    "count": 3283
  },
  "depth.building.delta3": {
    "mean": 0.42980695379605194,
    "std": 0.28567454739659376,
    "median": 0.411436527967453,
    "min": 0.0,
    "max": 1.0,
    "count": 3283
  },
  "depth.building.rmse_log": {
    "mean": 0.9018115621015311,
    "std": 0.33303811506741376,
    "median": 0.9101586937904358,
    "min": 0.012492005713284016,
    "max": 3.608929395675659,
    "count": 3283
  },
  "depth.building.si_log": {
    "mean": 0.5427745111832317,
    "std": 0.28186974161056616,
    "median": 0.5164746046066284,
    "min": 0.0,
    "max": 1.7163963317871094,
    "count": 3283
  },
  "depth.non_building.mae": {
    "mean": 6.877204980045557,
    "std": 2.175148448600652,
    "median": 7.238262176513672,
    "min": 0.383440226316452,
    "max": 12.325451850891113,
    "count": 4000
  },
  "depth.non_building.rmse": {
    "mean": 10.856916451469063,
    "std": 3.6826296967612713,
    "median": 11.613601684570312,
    "min": 0.5121037364006042,
    "max": 20.05949592590332,
    "count": 4000
  },
  "depth.non_building.abs_rel": {
    "mean": 0.5217825344502925,
    "std": 0.11140907620579416,
    "median": 0.5282014310359955,
    "min": 0.06757362931966782,
    "max": 0.9786245822906494,
    "count": 4000
  },
  "depth.non_building.sq_rel": {
    "mean": 4.788161808229051,
    "std": 1.7804595924176787,
    "median": 4.979089975357056,
    "min": 0.04299895465373993,
    "max": 12.195277214050293,
    "count": 4000
  },
  "depth.non_building.delta1": {
    "mean": 0.27715723106265067,
    "std": 0.10769374287137128,
    "median": 0.24883133172988892,
    "min": 0.12955670058727264,
    "max": 0.9747157096862793,
    "count": 4000
  },
  "depth.non_building.delta2": {
    "mean": 0.5221185389831662,
    "std": 0.11651278314415202,
    "median": 0.4943012595176697,
    "min": 0.33469250798225403,
    "max": 0.9999999403953552,
    "count": 4000
  },
  "depth.non_building.delta3": {
    "mean": 0.7361344236433506,
    "std": 0.0933596283118004,
    "median": 0.7195847034454346,
    "min": 0.5232780575752258,
    "max": 1.0,
    "count": 4000
  },
  "depth.non_building.rmse_log": {
    "mean": 0.6045415571797639,
    "std": 0.11557697437949964,
    "median": 0.6282457113265991,
    "min": 0.08813119679689407,
    "max": 0.8576224446296692,
    "count": 4000
  },
  "depth.non_building.si_log": {
    "mean": 0.5982333918213845,
    "std": 0.12108244188928832,
    "median": 0.6253128945827484,
    "min": 0.08812606334686279,
    "max": 0.8565009236335754,
    "count": 4000
  },
  "normals.full.angular_mean": {
    "mean": 78.98430705261231,
    "std": 1.0724685113323096,
    "median": 79.160400390625,
    "min": 73.42509460449219,
    "max": 81.87554931640625,
    "count": 4000
  },
  "normals.full.angular_median": {
    "mean": 80.23071707725525,
    "std": 1.147738643908552,
    "median": 80.32247161865234,
    "min": 71.96536254882812,
    "max": 83.2474136352539,
    "count": 4000
  },
  "normals.full.inlier_11_25": {
    "mean": 0.01169373044418171,
    "std": 0.0030741631264679633,
    "median": 0.010815287008881569,
    "min": 0.008038517087697983,
    "max": 0.03569842129945755,
    "count": 4000
  },
  "normals.full.inlier_22_5": {
    "mean": 0.04295608491916209,
    "std": 0.010052583158633598,
    "median": 0.04001630283892155,
    "min": 0.03134453296661377,
    "max": 0.11413368582725525,
    "count": 4000
  },
  "normals.full.inlier_30": {
    "mean": 0.08010576117411256,
    "std": 0.012808357111728093,
    "median": 0.07674705609679222,
    "min": 0.06298331171274185,
    "max": 0.16591112315654755,
    "count": 4000
  },
  "normals.building.angular_mean": {
    "mean": 76.18545698850866,
    "std": 3.6521183212752,
    "median": 76.03587341308594,
    "min": 43.64866256713867,
    "max": 173.41925048828125,
    "count": 3283
  },
  "normals.building.angular_median": {
    "mean": 76.27079987910838,
    "std": 4.528391239627784,
    "median": 76.64030456542969,
    "min": 35.83639907836914,
    "max": 171.13995361328125,
    "count": 3283
  },
  "normals.building.inlier_11_25": {
    "mean": 0.012297520461794928,
    "std": 0.010009012070684414,
    "median": 0.011339475400745869,
    "min": 0.0,
    "max": 0.25,
    "count": 3283
  },
  "normals.building.inlier_22_5": {
    "mean": 0.04756902996861999,
    "std": 0.021792523852619834,
    "median": 0.044914137572050095,
    "min": 0.0,
    "max": 0.375,
    "count": 3283
  },
  "normals.building.inlier_30": {
    "mean": 0.08290687966564153,
    "std": 0.027296908338541332,
    "median": 0.07934508472681046,
    "min": 0.0,
    "max": 0.375,
    "count": 3283
  },
  "planarity.building.residual_mean": {
    "mean": 0.31205928589263227,
    "std": 0.29181565504203344,
    "median": 0.267408087849617,
    "min": 0.008002834394574165,
    "max": 4.82523250579834,
    "count": 3168
  },
  "planarity.building.residual_median": {
    "mean": 0.28148325611637304,
    "std": 0.2926315361964788,