{
  "depth.full.mae": {
    "mean": 7.357378138296306,
    "std": 2.1781795078407775,
    "median": 7.699201822280884,
    "min": 0.463674932718277,
    "max": 12.436992645263672,
    "count": 4000
  },
  "depth.full.rmse": {
    "mean": 11.572241847261786,
    "std": 3.7228785374390907,
    "median": 12.200136184692383,
    "min": 0.6203458905220032,
    "max": 20.175262451171875,
    "count": 4000
  },
  "depth.full.abs_rel": {
    "mean": 0.5319748724643141,
    "std": 0.11491651940703076,
    "median": 0.5389344990253448,
    "min": 0.08292408287525177,
    "max": 0.9334086179733276,
    "count": 4000
  },
  "depth.full.sq_rel": {
    "mean": 5.183246558332816,
    "std": 1.8193330528771576,
    "median": 5.4204089641571045,
    "min": 0.07418540120124817,
    "max": 10.237140655517578,
    "count": 4000
  },
  "depth.full.delta1": {
    "mean": 0.26986425948515536,
    "std": 0.10579391628321368,
    "median": 0.24227886646986008,
    "min": 0.09707033634185791,
    "max": 0.9212662577629089,
    "count": 4000
  },
  "depth.full.delta2": {
    "mean": 0.5082488502040505,
    "std": 0.11473408789251757,
    "median": 0.47927050292491913,
    "min": 0.3192104697227478,
    "max": 0.9999132752418518,
    "count": 4000
  },
  "depth.full.delta3": {
    "mean": 0.7156016396284104,
    "std": 0.09227180298629933,
    "median": 0.6965717673301697,
    "min": 0.5177498459815979,
    "max": 1.0,
    "count": 4000
  },
  "depth.full.rmse_log": {
    "mean": 0.6263241408616305,
    "std": 0.11589753718800622,
    "median": 0.6522113382816315,
    "min": 0.11014591157436371,
    "max": 0.9229651689529419,
    "count": 4000
  },
  "depth.full.si_log": {
    "mean": 0.6215635876860469,
    "std": 0.1161588010363126,
    "median": 0.6483677327632904,
    "min": 0.10714001208543777,
    "max": 0.9191338419914246,
    "count": 4000
  },
  "depth.building.mae": {
    "mean": 16.0078828236889,
    "std": 9.86473595034724,
    "median": 13.798236846923828,
    "min": 0.21321198344230652,
    "max": 52.48957824707031,
    "count": 3319
  },
  "depth.building.rmse": {
    "mean": 19.242616736855663,
    "std": 10.544211475085254,
    "median": 17.653833389282227,
    "min": 0.22211091220378876,
    "max": 54.536834716796875,
    "count": 3319
  },
  "depth.building.abs_rel": {
    "mean": 0.6951679447371177,
    "std": 0.6945473236675206,
    "median": 0.6038680076599121,
    "min": 0.02170889638364315,
    "max": 22.235565185546875,
    "count": 3319
  },
  "depth.building.sq_rel": {
    "mean": 12.354304897056796,
    "std": 10.307087717823158,
    "median": 10.750859260559082,
    "min": 0.006052346900105476,
    "max": 265.0127868652344,
    "count": 3319
  },
  "depth.building.delta1": {
    "mean": 0.14713022225452943,
    "std": 0.17865572437829044,
    "median": 0.09923664480447769,
    "min": 0.0,
    "max": 1.0,
    "count": 3319
  },
  "depth.building.delta2": {
    "mean": 0.29294360812342213,
    "std": 0.2534255485518795,
    "median": 0.23694293200969696,
    "min": 0.0,
    "max": 1.0,
    "count": 3319
  },
  "depth.building.delta3": {
    "mean": 0.44119414130818413,
    "std": 0.28216584720454707,
    "median": 0.42018070816993713,
    "min": 0.0,
    "max": 1.0,
    "count": 3319
  },
  "depth.building.rmse_log": {
    "mean": 0.8790064731275516,
    "std": 0.30485269453349756,
    "median": 0.8883208632469177,
    "min": 0.023688510060310364,
    "max": 2.891913890838623,
    "count": 3319
  },
  "depth.building.si_log": {
    "mean": 0.5422879184814489,
    "std": 0.27069965613746894,
    "median": 0.5221537947654724,
    "min": 0.0,
    "max": 1.6229054927825928,
    "count": 3319
  },
  "depth.non_building.mae": {
    "mean": 6.923895423978567,
    "std": 2.1706377862226343,
    "median": 7.247974634170532,
    "min": 0.3881974518299103,
    "max": 12.436992645263672,
    "count": 4000
  },
  "depth.non_building.rmse": {
    "mean": 10.943998111546039,
    "std": 3.7267872332103287,
    "median": 11.636110305786133,
    "min": 0.5199998021125793,
    "max": 20.175262451171875,
    "count": 4000
  },
  "depth.non_building.abs_rel": {
    "mean": 0.525208646768704,
    "std": 0.10820312243030351,
    "median": 0.5322962701320648,
    "min": 0.06843692809343338,
    "max": 1.1812443733215332,
    "count": 4000
  },
  "depth.non_building.sq_rel": {
    "mean": 4.85130204867851,
    "std": 1.77993589539665,
    "median": 5.072555065155029,
    "min": 0.04449121281504631,
    "max": 11.159125328063965,
    "count": 4000
  },
  "depth.non_building.delta1": {
    "mean": 0.27660104001685976,
    "std": 0.10252695499860515,
    "median": 0.25010545551776886,
    "min": 0.11767280101776123,
    "max": 0.973069965839386,
    "count": 4000
  },
  "depth.non_building.delta2": {
    "mean": 0.5211507076174021,
    "std": 0.1140613038544175,
    "median": 0.49280835688114166,
    "min": 0.3296756148338318,
    "max": 0.9999999403953552,
    "count": 4000
  },
  "depth.non_building.delta3": {
    "mean": 0.73137480263412,
    "std": 0.09273990712098637,
    "median": 0.7142799198627472,
    "min": 0.5177498459815979,
    "max": 1.0,
    "count": 4000
  },
  "depth.non_building.rmse_log": {
    "mean": 0.6084722445085645,
    "std": 0.11417523049559433,
    "median": 0.6321232318878174,
    "min": 0.08961338549852371,
    "max": 0.9100532531738281,
    "count": 4000
  },
  "depth.non_building.si_log": {
    "mean": 0.6019792881105095,
    "std": 0.11971336115822954,
    "median": 0.6290089786052704,
    "min": 0.0896124392747879,
    "max": 0.903190553188324,
    "count": 4000
  },
  "normals.full.angular_mean": {
    "mean": 78.85870166969299,
    "std": 0.9791574919428578,
    "median": 79.00701904296875,
    "min": 73.2338638305664,
    "max": 81.36882019042969,
    "count": 4000
  },
  "normals.full.angular_median": {
    "mean": 80.79726874732971,
    "std": 1.1503440863724919,
    "median": 80.94786834716797,
    "min": 72.38646697998047,
    "max": 83.92244720458984,
    "count": 4000
  },
  "normals.full.inlier_11_25": {
    "mean": 0.014364150535548105,
    "std": 0.002442850562498626,
    "median": 0.013754609506577253,
    "min": 0.009852083399891853,
    "max": 0.03407463803887367,
    "count": 4000
  },
  "normals.full.inlier_22_5": {
    "mean": 0.05098419050872326,
    "std": 0.008066130406567958,
    "median": 0.04889889061450958,
    "min": 0.03704676777124405,
    "max": 0.1126343160867691,
    "count": 4000
  },
  "normals.full.inlier_30": {
    "mean": 0.09018361315503716,
    "std": 0.010523405189859907,
    "median": 0.08798043429851532,
    "min": 0.07307901233434677,
    "max": 0.1649940460920334,
    "count": 4000
  },
  "normals.building.angular_mean": {
    "mean": 76.404887017517,
    "std": 3.2429027400240105,
    "median": 76.06881713867188,
    "min": 59.12206268310547,
    "max": 170.95416259765625,
    "count": 3319
  },
  "normals.building.angular_median": {
    "mean": 80.60733685632827,
    "std": 3.3146571941559806,
    "median": 80.8187255859375,
    "min": 50.29531478881836,
    "max": 169.14019775390625,
    "count": 3319
  },
  "normals.building.inlier_11_25": {
    "mean": 0.02069523115410871,
    "std": 0.010012094655016113,
    "median": 0.019788246601819992,
    "min": 0.0,
    "max": 0.25,
    "count": 3319
  },
  "normals.building.inlier_22_5": {
    "mean": 0.07360908057390252,
    "std": 0.023997880114749355,
    "median": 0.07159624248743057,
    "min": 0.0,
    "max": 0.3333333432674408,
    "count": 3319
  },
  "normals.building.inlier_30": {
    "mean": 0.11683084692499586,
    "std": 0.02999675380112489,
    "median": 0.11478029191493988,
    "min": 0.0,
    "max": 0.3333333432674408,
    "count": 3319
  },
  "planarity.building.residual_mean": {
    "mean": 0.3063898446912376,
    "std": 0.25427948083631136,
    "median": 0.2661590874195099,
    "min": 0.008986302651464939,
    "max": 3.916914224624634,
    "count": 3250
  },
  "planarity.building.residual_median": {
    "mean": 0.2768432685638276,