{
  "depth.full.mae": {
    "mean": 3.473242186278105,
    "std": 1.116626014646425,
    "median": 3.6064149141311646,
    "min": 0.48710834980010986,
    "max": 9.657612800598145,
    "count": 4000
  },
  "depth.full.rmse": {
    "mean": 6.382830884799361,
    "std": 1.9462163204493426,
    "median": 6.737784385681152,
    "min": 0.7167151570320129,
    "max": 15.709541320800781,
    "count": 4000
  },
  "depth.full.abs_rel": {
    "mean": 0.2605674854079261,
    "std": 0.14034948924496,
    "median": 0.217950738966465,
    "min": 0.055183567106723785,
    "max": 0.8973250389099121,
    "count": 4000
  },
  "depth.full.sq_rel": {
    "mean": 2.7334442628771067,
    "std": 2.117769556619129,
    "median": 2.1939176321029663,
    "min": 0.08225990831851959,
    "max": 22.180328369140625,
    "count": 4000
  },
  "depth.full.delta1": {
    "mean": 0.6971715183481574,
    "std": 0.17414658126689653,
    "median": 0.7381273508071899,
    "min": 0.21536214649677277,
    "max": 0.98735111951828,
    "count": 4000
  },
  "depth.full.delta2": {
    "mean": 0.8834001026004553,
    "std": 0.07274302801943731,
    "median": 0.895662248134613,
    "min": 0.6428418755531311,
    "max": 0.999762237071991,
    "count": 4000
  },
  "depth.full.delta3": {
    "mean": 0.9426825553774834,
    "std": 0.044195177378386255,
    "median": 0.9543181955814362,
    "min": 0.7569901943206787,
    "max": 1.0,
    "count": 4000
  },
  "depth.full.rmse_log": {
    "mean": 0.3203448849003762,
    "std": 0.11999103392612419,
    "median": 0.2993258237838745,
    "min": 0.07503597438335419,
    "max": 0.6856558322906494,
    "count": 4000
  },
  "depth.full.si_log": {
    "mean": 0.3164316996820271,
    "std": 0.12005582669629668,
    "median": 0.2956787794828415,
    "min": 0.07257238775491714,
    "max": 0.6849600672721863,
    "count": 4000
  },
  "depth.building.mae": {
    "mean": 8.78865035865562,
    "std": 4.704337322127828,
    "median": 8.2415132522583,
    "min": 0.3395375609397888,
    "max": 34.11082458496094,
    "count": 3337
  },
  "depth.building.rmse": {
    "mean": 11.147731451331623,
    "std": 5.2742132153886665,
    "median": 10.945008277893066,
    "min": 0.3468889892101288,
    "max": 38.45047378540039,
    "count": 3337
  },
  "depth.building.abs_rel": {
    "mean": 0.6142350795427892,
    "std": 0.6366729256460634,
    "median": 0.4579585790634155,
    "min": 0.03781053423881531,
    "max": 8.384047508239746,
    "count": 3337
  },
  "depth.building.sq_rel": {
    "mean": 10.181715333146055,
    "std": 16.212545434887286,
    "median": 6.402441024780273,
    "min": 0.0297105573117733,
    "max": 333.3128356933594,
    "count": 3337
  },
  "depth.building.delta1": {
    "mean": 0.42268305798171435,
    "std": 0.21399846510668025,
    "median": 0.38478192687034607,
    "min": 0.0,
    "max": 1.0,
    "count": 3337
  },
  "depth.building.delta2": {
    "mean": 0.6812464545298382,
    "std": 0.20969945925993802,
    "median": 0.696891188621521,
    "min": 0.0,
    "max": 1.0,
    "count": 3337
  },
  "depth.building.delta3": {
    "mean": 0.8192465309570534,
    "std": 0.1702983010699629,
    "median": 0.8532745242118835,
    "min": 0.0,
    "max": 1.0,
    "count": 3337
  },
  "depth.building.rmse_log": {
    "mean": 0.522908222559892,
    "std": 0.24850860608450462,
    "median": 0.4924546778202057,
    "min": 0.037287358194589615,
    "max": 2.2389402389526367,
    "count": 3337
  },
  "depth.building.si_log": {
    "mean": 0.4553236999263219,
    "std": 0.20576521653568397,
    "median": 0.4421713054180145,
    "min": 0.0,
    "max": 1.6754150390625,
    "count": 3337
  },
  "depth.non_building.mae": {
    "mean": 3.1981700204461814,
    "std": 1.1130920848189696,
    "median": 3.298502564430237,
    "min": 0.3170522153377533,
    "max": 9.657612800598145,
    "count": 4000
  },
  "depth.non_building.rmse": {
    "mean": 5.997806195832789,
    "std": 1.991950698861899,
    "median": 6.366827011108398,
    "min": 0.4709233343601227,
    "max": 15.709541320800781,
    "count": 4000
  },
  "depth.non_building.abs_rel": {
    "mean": 0.24091327991336584,
    "std": 0.12799870232695024,
    "median": 0.2064765766263008,
    "min": 0.03615507110953331,
    "max": 0.8453041911125183,
    "count": 4000
  },
  "depth.non_building.sq_rel": {
    "mean": 2.3755403025853448,
    "std": 1.9165198622367061,
    "median": 1.9168774485588074,
    "min": 0.02695554867386818,
    "max": 17.825685501098633,
    "count": 4000
  },
  "depth.non_building.delta1": {
    "mean": 0.7149118903838098,
    "std": 0.17524051990281062,
    "median": 0.7556687295436859,
    "min": 0.21200138330459595,
    "max": 0.9965018630027771,
    "count": 4000
  },
  "depth.non_building.delta2": {
    "mean": 0.8965416711270809,
    "std": 0.06593209355875479,
    "median": 0.9055638909339905,
    "min": 0.6432054042816162,
    "max": 1.0,
    "count": 4000
  },
  "depth.non_building.delta3": {
    "mean": 0.9501845520883798,
    "std": 0.03946089960257108,
    "median": 0.9595421552658081,
    "min": 0.7569901943206787,
    "max": 1.0,
    "count": 4000
  },
  "depth.non_building.rmse_log": {
    "mean": 0.3020624525891617,
    "std": 0.11412517611646811,
    "median": 0.28728780150413513,
    "min": 0.05211365222930908,
    "max": 0.6401160955429077,
    "count": 4000
  },
  "depth.non_building.si_log": {
    "mean": 0.2969997680000961,
    "std": 0.11387894553406722,
    "median": 0.28325653076171875,
    "min": 0.05121000483632088,
    "max": 0.6384211778640747,
    "count": 4000
  },
  "normals.full.angular_mean": {
    "mean": 93.46677450370788,
    "std": 2.0747416615561622,
    "median": 93.69939422607422,
    "min": 80.140625,
    "max": 98.78662872314453,
    "count": 4000
  },
  "normals.full.angular_median": {
    "mean": 86.90010196304321,
    "std": 1.0430684399355878,
    "median": 87.04409408569336,
    "min": 76.04228210449219,
    "max": 89.73965454101562,
    "count": 4000
  },
  "normals.full.inlier_11_25": {
    "mean": 0.04741498705092818,
    "std": 0.012771579391676158,
    "median": 0.04907771199941635,
    "min": 0.008763695135712624,
    "max": 0.09601444751024246,
    "count": 4000
  },
  "normals.full.inlier_22_5": {
    "mean": 0.0959340781737119,
    "std": 0.013235482710912449,
    "median": 0.09734674543142319,
    "min": 0.036354564130306244,
    "max": 0.14456355571746826,
    "count": 4000
  },
  "normals.full.inlier_30": {
    "mean": 0.1172417558208108,
    "std": 0.011528484006929558,
    "median": 0.11823280155658722,
    "min": 0.0635344460606575,
    "max": 0.1655397117137909,
    "count": 4000
  },
  "normals.building.angular_mean": {
    "mean": 82.41140797597618,
    "std": 6.080807840417711,
    "median": 82.62342834472656,
    "min": 42.69019317626953,
    "max": 132.25869750976562,
    "count": 3337
  },
  "normals.building.angular_median": {
    "mean": 84.7639902147448,
    "std": 5.737506983777553,
    "median": 85.06840515136719,
    "min": 2.7001590728759766,
    "max": 103.77845764160156,
    "count": 3337
  },
  "normals.building.inlier_11_25": {
    "mean": 0.0607780802876772,
    "std": 0.044936290728059845,
    "median": 0.05040491372346878,
    "min": 0.0,
    "max": 0.5,
    "count": 3337
  },
  "normals.building.inlier_22_5": {
    "mean": 0.12489259495629583,
    "std": 0.05407342692611956,
    "median": 0.11497139185667038,
    "min": 0.0,
    "max": 0.5,
    "count": 3337
  },
  "normals.building.inlier_30": {
    "mean": 0.16056335589895626,
    "std": 0.053236606735851684,
    "median": 0.15228620171546936,
    "min": 0.0,
    "max": 0.5,
    "count": 3337
  },
  "planarity.building.residual_mean": {
    "mean": 0.3968646910360766,
    "std": 0.18585603554786345,
    "median": 0.3998093903064728,
    "min": 0.003825637511909008,
    "max": 3.6156768798828125,
    "count": 3227
  },
  "planarity.building.residual_median": {
    "mean": 0.3676175412672581,
    "std": 0.18375755629339527,
    "median": 0.3663679361343384,