{
  "depth.full.mae": {
    "mean": 7.34512283848226,
    "std": 2.107931182582563,
    "median": 7.574402570724487,
    "min": 0.4790441691875458,
    "max": 13.772640228271484,
    "count": 4000
  },
  "depth.full.rmse": {
    "mean": 11.632470696017146,
    "std": 3.5633515397464812,
    "median": 12.14666748046875,
    "min": 0.6475893259048462,
    "max": 23.807554244995117,
    "count": 4000
  },
  "depth.full.abs_rel": {
    "mean": 0.5334370689000935,
    "std": 0.11701942066754138,
    "median": 0.5381121039390564,
    "min": 0.08593616634607315,
    "max": 0.9779056310653687,
    "count": 4000
  },
  "depth.full.sq_rel": {
    "mean": 5.19109441844374,
    "std": 1.7766539443474545,
    "median": 5.445283651351929,
    "min": 0.08132942020893097,
    "max": 12.275367736816406,
    "count": 4000
  },
  "depth.full.delta1": {
    "mean": 0.2683588886726648,
    "std": 0.1013268551308728,
    "median": 0.241838701069355,
    "min": 0.11404260993003845,
    "max": 0.9158163666725159,
    "count": 4000
  },
  "depth.full.delta2": {
    "mean": 0.5074649488031864,
    "std": 0.10877355556456118,
    "median": 0.4812144637107849,
    "min": 0.3266305923461914,
    "max": 0.9998495578765869,
    "count": 4000
  },
  "depth.full.delta3": {
    "mean": 0.7169250565171241,
    "std": 0.0883626713310325,
    "median": 0.6998968720436096,
    "min": 0.5270377397537231,
    "max": 1.0,
    "count": 4000
  },
  "depth.full.rmse_log": {
    "mean": 0.6306210383586586,
    "std": 0.1112446620010838,
    "median": 0.6549196541309357,
    "min": 0.11480633169412613,
    "max": 0.8644092082977295,
    "count": 4000
  },
  "depth.full.si_log": {
    "mean": 0.6256721174027771,
    "std": 0.1113709300731788,
    "median": 0.6505618989467621,
    "min": 0.11178117245435715,
    "max": 0.8629180788993835,
    "count": 4000
  },
  "depth.building.mae": {
    "mean": 15.935325485640545,
    "std": 10.436515908870353,
    "median": 13.348249435424805,
    "min": 0.038938045501708984,
    "max": 63.40753936767578,
    "count": 3280
  },
  "depth.building.rmse": {
    "mean": 19.272463132506918,
    "std": 11.004337204188396,
    "median": 17.70426082611084,
    "min": 0.039005525410175323,
    "max": 63.41859436035156,
    "count": 3280
  },
  "depth.building.abs_rel": {
    "mean": 0.7073108034367424,
    "std": 0.5645505646560244,
    "median": 0.6083470582962036,
    "min": 0.003911500796675682,
    "max": 16.556089401245117,
    "count": 3280
  },
  "depth.building.sq_rel": {
    "mean": 12.474269074170026,
    "std": 9.397792204713783,
    "median": 10.972474575042725,
    "min": 0.00015283456014003605,
    "max": 203.5004425048828,
    "count": 3280
  },
  "depth.building.delta1": {
    "mean": 0.15926997559970515,
    "std": 0.18652072358247743,
    "median": 0.11241006851196289,
    "min": 0.0,
    "max": 1.0,
    "count": 3280
  },
  "depth.building.delta2": {
    "mean": 0.3069857176066163,
    "std": 0.2621373101164801,
    "median": 0.25895626842975616,
    "min": 0.0,
    "max": 1.0,
    "count": 3280
  },
  "depth.building.delta3": {
    "mean": 0.44652133360068547,
    "std": 0.28824334128829593,
    "median": 0.4330933094024658,
    "min": 0.0,
    "max": 1.0,
    "count": 3280
  },
  "depth.building.rmse_log": {
    "mean": 0.8850771723269689,
    "std": 0.3125543495835888,
    "median": 0.899471640586853,
    "min": 0.003926001489162445,
    "max": 2.8647329807281494,
    "count": 3280
  },
  "depth.building.si_log": {
    "mean": 0.5500931761737042,
    "std": 0.2789080964780751,
    "median": 0.5219262540340424,
    "min": 0.0,
    "max": 1.7361489534378052,
    "count": 3280
  },
  "depth.non_building.mae": {
    "mean": 6.928526987358928,
    "std": 2.09238112731002,
    "median": 7.207579851150513,
    "min": 0.39026468992233276,
    "max": 13.772640228271484,
    "count": 4000
  },
  "depth.non_building.rmse": {
    "mean": 11.019292588934302,
    "std": 3.565362754615556,
    "median": 11.539464950561523,
    "min": 0.5156732201576233,
    "max": 23.807554244995117,
    "count": 4000
  },
  "depth.non_building.abs_rel": {
    "mean": 0.5272603573929519,
    "std": 0.11082349277855978,
    "median": 0.5321945548057556,
    "min": 0.06910628825426102,
    "max": 1.1902216672897339,
    "count": 4000
  },
  "depth.non_building.sq_rel": {
    "mean": 4.871546422130428,
    "std": 1.7361304468897916,
    "median": 5.0748677253723145,
    "min": 0.04404650256037712,
    "max": 12.221957206726074,
    "count": 4000
  },
  "depth.non_building.delta1": {
    "mean": 0.27414616649597884,
    "std": 0.09806511690674825,
    "median": 0.24908395111560822,
    "min": 0.12857045233249664,
    "max": 0.9753141403198242,
    "count": 4000
  },
  "depth.non_building.delta2": {
    "mean": 0.5190387589782477,
    "std": 0.10757293010868696,
    "median": 0.4929746240377426,
    "min": 0.32065919041633606,
    "max": 0.9999999403953552,
    "count": 4000
  },
  "depth.non_building.delta3": {
    "mean": 0.7320374293327332,
    "std": 0.08863569658043677,
    "median": 0.7156090438365936,
    "min": 0.5270377397537231,
    "max": 1.0,
    "count": 4000
  },
  "depth.non_building.rmse_log": {
    "mean": 0.6134028667025269,
    "std": 0.1095940510000332,
    "median": 0.6354404985904694,
    "min": 0.08899205923080444,
    "max": 0.8614909648895264,
    "count": 4000
  },
  "depth.non_building.si_log": {
    "mean": 0.6068838597517461,
    "std": 0.1146739169966001,
    "median": 0.6324274837970734,
    "min": 0.0888514518737793,
    "max": 0.8594262003898621,
    "count": 4000
  },
  "normals.full.angular_mean": {
    "mean": 79.05694539070129,
    "std": 1.0073422108685646,
    "median": 79.2122802734375,
    "min": 73.50879669189453,
    "max": 81.30677032470703,
    "count": 4000
  },
  "normals.full.angular_median": {
    "mean": 79.3760687198639,
    "std": 1.1984154386555763,
    "median": 79.48971939086914,
    "min": 71.76148223876953,
    "max": 82.67073822021484,
    "count": 4000
  },
  "normals.full.inlier_11_25": {
    "mean": 0.011083447586745024,
    "std": 0.00277464066891188,
    "median": 0.010333167389035225,
    "min": 0.007382914423942566,
    "max": 0.03512504696846008,
    "count": 4000
  },
  "normals.full.inlier_22_5": {
    "mean": 0.040858496064785865,
    "std": 0.009096400311842584,
    "median": 0.038284121081233025,
    "min": 0.028865844011306763,
    "max": 0.11411960422992706,
    "count": 4000
  },
  "normals.full.inlier_30": {
    "mean": 0.07629332064837217,
    "std": 0.011802586764408951,
    "median": 0.07325223088264465,
    "min": 0.060531433671712875,
    "max": 0.16541777551174164,
    "count": 4000
  },
  "normals.building.angular_mean": {
    "mean": 76.37239293935822,
    "std": 2.7846152092622165,
    "median": 76.33719253540039,
    "min": 48.81969451904297,
    "max": 121.14057159423828,
    "count": 3280
  },
  "normals.building.angular_median": {
    "mean": 75.16904754173464,
    "std": 4.140279760541664,
    "median": 75.55438613891602,
    "min": 5.869422912597656,
    "max": 110.00456237792969,
    "count": 3280
  },
  "normals.building.inlier_11_25": {
    "mean": 0.011807223538447188,
    "std": 0.013655212612839921,
    "median": 0.010568853933364153,
    "min": 0.0,
    "max": 0.5,
    "count": 3280
  },
  "normals.building.inlier_22_5": {
    "mean": 0.04196551634558113,
    "std": 0.020762489007059664,
    "median": 0.040155455470085144,
    "min": 0.0,
    "max": 0.5,
    "count": 3280
  },
  "normals.building.inlier_30": {
    "mean": 0.07442533118372056,
    "std": 0.026201661248338393,
    "median": 0.07180503755807877,
    "min": 0.0,
    "max": 0.5,
    "count": 3280
  },
  "planarity.building.residual_mean": {
    "mean": 0.31637300703961474,
    "std": 0.33778109497182973,
    "median": 0.2615666538476944,
    "min": 0.008087478578090668,
    "max": 7.510526180267334,
    "count": 3194
  },
  "planarity.building.residual_median": {
    "mean": 0.2854922434346285,