{
  "depth.full.mae": {
    "mean": 3.4830867956876754,
    "std": 1.1336274290538215,
    "median": 3.6345638036727905,
    "min": 0.49513906240463257,
    "max": 6.632988929748535,
    "count": 4000
  },
  "depth.full.rmse": {
    "mean": 6.3768132773935795,
    "std": 2.002153999892761,
    "median": 6.801944732666016,
    "min": 0.7564346790313721,
    "max": 11.490076065063477,
    "count": 4000
  },
  "depth.full.abs_rel": {
    "mean": 0.25786944044940174,
    "std": 0.13836299930101648,
    "median": 0.22347839921712875,
    "min": 0.040543533861637115,
    "max": 0.8897371292114258,
    "count": 4000
  },
  "depth.full.sq_rel": {
    "mean": 2.68913828104455,
    "std": 2.0700991105120035,
    "median": 2.224124312400818,
    "min": 0.04275857284665108,
    "max": 21.40093421936035,
    "count": 4000
  },
  "depth.full.delta1": {
    "mean": 0.7004148635491729,
    "std": 0.17069087011366443,
    "median": 0.7358962595462799,
    "min": 0.20599094033241272,
    "max": 0.9942908883094788,
    "count": 4000
  },
  "depth.full.delta2": {
    "mean": 0.8844761137664318,
    "std": 0.07127444625803268,
    "median": 0.8933092653751373,
    "min": 0.6358600854873657,
    "max": 0.9999043941497803,
    "count": 4000
  },
  "depth.full.delta3": {
    "mean": 0.9441953809410334,
    "std": 0.041994295454655446,
    "median": 0.952633798122406,
    "min": 0.779431939125061,
    "max": 1.0,
    "count": 4000
  },
  "depth.full.rmse_log": {
    "mean": 0.31748274502530693,
    "std": 0.11935456844179489,
    "median": 0.30084989964962006,
    "min": 0.05899784713983536,
    "max": 0.6707413196563721,
    "count": 4000
  },
  "depth.full.si_log": {
    "mean": 0.31356786566693334,
    "std": 0.11926376168827038,
    "median": 0.2977631837129593,
    "min": 0.05807555094361305,
    "max": 0.6707279682159424,
    "count": 4000
  },
  "depth.non_building.mae": {
    "mean": 3.2121703832149504,
    "std": 1.1389706388885767,
    "median": 3.3305821418762207,
    "min": 0.311139315366745,
    "max": 6.465776443481445,
    "count": 4000
  },
  "depth.non_building.rmse": {
    "mean": 5.992672104403376,
    "std": 2.0499649534885958,
    "median": 6.41448187828064,
    "min": 0.46915745735168457,
    "max": 11.490076065063477,
    "count": 4000
  },
  "depth.non_building.abs_rel": {
    "mean": 0.23846162490919232,
    "std": 0.12575891759459085,
    "median": 0.21219515055418015,
    "min": 0.036268092691898346,
    "max": 0.838334321975708,
    "count": 4000
  },
  "depth.non_building.sq_rel": {
    "mean": 2.3331430857093074,
    "std": 1.8748573818812657,
    "median": 1.9076815843582153,
    "min": 0.02635824680328369,
    "max": 17.239004135131836,
    "count": 4000
  },
  "depth.non_building.delta1": {
    "mean": 0.7174225972779095,
    "std": 0.17160445321142648,
    "median": 0.752389132976532,
    "min": 0.16663512587547302,
    "max": 0.9964088797569275,
    "count": 4000
  },
  "depth.non_building.delta2": {
    "mean": 0.8972221686840057,
    "std": 0.06483041465787881,
    "median": 0.9047225713729858,
    "min": 0.6358600854873657,
    "max": 1.0,
    "count": 4000
  },
  "depth.non_building.delta3": {
    "mean": 0.9514729532152414,
    "std": 0.03739591457175628,
    "median": 0.9584332704544067,
    "min": 0.7795441746711731,
    "max": 1.0,
    "count": 4000
  },
  "depth.non_building.rmse_log": {
    "mean": 0.2995763313928619,
    "std": 0.11309878496369173,
    "median": 0.2896326780319214,
    "min": 0.05222703143954277,
    "max": 0.635166347026825,
    "count": 4000
  },
  "depth.non_building.si_log": {
    "mean": 0.2944685545880347,
    "std": 0.1126640217358992,
    "median": 0.28485994040966034,
    "min": 0.05085352808237076,
    "max": 0.6327526569366455,
    "count": 4000
  },
  "normals.full.angular_mean": {
    "mean": 93.43209201812743,
    "std": 2.1572484574624444,
    "median": 93.66961288452148,
    "min": 80.1633071899414,
    "max": 97.9505844116211,
    "count": 4000
  },
  "normals.full.angular_median": {
    "mean": 86.85017946624755,
    "std": 1.106506405670378,
    "median": 87.01869583129883,
    "min": 76.07138061523438,
    "max": 89.37574768066406,
    "count": 4000
  },
  "normals.full.inlier_11_25": {
    "mean": 0.04755368912813719,
    "std": 0.012534477925039453,
    "median": 0.04888797365128994,
    "min": 0.007669094484299421,
    "max": 0.08366762101650238,
    "count": 4000
  },
  "normals.full.inlier_22_5": {
    "mean": 0.09595135743077844,
    "std": 0.01312069303693343,
    "median": 0.09746021777391434,
    "min": 0.04187622666358948,
    "max": 0.1404871940612793,
    "count": 4000
  },
  "normals.full.inlier_30": {
    "mean": 0.11731305268220603,
    "std": 0.01135989296392797,
    "median": 0.1182185560464859,
    "min": 0.07272128015756607,
    "max": 0.16534732282161713,
    "count": 4000
  },
  "depth.building.mae": {
    "mean": 8.708531810236508,
    "std": 4.885052202846673,
    "median": 8.158149242401123,
    "min": 0.282069593667984,
    "max": 36.64678192138672,
    "count": 3322
  },
  "depth.building.rmse": {
    "mean": 11.051509055843345,
    "std": 5.450641202008308,
    "median": 10.864301681518555,
    "min": 0.2909923493862152,
    "max": 40.056549072265625,
    "count": 3322
  },
  "depth.building.abs_rel": {
    "mean": 0.6536239716227176,
    "std": 0.7965923591291162,
    "median": 0.4716350883245468,
    "min": 0.05324782058596611,
    "max": 16.294647216796875,
    "count": 3322
  },
  "depth.building.sq_rel": {
    "mean": 11.161439561659066,
    "std": 20.153351432562275,
    "median": 6.499252796173096,
    "min": 0.042832374572753906,
    "max": 333.2393798828125,
    "count": 3322
  },
  "depth.building.delta1": {
    "mean": 0.4278967067894225,
    "std": 0.21884090387751928,
    "median": 0.3876350522041321,
    "min": 0.0,
    "max": 1.0,
    "count": 3322
  },
  "depth.building.delta2": {
    "mean": 0.6810073438075285,
    "std": 0.21507218466155037,
    "median": 0.6954619586467743,
    "min": 0.0,
    "max": 1.0,
    "count": 3322
  },
  "depth.building.delta3": {
    "mean": 0.8159227130092425,
    "std": 0.17305687445604703,
    "median": 0.8511234223842621,
    "min": 0.0,
    "max": 1.0,
    "count": 3322
  },
  "depth.building.rmse_log": {
    "mean": 0.5299062513214217,
    "std": 0.2633456617465098,
    "median": 0.5063474476337433,
    "min": 0.07245669513940811,
    "max": 2.5635902881622314,
    "count": 3322
  },
  "depth.building.si_log": {
    "mean": 0.46316476427380293,
    "std": 0.21131542163944061,
    "median": 0.45765672624111176,
    "min": 0.0027076504193246365,
    "max": 1.6166764497756958,
    "count": 3322
  },
  "normals.building.angular_mean": {
    "mean": 81.8347347840568,
    "std": 5.868340354433464,
    "median": 82.28737258911133,
    "min": 42.66474533081055,
    "max": 126.54325866699219,
    "count": 3322
  },
  "normals.building.angular_median": {
    "mean": 84.50970413905895,
    "std": 5.722734340468449,
    "median": 84.7472038269043,
    "min": 1.5230281352996826,
    "max": 103.73646545410156,
    "count": 3322
  },
  "normals.building.inlier_11_25": {
    "mean": 0.06375710438388305,
    "std": 0.05275734981053911,
    "median": 0.050378281623125076,
    "min": 0.0,
    "max": 0.5,
    "count": 3322
  },
  "normals.building.inlier_22_5": {
    "mean": 0.12803679212035185,
    "std": 0.057058508549051576,
    "median": 0.11674516648054123,
    "min": 0.0,
    "max": 0.625,
    "count": 3322
  },
  "normals.building.inlier_30": {
    "mean": 0.163893415156947,
    "std": 0.054360834054401196,
    "median": 0.15430309623479843,
    "min": 0.0,
    "max": 0.625,
    "count": 3322
  },
  "planarity.building.residual_mean": {
    "mean": 0.3849120600494684,
    "std": 0.16815219028876724,
    "median": 0.3862949460744858,
    "min": 0.0073814247734844685,
    "max": 3.630962371826172,
    "count": 3236
  },
  "planarity.building.residual_median": {
    "mean": 0.3585583453638794,
    "std": 0.1667456865412609,