{
  "depth.full.mae": {
    "mean": 3.508613350003958,
    "std": 1.1476836832350472,
    "median": 3.65487802028656,
    "min": 0.5261510014533997,
    "max": 6.7461161613464355,
    "count": 4000
  },
  "depth.full.rmse": {
    "mean": 6.393236600860953,
    "std": 2.0026344322072416,
    "median": 6.777375221252441,
    "min": 0.7437448501586914,
    "max": 12.161358833312988,
    "count": 4000
  },
  "depth.full.abs_rel": {
    "mean": 0.27353936492744835,
    "std": 0.1485565551795343,
    "median": 0.23367494344711304,
    "min": 0.0508778914809227,
    "max": 0.8771828413009644,
    "count": 4000
  },
  "depth.full.sq_rel": {
    "mean": 3.031776376640424,
    "std": 2.390279787843162,
    "median": 2.4944350719451904,
    "min": 0.08117156475782394,
    "max": 24.13166046142578,
    "count": 4000
  },
  "depth.full.delta1": {
    "mean": 0.696384279858321,
    "std": 0.175768969417836,
    "median": 0.7370852828025818,
    "min": 0.20156902074813843,
    "max": 0.9788978099822998,
    "count": 4000
  },
  "depth.full.delta2": {
    "mean": 0.8836934926658869,
    "std": 0.072405311360998,
    "median": 0.8930818736553192,
    "min": 0.5853175520896912,
    "max": 0.9997098445892334,
    "count": 4000
  },
  "depth.full.delta3": {
    "mean": 0.9417876521199942,
    "std": 0.04329378694848182,
    "median": 0.9500107765197754,
    "min": 0.7820051312446594,
    "max": 1.0,
    "count": 4000
  },
  "depth.full.rmse_log": {
    "mean": 0.3252937088012695,
    "std": 0.12344032103124572,
    "median": 0.30984562635421753,
    "min": 0.08659891039133072,
    "max": 0.6975511908531189,
    "count": 4000
  },
  "depth.full.si_log": {
    "mean": 0.3222054141107947,
    "std": 0.12397607459781036,
    "median": 0.30691830813884735,
    "min": 0.0799604058265686,
    "max": 0.697487473487854,
    "count": 4000
  },
  "depth.building.mae": {
    "mean": 8.859618748198455,
    "std": 4.774121602793695,
    "median": 8.289484024047852,
    "min": 0.48656490445137024,
    "max": 36.24586486816406,
    "count": 3221
  },
  "depth.building.rmse": {
    "mean": 11.151020037742995,
    "std": 5.31848226703176,
    "median": 10.905515670776367,
    "min": 0.6159481406211853,
    "max": 36.26392364501953,
    "count": 3221
  },
  "depth.building.abs_rel": {
    "mean": 0.7013329315129107,
    "std": 0.7494992986076285,
    "median": 0.4944739043712616,
    "min": 0.03521906957030296,
    "max": 10.758800506591797,
    "count": 3221
  },
  "depth.building.sq_rel": {
    "mean": 12.267065843431356,
    "std": 20.658927032963344,
    "median": 7.1594014167785645,
    "min": 0.04892860725522041,
    "max": 352.5524597167969,
    "count": 3221
  },
  "depth.building.delta1": {
    "mean": 0.4256656676620761,
    "std": 0.22186997370591605,
    "median": 0.39218881726264954,
    "min": 0.0,
    "max": 1.0,
    "count": 3221
  },
  "depth.building.delta2": {
    "mean": 0.6728189152806248,
    "std": 0.2234218810826584,
    "median": 0.6943443417549133,
    "min": 0.0,
    "max": 1.0,
    "count": 3221
  },
  "depth.building.delta3": {
    "mean": 0.8056261320799376,
    "std": 0.18400693929332423,
    "median": 0.8484901785850525,
    "min": 0.0,
    "max": 1.0,
    "count": 3221
  },
  "depth.building.rmse_log": {
    "mean": 0.5425754083156845,
    "std": 0.27238188441090616,
    "median": 0.5094782710075378,
    "min": 0.03822536766529083,
    "max": 2.062732219696045,
    "count": 3221
  },
  "depth.building.si_log": {
    "mean": 0.4579413926650448,
    "std": 0.21519584775199962,
    "median": 0.44475439190864563,
    "min": 0.0,
    "max": 1.5472116470336914,
    "count": 3221
  },
  "depth.non_building.mae": {
    "mean": 3.233030473858118,
    "std": 1.1568298476205923,
    "median": 3.3174378871917725,
    "min": 0.3411118984222412,
    "max": 6.7461161613464355,
    "count": 4000
  },
  "depth.non_building.rmse": {
    "mean": 6.007731044322252,
    "std": 2.057210700064393,
    "median": 6.352292537689209,
    "min": 0.4782419502735138,
    "max": 12.161358833312988,
    "count": 4000
  },
  "depth.non_building.abs_rel": {
    "mean": 0.25119474400393665,
    "std": 0.13360734173025984,
    "median": 0.22017591446638107,
    "min": 0.04013580083847046,
    "max": 0.7874786853790283,
    "count": 4000
  },
  "depth.non_building.sq_rel": {
    "mean": 2.61970743394224,
    "std": 2.148624536864274,
    "median": 2.118297815322876,
    "min": 0.03023541532456875,
    "max": 17.956153869628906,
    "count": 4000
  },
  "depth.non_building.delta1": {
    "mean": 0.7136155033893883,
    "std": 0.17741097227601693,
    "median": 0.7551717162132263,
    "min": 0.19800613820552826,
    "max": 0.9960370063781738,
    "count": 4000
  },
  "depth.non_building.delta2": {
    "mean": 0.8964311923831702,
    "std": 0.06612025823321402,
    "median": 0.9045094847679138,
    "min": 0.5891826152801514,
    "max": 1.0,
    "count": 4000
  },
  "depth.non_building.delta3": {
    "mean": 0.9492935646772385,
    "std": 0.038653895557830616,
    "median": 0.9561588168144226,
    "min": 0.7916567325592041,
    "max": 1.0,
    "count": 4000
  },
  "depth.non_building.rmse_log": {
    "mean": 0.3066984672592953,
    "std": 0.11627771227418951,
    "median": 0.29598869383335114,
    "min": 0.056088753044605255,
    "max": 0.6713338494300842,
    "count": 4000
  },
  "depth.non_building.si_log": {
    "mean": 0.3025454055117443,
    "std": 0.11646769089830747,
    "median": 0.2927827835083008,
    "min": 0.05306416004896164,
    "max": 0.6693689823150635,
    "count": 4000
  },
  "normals.full.angular_mean": {
    "mean": 93.57652753829956,
    "std": 1.99926327696164,
    "median": 93.81656265258789,
    "min": 80.31037902832031,
    "max": 100.44477081298828,
    "count": 4000
  },
  "normals.full.angular_median": {
    "mean": 87.01020916557312,
    "std": 0.9935589607969082,
    "median": 87.14116287231445,
    "min": 76.3036880493164,
    "max": 89.43470001220703,
    "count": 4000
  },
  "normals.full.inlier_11_25": {
    "mean": 0.046112997780554,
    "std": 0.011434195487525355,
    "median": 0.0468782726675272,
    "min": 0.00891800131648779,
    "max": 0.0886431485414505,
    "count": 4000
  },
  "normals.full.inlier_22_5": {
    "mean": 0.09495207761973143,
    "std": 0.012141751549549613,
    "median": 0.09606282040476799,
    "min": 0.035612769424915314,
    "max": 0.1339212954044342,
    "count": 4000
  },
  "normals.full.inlier_30": {
    "mean": 0.11669974424690008,
    "std": 0.0105827453924256,
    "median": 0.11739249154925346,
    "min": 0.06564023345708847,
    "max": 0.15491092205047607,
    "count": 4000
  },
  "normals.building.angular_mean": {
    "mean": 82.26804772358953,
    "std": 6.304775931572945,
    "median": 82.58858489990234,
    "min": 38.42164611816406,
    "max": 174.89810180664062,
    "count": 3221
  },
  "normals.building.angular_median": {
    "mean": 84.84427801787724,
    "std": 5.543398948472321,
    "median": 84.95294952392578,
    "min": 3.4095005989074707,
    "max": 171.2115936279297,
    "count": 3221
  },
  "normals.building.inlier_11_25": {
    "mean": 0.060627389179923746,
    "std": 0.048317067106013634,
    "median": 0.04871238023042679,
    "min": 0.0,
    "max": 0.5833333730697632,
    "count": 3221
  },
  "normals.building.inlier_22_5": {
    "mean": 0.1260630736261657,
    "std": 0.05512695543986431,
    "median": 0.1148628294467926,
    "min": 0.0,
    "max": 0.5833333730697632,
    "count": 3221
  },
  "normals.building.inlier_30": {
    "mean": 0.16192639114676943,
    "std": 0.05424437730437042,
    "median": 0.15149833261966705,
    "min": 0.0,
    "max": 0.5833333730697632,
    "count": 3221
  },
  "planarity.building.residual_mean": {
    "mean": 0.41250555679817036,
    "std": 0.17211040049662463,
    "median": 0.4210014194250107,
    "min": 0.007922381162643433,
    "max": 1.7087125778198242,
    "count": 3144
  },
  "planarity.building.residual_median": {
    "mean": 0.38374242865043257,