{
  "depth.full.mae": {
    "mean": 7.259750176101923,
    "std": 2.202044414273782,
    "median": 7.62060284614563,
    "min": 0.47275662422180176,
    "max": 16.436500549316406,
    "count": 4000
  },
  "depth.full.rmse": {
    "mean": 11.433868787452578,
    "std": 3.734883068167822,
    "median": 12.091540813446045,
    "min": 0.6367054581642151,
    "max": 25.253171920776367,
    "count": 4000
  },
  "depth.full.abs_rel": {
    "mean": 0.524580920426175,
    "std": 0.11583787346735822,
    "median": 0.5292795598506927,
    "min": 0.08464134484529495,
    "max": 0.930019199848175,
    "count": 4000
  },
  "depth.full.sq_rel": {
    "mean": 5.0642975360210984,
    "std": 1.8273106803338017,
    "median": 5.294486045837402,
    "min": 0.07836811989545822,
    "max": 12.193292617797852,
    "count": 4000
  },
  "depth.full.delta1": {
    "mean": 0.2727140267211944,
    "std": 0.10689463795156677,
    "median": 0.24319572746753693,
    "min": 0.09652567654848099,
    "max": 0.9144961833953857,
    "count": 4000
  },
  "depth.full.delta2": {
    "mean": 0.5130182487815619,
    "std": 0.1144828752541653,
    "median": 0.4825882613658905,
    "min": 0.3248956501483917,
    "max": 0.9999256730079651,
    "count": 4000
  },
  "depth.full.delta3": {
    "mean": 0.7238546763062477,
    "std": 0.09091947082779409,
    "median": 0.7042131721973419,
    "min": 0.4955408573150635,
    "max": 1.0,
    "count": 4000
  },
  "depth.full.rmse_log": {
    "mean": 0.6191638590767979,
    "std": 0.11534545195578474,
    "median": 0.643393337726593,
    "min": 0.11293911188840866,
    "max": 0.9076136946678162,
    "count": 4000
  },
  "depth.full.si_log": {
    "mean": 0.6143558494690806,
    "std": 0.1153920191767655,
    "median": 0.6394782960414886,
    "min": 0.11026141047477722,
    "max": 0.8500572443008423,
    "count": 4000
  },
  "depth.building.mae": {
    "mean": 15.577848693941066,
    "std": 9.992712372114626,
    "median": 13.304925441741943,
    "min": 0.2871664762496948,
    "max": 58.30708312988281,
    "count": 3336
  },
  "depth.building.rmse": {
    "mean": 18.732739463117984,
    "std": 10.720684072434834,
    "median": 17.087244987487793,
    "min": 0.2935570478439331,
    "max": 58.31755828857422,
    "count": 3336
  },
  "depth.building.abs_rel": {
    "mean": 0.7313000845591084,
    "std": 0.715146268102415,
    "median": 0.601348489522934,
    "min": 0.04397306591272354,
    "max": 18.41138458251953,
    "count": 3336
  },
  "depth.building.sq_rel": {
    "mean": 12.330927238854908,
    "std": 9.600758146748296,
    "median": 10.758194923400879,
    "min": 0.013193277642130852,
    "max": 177.97781372070312,
    "count": 3336
  },
  "depth.building.delta1": {
    "mean": 0.1521011212342282,
    "std": 0.18283536995145966,
    "median": 0.10250309109687805,
    "min": 0.0,
    "max": 1.0,
    "count": 3336
  },
  "depth.building.delta2": {
    "mean": 0.3017433869900007,
    "std": 0.2669604381808531,
    "median": 0.24312351644039154,
    "min": 0.0,
    "max": 1.0,
    "count": 3336
  },
  "depth.building.delta3": {
    "mean": 0.45029985516254306,
    "std": 0.2933991075870024,
    "median": 0.4293350428342819,
    "min": 0.0,
    "max": 1.0,
    "count": 3336
  },
  "depth.building.rmse_log": {
    "mean": 0.8713441231127212,
    "std": 0.3158127068352066,
    "median": 0.8848275244235992,
    "min": 0.04604325816035271,
    "max": 2.9658591747283936,
    "count": 3336
  },
  "depth.building.si_log": {
    "mean": 0.5283814682907679,
    "std": 0.2734564344000452,
    "median": 0.5029398202896118,
    "min": 0.0,
    "max": 1.5256091356277466,
    "count": 3336
  },
  "depth.non_building.mae": {
    "mean": 6.852723358385265,
    "std": 2.1830829921087225,
    "median": 7.173063278198242,
    "min": 0.384797602891922,
    "max": 16.436500549316406,
    "count": 4000
  },
  "depth.non_building.rmse": {
    "mean": 10.838709719479084,
    "std": 3.7300934399348753,
    "median": 11.51243257522583,
    "min": 0.5126005411148071,
    "max": 25.253171920776367,
    "count": 4000
  },
  "depth.non_building.abs_rel": {
    "mean": 0.5196585677731782,
    "std": 0.10897131404720378,
    "median": 0.5246826112270355,
    "min": 0.06789029389619827,
    "max": 1.184268832206726,
    "count": 4000
  },
  "depth.non_building.sq_rel": {
    "mean": 4.76098261159379,
    "std": 1.7738117373385367,
    "median": 4.972379684448242,
    "min": 0.04319148138165474,
    "max": 12.193292617797852,
    "count": 4000
  },
  "depth.non_building.delta1": {
    "mean": 0.27822626324370503,
    "std": 0.10352896589811054,
    "median": 0.2503010332584381,
    "min": 0.1172533854842186,
    "max": 0.9748653173446655,
    "count": 4000
  },
  "depth.non_building.delta2": {
    "mean": 0.5241039691567421,
    "std": 0.11302164464542117,
    "median": 0.4961039125919342,
    "min": 0.3256147801876068,
    "max": 0.9999999403953552,
    "count": 4000
  },
  "depth.non_building.delta3": {
    "mean": 0.738272895783186,
    "std": 0.09055781495521321,
    "median": 0.7207149267196655,
    "min": 0.4955408573150635,
    "max": 1.0,
    "count": 4000
  },
  "depth.non_building.rmse_log": {
    "mean": 0.6030639704819769,
    "std": 0.11337205727420946,
    "median": 0.6257584691047668,
    "min": 0.08827649056911469,
    "max": 0.9076136946678162,
    "count": 4000
  },
  "depth.non_building.si_log": {
    "mean": 0.5959334218408913,
    "std": 0.11947476019098828,
    "median": 0.6230934858322144,
    "min": 0.08825723081827164,
    "max": 0.8500599265098572,
    "count": 4000
  },
  "normals.full.angular_mean": {
    "mean": 79.08796598243714,
    "std": 1.0741380040099784,
    "median": 79.27578353881836,
    "min": 73.4620361328125,
    "max": 81.7053451538086,
    "count": 4000
  },
  "normals.full.angular_median": {
    "mean": 80.1244172000885,
    "std": 1.1224095592578824,
    "median": 80.22878646850586,
    "min": 71.87108612060547,
    "max": 83.17269134521484,
    "count": 4000
  },
  "normals.full.inlier_11_25": {
    "mean": 0.011418323042802513,
    "std": 0.0029217208504205825,
    "median": 0.010617610532790422,
    "min": 0.007875190116465092,
    "max": 0.03471142798662186,
    "count": 4000
  },
  "normals.full.inlier_22_5": {
    "mean": 0.04222195126116276,
    "std": 0.009434088169597227,
    "median": 0.03966854698956013,
    "min": 0.03012268804013729,
    "max": 0.11209427565336227,
    "count": 4000
  },
  "normals.full.inlier_30": {
    "mean": 0.07952406898513437,
    "std": 0.012013086060887052,
    "median": 0.07673158496618271,
    "min": 0.057701192796230316,
    "max": 0.16394966840744019,
    "count": 4000
  },
  "normals.building.angular_mean": {
    "mean": 75.95398218511677,
    "std": 2.8793515200335316,
    "median": 75.85401153564453,
    "min": 48.91825866699219,
    "max": 147.11849975585938,
    "count": 3336
  },
  "normals.building.angular_median": {
    "mean": 75.81231674073126,
    "std": 4.011307639249937,
    "median": 76.31916427612305,
    "min": 20.26909065246582,
    "max": 130.16458129882812,
    "count": 3336
  },
  "normals.building.inlier_11_25": {
    "mean": 0.012142585929433203,
    "std": 0.00919014515249463,
    "median": 0.01135462336242199,
    "min": 0.0,
    "max": 0.25,
    "count": 3336
  },
  "normals.building.inlier_22_5": {
    "mean": 0.046910303758878294,
    "std": 0.021110808231941936,
    "median": 0.044865963980555534,
    "min": 0.0,
    "max": 0.5,
    "count": 3336
  },
  "normals.building.inlier_30": {
    "mean": 0.08247250082667547,
    "std": 0.026781516526374765,
    "median": 0.07900069653987885,
    "min": 0.0,
    "max": 0.5,
    "count": 3336
  },
  "planarity.building.residual_mean": {
    "mean": 0.308811237707516,
    "std": 0.2961684903739194,
    "median": 0.2625289559364319,
    "min": 0.008047905750572681,
    "max": 7.494619846343994,
    "count": 3245
  },
  "planarity.building.residual_median": {
    "mean": 0.2796114672933962,
    "std": 0.2977971329963595,