{
  "depth.full.mae": {
    "mean": 3.486858115673065,
    "std": 1.1454097257153504,
    "median": 3.626945734024048,
    "min": 0.472906231880188,
    "max": 6.6540913581848145,
    "count": 4000
  },
  "depth.full.rmse": {
    "mean": 6.3832788908183575,
    "std": 1.9923009711374509,
    "median": 6.737823247909546,
    "min": 0.707960307598114,
    "max": 11.466687202453613,
    "count": 4000
  },
  "depth.full.abs_rel": {
    "mean": 0.26201570354308934,
    "std": 0.1430331509197395,
    "median": 0.22830985486507416,
    "min": 0.03865421935915947,
    "max": 0.8984030485153198,
    "count": 4000
  },
  "depth.full.sq_rel": {
    "mean": 2.790484005590901,
    "std": 2.1353819984540907,
    "median": 2.3133087158203125,
    "min": 0.06667026877403259,
    "max": 19.087547302246094,
    "count": 4000
  },
  "depth.full.delta1": {
    "mean": 0.6969018307887018,
    "std": 0.18382740832457628,
    "median": 0.7395909130573273,
    "min": 0.21416480839252472,
    "max": 0.9879818558692932,
    "count": 4000
  },
  "depth.full.delta2": {
    "mean": 0.8851764153391123,
    "std": 0.07395491233182198,
    "median": 0.894228458404541,
    "min": 0.5818223357200623,
    "max": 0.9998301863670349,
    "count": 4000
  },
  "depth.full.delta3": {
    "mean": 0.9436059612780809,
    "std": 0.044466011445321973,
    "median": 0.9531689584255219,
    "min": 0.7579392194747925,
    "max": 1.0,
    "count": 4000
  },
  "depth.full.rmse_log": {
    "mean": 0.3181936538554728,
    "std": 0.12439194686019295,
    "median": 0.3060564398765564,
    "min": 0.06108427792787552,
    "max": 0.6811807155609131,
    "count": 4000
  },
  "depth.full.si_log": {
    "mean": 0.31463614087179304,
    "std": 0.1243316806672018,
    "median": 0.3018535077571869,
    "min": 0.0610286183655262,
    "max": 0.6782941818237305,
    "count": 4000
  },
  "depth.non_building.mae": {
    "mean": 3.2228324173688887,
    "std": 1.1535240519755108,
    "median": 3.3190335035324097,
    "min": 0.318255215883255,
    "max": 6.501409530639648,
    "count": 4000
  },
  "depth.non_building.rmse": {
    "mean": 6.008362351484597,
    "std": 2.044625560998973,
    "median": 6.3708319664001465,
    "min": 0.46771687269210815,
    "max": 11.466687202453613,
    "count": 4000
  },
  "depth.non_building.abs_rel": {
    "mean": 0.24317284000944347,
    "std": 0.1316919467990264,
    "median": 0.21600602567195892,
    "min": 0.03718208521604538,
    "max": 0.8479343056678772,
    "count": 4000
  },
  "depth.non_building.sq_rel": {
    "mean": 2.436077616436407,
    "std": 1.9752863118659971,
    "median": 1.9900307059288025,
    "min": 0.026749564334750175,
    "max": 18.33196258544922,
    "count": 4000
  },
  "depth.non_building.delta1": {
    "mean": 0.7128593523092568,
    "std": 0.18547170234962002,
    "median": 0.7574324607849121,
    "min": 0.16495321691036224,
    "max": 0.9970480799674988,
    "count": 4000
  },
  "depth.non_building.delta2": {
    "mean": 0.8977005882412196,
    "std": 0.06793627847503497,
    "median": 0.906412810087204,
    "min": 0.5818223357200623,
    "max": 1.0,
    "count": 4000
  },
  "depth.non_building.delta3": {
    "mean": 0.9507759172022343,
    "std": 0.04013245634817671,
    "median": 0.9591698944568634,
    "min": 0.7579392194747925,
    "max": 1.0,
    "count": 4000
  },
  "depth.non_building.rmse_log": {
    "mean": 0.3007352682556957,
    "std": 0.11858417359787088,
    "median": 0.2919020652770996,
    "min": 0.05208630859851837,
    "max": 0.6674137711524963,
    "count": 4000
  },
  "depth.non_building.si_log": {
    "mean": 0.2959484536787495,
    "std": 0.1183663462584589,
    "median": 0.2867424786090851,
    "min": 0.05057044327259064,
    "max": 0.6629508137702942,
    "count": 4000
  },
  "normals.full.angular_mean": {
    "mean": 93.68456412124634,
    "std": 1.8765984097475257,
    "median": 93.90496444702148,
    "min": 81.9129867553711,
    "max": 98.12648010253906,
    "count": 4000
  },
  "normals.full.angular_median": {
    "mean": 87.01630131340026,
    "std": 0.8546792749096036,
    "median": 87.11064147949219,
    "min": 80.22970581054688,
    "max": 89.62062072753906,
    "count": 4000
  },
  "normals.full.inlier_11_25": {
    "mean": 0.04841688216011971,
    "std": 0.012851049590010493,
    "median": 0.04957388900220394,
    "min": 0.007716351188719273,
    "max": 0.0894835963845253,
    "count": 4000
  },
  "normals.full.inlier_22_5": {
    "mean": 0.09695889561250806,
    "std": 0.013064592897047027,
    "median": 0.09830981492996216,
    "min": 0.03643948584794998,
    "max": 0.14243319630622864,
    "count": 4000
  },
  "normals.full.inlier_30": {
    "mean": 0.11768445083498955,
    "std": 0.01138421552533933,
    "median": 0.11848888546228409,
    "min": 0.0628252625465393,
    "max": 0.16646626591682434,
    "count": 4000
  },
  "depth.building.mae": {
    "mean": 8.72517235957909,
    "std": 4.756274299360447,
    "median": 8.085701942443848,
    "min": 0.44875919818878174,
    "max": 50.04270553588867,
    "count": 3377
  },
  "depth.building.rmse": {
    "mean": 11.107657978202521,
    "std": 5.426615785409844,
    "median": 10.764287948608398,
    "min": 0.46667930483818054,
    "max": 50.13972854614258,
    "count": 3377
  },
  "depth.building.abs_rel": {
    "mean": 0.6181856906904707,
    "std": 0.6667366714054497,
    "median": 0.46650227904319763,
    "min": 0.06395948678255081,
    "max": 19.707612991333008,
    "count": 3377
  },
  "depth.building.sq_rel": {
    "mean": 10.441113753288958,
    "std": 15.92422975400905,
    "median": 6.737316608428955,
    "min": 0.0366213358938694,
    "max": 358.1415100097656,
    "count": 3377
  },
  "depth.building.delta1": {
    "mean": 0.428616136824133,
    "std": 0.21510752580778006,
    "median": 0.3856247067451477,
    "min": 0.0,
    "max": 1.0,
    "count": 3377
  },
  "depth.building.delta2": {
    "mean": 0.6837957620352252,
    "std": 0.20829892107799722,
    "median": 0.6903403401374817,
    "min": 0.0,
    "max": 1.0,
    "count": 3377
  },
  "depth.building.delta3": {
    "mean": 0.8210990971177959,
    "std": 0.16933801011810948,
    "median": 0.8530967831611633,
    "min": 0.0,
    "max": 1.0,
    "count": 3377
  },
  "depth.building.rmse_log": {
    "mean": 0.521553357371987,
    "std": 0.24868166826307886,
    "median": 0.4959547519683838,
    "min": 0.06202470138669014,
    "max": 2.842988967895508,
    "count": 3377
  },
  "depth.building.si_log": {
    "mean": 0.4576692583768826,
    "std": 0.20752392320759808,
    "median": 0.45103561878204346,
    "min": 0.0,
    "max": 1.1749958992004395,
    "count": 3377
  },
  "normals.building.angular_mean": {
    "mean": 82.46318838092961,
    "std": 6.154286737445619,
    "median": 82.5633544921875,
    "min": 29.4321231842041,
    "max": 174.89199829101562,
    "count": 3377
  },
  "normals.building.angular_median": {
    "mean": 84.98606034478811,
    "std": 5.483281856163193,
    "median": 85.00704193115234,
    "min": 3.2742884159088135,
    "max": 172.80421447753906,
    "count": 3377
  },
  "normals.building.inlier_11_25": {
    "mean": 0.06192115068201322,
    "std": 0.04920458626362152,
    "median": 0.04918032884597778,
    "min": 0.0,
    "max": 0.5,
    "count": 3377
  },
  "normals.building.inlier_22_5": {
    "mean": 0.1252781366304761,
    "std": 0.05566357667779064,
    "median": 0.11482188105583191,
    "min": 0.0,
    "max": 0.5,
    "count": 3377
  },
  "normals.building.inlier_30": {
    "mean": 0.16039298872220992,
    "std": 0.05392846347969099,
    "median": 0.1520228236913681,
    "min": 0.0,
    "max": 0.5,
    "count": 3377
  },
  "photometric.building.error": {
    "mean": 0.1352141782110535,
    "std": 0.09201863149602123,
    "median": 0.11626545339822769,
    "min": 0.0047012087889015675,
    "max": 0.8871633410453796,
    "count": 2949
  },
  "photometric.building.inlier_ratio": {
    "mean": 0.4923188593044369,
    "std": 0.21289023586986616,
    "median": 0.5019305348396301,