{
  "depth.full.mae": {
    "mean": 7.434393214926124,
    "std": 2.232337466170638,
    "median": 7.657095670700073,
    "min": 0.347734659910202,
    "max": 16.483598709106445,
    "count": 4000
  },
  "depth.full.rmse": {
    "mean": 11.672488230712712,
    "std": 3.7507874545908515,
    "median": 12.15172815322876,
    "min": 0.4758895933628082,
    "max": 25.305097579956055,
    "count": 4000
  },
  "depth.full.abs_rel": {
    "mean": 0.5300809505973011,
    "std": 0.11331255430410031,
    "median": 0.5368837118148804,
    "min": 0.07356684654951096,
    "max": 0.9781633615493774,
    "count": 4000
  },
  "depth.full.sq_rel": {
    "mean": 5.197640383685939,
    "std": 1.8196677245986483,
    "median": 5.448148488998413,
    "min": 0.04466649517416954,
    "max": 12.264444351196289,
    "count": 4000
  },
  "depth.full.delta1": {
    "mean": 0.2674871404524893,
    "std": 0.1069090035963622,
    "median": 0.23969952017068863,
    "min": 0.09624618291854858,
    "max": 0.9631255269050598,
    "count": 4000
  },
  "depth.full.delta2": {
    "mean": 0.5033728317990899,
    "std": 0.11539915133590463,
    "median": 0.47665806114673615,
    "min": 0.30783596634864807,
    "max": 0.9998620748519897,
    "count": 4000
  },
  "depth.full.delta3": {
    "mean": 0.7134093070104718,
    "std": 0.09236805911874399,
    "median": 0.6951159536838531,
    "min": 0.49269887804985046,
    "max": 1.0,
    "count": 4000
  },
  "depth.full.rmse_log": {
    "mean": 0.6268973764609546,
    "std": 0.11461311321598706,
    "median": 0.6530605852603912,
    "min": 0.0985729992389679,
    "max": 0.911994457244873,
    "count": 4000
  },
  "depth.full.si_log": {
    "mean": 0.6217353867404163,
    "std": 0.11483631438638144,
    "median": 0.6489321291446686,
    "min": 0.09834876656532288,
    "max": 0.8624688386917114,
    "count": 4000
  },
  "depth.non_building.mae": {
    "mean": 7.03138768889755,
    "std": 2.214264925314887,
    "median": 7.231091022491455,
    "min": 0.347734659910202,
    "max": 16.483598709106445,
    "count": 4000
  },
  "depth.non_building.rmse": {
    "mean": 11.087997637532652,
    "std": 3.728858280681097,
    "median": 11.576937675476074,
    "min": 0.4758895933628082,
    "max": 25.305097579956055,
    "count": 4000
  },
  "depth.non_building.abs_rel": {
    "mean": 0.5247519101221114,
    "std": 0.10721087022158265,
    "median": 0.5319170355796814,
    "min": 0.06890464574098587,
    "max": 1.1907864809036255,
    "count": 4000
  },
  "depth.non_building.sq_rel": {
    "mean": 4.892825682860799,
    "std": 1.772598838191797,
    "median": 5.049165964126587,
    "min": 0.04389895126223564,
    "max": 12.257710456848145,
    "count": 4000
  },
  "depth.non_building.delta1": {
    "mean": 0.2727180111464113,
    "std": 0.10337189637256401,
    "median": 0.2462221011519432,
    "min": 0.11686132848262787,
    "max": 0.9750149250030518,
    "count": 4000
  },
  "depth.non_building.delta2": {
    "mean": 0.5143468688726425,
    "std": 0.11343482219885713,
    "median": 0.48937273025512695,
    "min": 0.3150399923324585,
    "max": 0.9999999403953552,
    "count": 4000
  },
  "depth.non_building.delta3": {
    "mean": 0.7279207370057702,
    "std": 0.09191198963156694,
    "median": 0.7129959166049957,
    "min": 0.49269887804985046,
    "max": 1.0,
    "count": 4000
  },
  "depth.non_building.rmse_log": {
    "mean": 0.6107782636005431,
    "std": 0.111446766839269,
    "median": 0.6350080966949463,
    "min": 0.0888826996088028,
    "max": 0.911994457244873,
    "count": 4000
  },
  "depth.non_building.si_log": {
    "mean": 0.6040939500275999,
    "std": 0.11658557830040912,
    "median": 0.631306380033493,
    "min": 0.08877239376306534,
    "max": 0.8589836359024048,
    "count": 4000
  },
  "normals.full.angular_mean": {
    "mean": 78.89875847434998,
    "std": 1.0513830130891801,
    "median": 79.09074401855469,
    "min": 73.35430908203125,
    "max": 81.59599304199219,
    "count": 4000
  },
  "normals.full.angular_median": {
    "mean": 79.52470774459839,
    "std": 1.200232372620084,
    "median": 79.64594650268555,
    "min": 71.83692169189453,
    "max": 82.90337371826172,
    "count": 4000
  },
  "normals.full.inlier_11_25": {
    "mean": 0.011268654723884539,
    "std": 0.0029453857642868044,
    "median": 0.010515244212001562,
    "min": 0.007387448567897081,
    "max": 0.03623766079545021,
    "count": 4000
  },
  "normals.full.inlier_22_5": {
    "mean": 0.04198425285890699,
    "std": 0.009512979569530147,
    "median": 0.039473632350564,
    "min": 0.029458062723279,
    "max": 0.11695696413516998,
    "count": 4000
  },
  "normals.full.inlier_30": {
    "mean": 0.07862009599618613,
    "std": 0.01228680744890991,
    "median": 0.07562250643968582,
    "min": 0.0604591928422451,
    "max": 0.16772955656051636,
    "count": 4000
  },
  "depth.building.mae": {
    "mean": 16.007964952532248,
    "std": 10.451385407770674,
    "median": 13.424668788909912,
    "min": 0.0609889030456543,
    "max": 54.18476486206055,
    "count": 3224
  },
  "depth.building.rmse": {
    "mean": 19.240894788794137,
    "std": 11.026998290220805,
    "median": 17.530970573425293,
    "min": 0.0610690601170063,
    "max": 56.04311752319336,
    "count": 3224
  },
  "depth.building.abs_rel": {
    "mean": 0.7133729467697085,
    "std": 0.7292128378511488,
    "median": 0.6037044525146484,
    "min": 0.006126607768237591,
    "max": 17.25623321533203,
    "count": 3224
  },
  "depth.building.sq_rel": {
    "mean": 12.59214768404698,
    "std": 10.636504303679198,
    "median": 10.784891605377197,
    "min": 0.00037463795160874724,
    "max": 204.33843994140625,
    "count": 3224
  },
  "depth.building.delta1": {
    "mean": 0.15391211162615595,
    "std": 0.18923112506766884,
    "median": 0.10047724843025208,
    "min": 0.0,
    "max": 1.0,
    "count": 3224
  },
  "depth.building.delta2": {
    "mean": 0.3027144486358864,
    "std": 0.2683666432598768,
    "median": 0.2415625900030136,
    "min": 0.0,
    "max": 1.0,
    "count": 3224
  },
  "depth.building.delta3": {
    "mean": 0.4467908353769369,
    "std": 0.28962615313163975,
    "median": 0.42928148806095123,
    "min": 0.0,
    "max": 1.0,
    "count": 3224
  },
  "depth.building.rmse_log": {
    "mean": 0.8806115537520761,
    "std": 0.32233859801428294,
    "median": 0.8933632075786591,
    "min": 0.006153549067676067,
    "max": 2.9024922847747803,
    "count": 3224
  },
  "depth.building.si_log": {
    "mean": 0.5361265867006575,
    "std": 0.2765253255708983,
    "median": 0.510525643825531,
    "min": 0.0,
    "max": 1.6969777345657349,
    "count": 3224
  },
  "normals.building.angular_mean": {
    "mean": 76.01253637427432,
    "std": 2.8479614195711473,
    "median": 75.9812126159668,
    "min": 32.38125991821289,
    "max": 125.65206909179688,
    "count": 3224
  },
  "normals.building.angular_median": {
    "mean": 75.02698990576913,
    "std": 4.264802089555108,
    "median": 75.46969223022461,
    "min": 9.505474090576172,
    "max": 111.91340637207031,
    "count": 3224
  },
  "normals.building.inlier_11_25": {
    "mean": 0.011848234215933425,
    "std": 0.01619491109733546,
    "median": 0.01046153949573636,
    "min": 0.0,
    "max": 0.5,
    "count": 3224
  },
  "normals.building.inlier_22_5": {
    "mean": 0.04296928192919268,
    "std": 0.023084134836827815,
    "median": 0.04038506746292114,
    "min": 0.0,
    "max": 0.5,
    "count": 3224
  },
  "normals.building.inlier_30": {
    "mean": 0.07630239820244165,
    "std": 0.027894224989066845,
    "median": 0.07274884358048439,
    "min": 0.0,
    "max": 0.5,
    "count": 3224
  },
  "planarity.building.residual_mean": {
    "mean": 0.29945447830096733,
    "std": 0.22204268984641154,
    "median": 0.2641930878162384,
    "min": 0.007897655479609966,
    "max": 4.857548236846924,
    "count": 3127
  },
  "planarity.building.residual_median": {
    "mean": 0.2702992052536161,
    "std": 0.2238645436990121,