{
  "depth.full.mae": {
    "mean": 3.71428266492486,
    "std": 1.227552230516791,
    "median": 3.869431257247925,
    "min": 0.48594754934310913,
    "max": 7.033813953399658,
    "count": 4000
  },
  "depth.full.rmse": {
    "mean": 6.842950737521052,
    "std": 2.2658416723957284,
    "median": 7.30849027633667,
    "min": 0.8155295848846436,
    "max": 13.415156364440918,
    "count": 4000
  },
  "depth.full.abs_rel": {
    "mean": 0.27093502529431135,
    "std": 0.14941890956822032,
    "median": 0.2284310907125473,
    "min": 0.04294288903474808,
    "max": 0.8993595242500305,
    "count": 4000
  },
  "depth.full.sq_rel": {
    "mean": 2.5755995400836693,
    "std": 1.8389523236941583,
    "median": 2.1263612508773804,
    "min": 0.047093551605939865,
    "max": 14.393181800842285,
    "count": 4000
  },
  "depth.full.delta1": {
    "mean": 0.6742604663521051,
    "std": 0.1715215663090223,
    "median": 0.7083944082260132,
    "min": 0.1939418911933899,
    "max": 0.9888368248939514,
    "count": 4000
  },
  "depth.full.delta2": {
    "mean": 0.8671615854650736,
    "std": 0.07708271675753303,
    "median": 0.876170426607132,
    "min": 0.6223044991493225,
    "max": 0.9995946884155273,
    "count": 4000
  },
  "depth.full.delta3": {
    "mean": 0.9350994703769684,
    "std": 0.04902182168424648,
    "median": 0.9460558295249939,
    "min": 0.7530034184455872,
    "max": 1.0,
    "count": 4000
  },
  "depth.full.rmse_log": {
    "mean": 0.33280102139897644,
    "std": 0.1238829371377287,
    "median": 0.3164617419242859,
    "min": 0.0639377310872078,
    "max": 0.6793292164802551,
    "count": 4000
  },
  "depth.full.si_log": {
    "mean": 0.328612652849406,
    "std": 0.12427163025068205,
    "median": 0.31075069308280945,
    "min": 0.06314798444509506,
    "max": 0.6787535548210144,
    "count": 4000
  },
  "depth.building.mae": {
    "mean": 9.850862033428617,
    "std": 5.893754244594961,
    "median": 8.813419342041016,
    "min": 0.44320428371429443,
    "max": 39.567996978759766,
    "count": 3181
  },
  "depth.building.rmse": {
    "mean": 12.185779586954336,
    "std": 6.494669860429065,
    "median": 11.422042846679688,
    "min": 0.5057779550552368,
    "max": 41.17049026489258,
    "count": 3181
  },
  "depth.building.abs_rel": {
    "mean": 0.7395725637552537,
    "std": 1.0240925297418009,
    "median": 0.4860507547855377,
    "min": 0.03118235617876053,
    "max": 24.411558151245117,
    "count": 3181
  },
  "depth.building.sq_rel": {
    "mean": 10.450761188052335,
    "std": 15.467366966627642,
    "median": 6.854984760284424,
    "min": 0.01582060381770134,
    "max": 433.58782958984375,
    "count": 3181
  },
  "depth.building.delta1": {
    "mean": 0.34737700766145113,
    "std": 0.22993019830474265,
    "median": 0.30940359830856323,
    "min": 0.0,
    "max": 1.0,
    "count": 3181
  },
  "depth.building.delta2": {
    "mean": 0.595313962448256,
    "std": 0.25340279003079086,
    "median": 0.61298006772995,
    "min": 0.0,
    "max": 1.0,
    "count": 3181
  },
  "depth.building.delta3": {
    "mean": 0.759746922235977,
    "std": 0.2245245341159724,
    "median": 0.8132780194282532,
    "min": 0.0,
    "max": 1.0,
    "count": 3181
  },
  "depth.building.rmse_log": {
    "mean": 0.5804225280002598,
    "std": 0.2975461901393719,
    "median": 0.535417377948761,
    "min": 0.03079633042216301,
    "max": 2.957887649536133,
    "count": 3181
  },
  "depth.building.si_log": {
    "mean": 0.47775367704930904,
    "std": 0.2273739206739716,
    "median": 0.46384578943252563,
    "min": 0.0002695239381864667,
    "max": 1.5325244665145874,
    "count": 3181
  },
  "depth.non_building.mae": {
    "mean": 3.4034506286010147,
    "std": 1.2309369405810884,
    "median": 3.502381682395935,
    "min": 0.3699607253074646,
    "max": 6.743784427642822,
    "count": 4000
  },
  "depth.non_building.rmse": {
    "mean": 6.403901636272669,
    "std": 2.2955481445585275,
    "median": 6.821197509765625,
    "min": 0.5189785957336426,
    "max": 13.228598594665527,
    "count": 4000
  },
  "depth.non_building.abs_rel": {
    "mean": 0.24747979631926864,
    "std": 0.13277585554990767,
    "median": 0.21371730417013168,
    "min": 0.04294288903474808,
    "max": 0.8192649483680725,
    "count": 4000
  },
  "depth.non_building.sq_rel": {
    "mean": 2.2111944967564194,
    "std": 1.6349706866388025,
    "median": 1.8512264490127563,
    "min": 0.04001224413514137,
    "max": 12.618122100830078,
    "count": 4000
  },
  "depth.non_building.delta1": {
    "mean": 0.694352373495698,
    "std": 0.17345528668816973,
    "median": 0.7307967245578766,
    "min": 0.19459187984466553,
    "max": 0.9911639094352722,
    "count": 4000
  },
  "depth.non_building.delta2": {
    "mean": 0.8827605698108673,
    "std": 0.07075047148639611,
    "median": 0.8898651897907257,
    "min": 0.6269018650054932,
    "max": 1.0,
    "count": 4000
  },
  "depth.non_building.delta3": {
    "mean": 0.9443002424836159,
    "std": 0.043296214079595094,
    "median": 0.9531892836093903,
    "min": 0.7582149505615234,
    "max": 1.0,
    "count": 4000
  },
  "depth.non_building.rmse_log": {
    "mean": 0.3119538161773235,
    "std": 0.11616047676352918,
    "median": 0.29957960546016693,
    "min": 0.0639377310872078,
    "max": 0.6753663420677185,
    "count": 4000
  },
  "depth.non_building.si_log": {
    "mean": 0.30650683627277614,
    "std": 0.11618693710195278,
    "median": 0.29313981533050537,
    "min": 0.06052841991186142,
    "max": 0.6750585436820984,
    "count": 4000
  },
  "normals.full.angular_mean": {
    "mean": 92.71628701210022,
    "std": 1.9961739497118136,
    "median": 93.00590896606445,
    "min": 79.86720275878906,
    "max": 97.2203598022461,
    "count": 4000
  },
  "normals.full.angular_median": {
    "mean": 86.95363044929505,
    "std": 1.1031960558974532,
    "median": 87.12700271606445,
    "min": 76.81875610351562,
    "max": 89.25811004638672,
    "count": 4000
  },
  "normals.full.inlier_11_25": {
    "mean": 0.042909355515381324,
    "std": 0.0119132987953935,
    "median": 0.04409717209637165,
    "min": 0.007721335627138615,
    "max": 0.09160874783992767,
    "count": 4000
  },
  "normals.full.inlier_22_5": {
    "mean": 0.0930153541257605,
    "std": 0.013045788441253764,
    "median": 0.09456764161586761,
    "min": 0.03364252671599388,
    "max": 0.14624415338039398,
    "count": 4000
  },
  "normals.full.inlier_30": {
    "mean": 0.11627436282485723,
    "std": 0.011291706734119417,
    "median": 0.11750561743974686,
    "min": 0.06425384432077408,
    "max": 0.16747163236141205,
    "count": 4000
  },
  "normals.building.angular_mean": {
    "mean": 81.16051486991779,
    "std": 5.796208819057418,
    "median": 81.23477172851562,
    "min": 45.023529052734375,
    "max": 174.74295043945312,
    "count": 3181
  },
  "normals.building.angular_median": {
    "mean": 83.48441735815979,
    "std": 6.133466436891682,
    "median": 83.26293182373047,
    "min": 1.879927158355713,
    "max": 171.04222106933594,
    "count": 3181
  },
  "normals.building.inlier_11_25": {
    "mean": 0.04979697001592339,
    "std": 0.04775504343516184,
    "median": 0.03600464388728142,
    "min": 0.0,
    "max": 0.5,
    "count": 3181
  },
  "normals.building.inlier_22_5": {
    "mean": 0.11747462639022421,
    "std": 0.058276281632109676,
    "median": 0.10293159633874893,
    "min": 0.0,
    "max": 0.5,
    "count": 3181
  },
  "normals.building.inlier_30": {
    "mean": 0.15631162794409345,
    "std": 0.05597380055552151,
    "median": 0.14336009323596954,
    "min": 0.0,
    "max": 0.625,
    "count": 3181
  },
  "planarity.building.residual_mean": {
    "mean": 0.39386657675898523,
    "std": 0.2071445715432538,
    "median": 0.39580732583999634,
    "min": 0.009167294017970562,
    "max": 5.584260940551758,
    "count": 3084
  },
  "planarity.building.residual_median": {
    "mean": 0.368186224488742,
    "std": 0.19822368323497142,