{
  "depth.full.mae": {
    "mean": 7.724122133374214,
    "std": 2.186907417472023,
    "median": 7.96002984046936,
    "min": 0.47668513655662537,
    "max": 13.631433486938477,
    "count": 4000
  },
  "depth.full.rmse": {
    "mean": 12.13986350184679,
    "std": 3.702655133794567,
    "median": 12.559234142303467,
    "min": 0.6449300646781921,
    "max": 20.533308029174805,
    "count": 4000
  },
  "depth.full.abs_rel": {
    "mean": 0.5477109002955258,
    "std": 0.11252305333171321,
    "median": 0.5537606477737427,
    "min": 0.08558221906423569,
    "max": 0.9935314059257507,
    "count": 4000
  },
  "depth.full.sq_rel": {
    "mean": 5.541485525298864,
    "std": 1.8413310725709304,
    "median": 5.727554559707642,
    "min": 0.08091007173061371,
    "max": 12.624844551086426,
    "count": 4000
  },
  "depth.full.delta1": {
    "mean": 0.25796165214851496,
    "std": 0.09824155741361495,
    "median": 0.23483026772737503,
    "min": 0.09388840198516846,
    "max": 0.9128286838531494,
    "count": 4000
  },
  "depth.full.delta2": {
    "mean": 0.48898149010539055,
    "std": 0.11031172436425694,
    "median": 0.463134765625,
    "min": 0.300019770860672,
    "max": 0.9998620748519897,
    "count": 4000
  },
  "depth.full.delta3": {
    "mean": 0.6925116751343012,
    "std": 0.09157075667895509,
    "median": 0.6759148240089417,
    "min": 0.4573865532875061,
    "max": 1.0,
    "count": 4000
  },
  "depth.full.rmse_log": {
    "mean": 0.6537366785760969,
    "std": 0.11401334932715389,
    "median": 0.677832692861557,
    "min": 0.11445701122283936,
    "max": 0.8860227465629578,
    "count": 4000
  },
  "depth.full.si_log": {
    "mean": 0.6481692677754909,
    "std": 0.11341616433330208,
    "median": 0.6726172268390656,
    "min": 0.1113906055688858,
    "max": 0.8839305639266968,
    "count": 4000
  },
  "depth.building.mae": {
    "mean": 17.226644080660872,
    "std": 10.837556834576088,
    "median": 15.329254150390625,
    "min": 0.16681282222270966,
    "max": 64.17130279541016,
    "count": 3291
  },
  "depth.building.rmse": {
    "mean": 20.553907886804037,
    "std": 11.383116796048938,
    "median": 19.563901901245117,
    "min": 0.17121556401252747,
    "max": 64.18216705322266,
    "count": 3291
  },
  "depth.building.abs_rel": {
    "mean": 0.7142365212070882,
    "std": 0.6789637246863635,
    "median": 0.6257261037826538,
    "min": 0.025541704148054123,
    "max": 21.592540740966797,
    "count": 3291
  },
  "depth.building.sq_rel": {
    "mean": 13.515184824654352,
    "std": 10.710755274567394,
    "median": 11.809021949768066,
    "min": 0.004487290047109127,
    "max": 250.1133270263672,
    "count": 3291
  },
  "depth.building.delta1": {
    "mean": 0.14342477119244626,
    "std": 0.18316284566755703,
    "median": 0.0913827195763588,
    "min": 0.0,
    "max": 1.0,
    "count": 3291
  },
  "depth.building.delta2": {
    "mean": 0.2771344673607597,
    "std": 0.2579381788740612,
    "median": 0.2088661640882492,
    "min": 0.0,
    "max": 1.0,
    "count": 3291
  },
  "depth.building.delta3": {
    "mean": 0.40879874847472,
    "std": 0.28647767260337176,
    "median": 0.3742559552192688,
    "min": 0.0,
    "max": 1.0,
    "count": 3291
  },
  "depth.building.rmse_log": {
    "mean": 0.9332565644371658,
    "std": 0.3276764366267733,
    "median": 0.9453833699226379,
    "min": 0.02658247761428356,
    "max": 2.906381368637085,
    "count": 3291
  },
  "depth.building.si_log": {
    "mean": 0.552501352030806,
    "std": 0.2794250951160047,
    "median": 0.5283743143081665,
    "min": 0.00010735509567894042,
    "max": 1.7142255306243896,
    "count": 3291
  },
  "depth.non_building.mae": {
    "mean": 7.2739424644559625,
    "std": 2.20202730576385,
    "median": 7.515137672424316,
    "min": 0.39963385462760925,
    "max": 13.631433486938477,
    "count": 4000
  },
  "depth.non_building.rmse": {
    "mean": 11.475205865696072,
    "std": 3.7366120453967238,
    "median": 12.038758277893066,
    "min": 0.5247783660888672,
    "max": 20.533308029174805,
    "count": 4000
  },
  "depth.non_building.abs_rel": {
    "mean": 0.5420607049185783,
    "std": 0.10597469781503531,
    "median": 0.5482639372348785,
    "min": 0.07104088366031647,
    "max": 1.2259094715118408,
    "count": 4000
  },
  "depth.non_building.sq_rel": {
    "mean": 5.197960968604312,
    "std": 1.811821591617153,
    "median": 5.359686613082886,
    "min": 0.04603714495897293,
    "max": 12.569887161254883,
    "count": 4000
  },
  "depth.non_building.delta1": {
    "mean": 0.2636357205379754,
    "std": 0.09458450029500469,
    "median": 0.2415042445063591,
    "min": 0.11409866809844971,
    "max": 0.9748653173446655,
    "count": 4000
  },
  "depth.non_building.delta2": {
    "mean": 0.5009744626134635,
    "std": 0.10926001936431319,
    "median": 0.4766237735748291,
    "min": 0.300019770860672,
    "max": 0.9999999403953552,
    "count": 4000
  },
  "depth.non_building.delta3": {
    "mean": 0.7082598422467709,
    "std": 0.09237312798452321,
    "median": 0.6925329267978668,
    "min": 0.4573865532875061,
    "max": 1.0,
    "count": 4000
  },
  "depth.non_building.rmse_log": {
    "mean": 0.6351300013381987,
    "std": 0.11218317074791034,
    "median": 0.657587856054306,
    "min": 0.09085563570261002,
    "max": 0.8820756077766418,
    "count": 4000
  },
  "depth.non_building.si_log": {
    "mean": 0.6280978536829352,
    "std": 0.11723617538328679,
    "median": 0.6535081267356873,
    "min": 0.0905366986989975,
    "max": 0.8803322911262512,
    "count": 4000
  },
  "normals.full.angular_mean": {
    "mean": 76.92586305236816,
    "std": 0.8326205177825253,
    "median": 77.05810165405273,
    "min": 72.11079406738281,
    "max": 78.98724365234375,
    "count": 4000
  },
  "normals.full.angular_median": {
    "mean": 81.15007567214965,
    "std": 1.2571179480066976,
    "median": 81.32316970825195,
    "min": 73.62318420410156,
    "max": 84.62390899658203,
    "count": 4000
  },
  "normals.full.inlier_11_25": {
    "mean": 0.021350929737556725,
    "std": 0.0034940879135645976,
    "median": 0.020703760907053947,
    "min": 0.01450203824788332,
    "max": 0.04149823263287544,
    "count": 4000
  },
  "normals.full.inlier_22_5": {
    "mean": 0.07424314677063376,
    "std": 0.010354515280616214,
    "median": 0.07231920585036278,
    "min": 0.053893111646175385,
    "max": 0.12692730128765106,
    "count": 4000
  },
  "normals.full.inlier_30": {
    "mean": 0.1158663985747844,
    "std": 0.012747003154581002,
    "median": 0.11315510049462318,
    "min": 0.09127046912908554,
    "max": 0.1764058619737625,
    "count": 4000
  },
  "normals.building.angular_mean": {
    "mean": 75.73400243471112,
    "std": 2.3990858789162286,
    "median": 75.3885269165039,
    "min": 62.413299560546875,
    "max": 109.01277923583984,
    "count": 3291
  },
  "normals.building.angular_median": {
    "mean": 84.11526523452152,
    "std": 2.6016786248088666,
    "median": 83.98275756835938,
    "min": 47.22347640991211,
    "max": 114.39404296875,
    "count": 3291
  },
  "normals.building.inlier_11_25": {
    "mean": 0.03696733609448062,
    "std": 0.01127258464745239,
    "median": 0.036648329347372055,
    "min": 0.0,
    "max": 0.15000000596046448,
    "count": 3291
  },
  "normals.building.inlier_22_5": {
    "mean": 0.1203813344688446,
    "std": 0.024522571151646386,
    "median": 0.12127894163131714,
    "min": 0.0,
    "max": 0.2857142984867096,
    "count": 3291
  },
  "normals.building.inlier_30": {
    "mean": 0.17050308263847908,
    "std": 0.0259935916745915,
    "median": 0.17374999821186066,
    "min": 0.0,
    "max": 0.2857142984867096,
    "count": 3291
  },
  "planarity.building.residual_mean": {
    "mean": 0.29612859508072664,
    "std": 0.21807329926985214,
    "median": 0.26277895271778107,
    "min": 0.009400730021297932,
    "max": 3.8846986293792725,
    "count": 3204
  },