{
  "depth.full.mae": {
    "mean": 7.462483345396817,
    "std": 2.1972045836730483,
    "median": 7.676658868789673,
    "min": 0.4773826003074646,
    "max": 16.477291107177734,
    "count": 4000
  },
  "depth.full.rmse": {
    "mean": 11.772634257540107,
    "std": 3.6687705066529785,
    "median": 12.225172996520996,
    "min": 0.6446542739868164,
    "max": 25.29557228088379,
    "count": 4000
  },
  "depth.full.abs_rel": {
    "mean": 0.5380147285293788,
    "std": 0.11224193960167887,
    "median": 0.5428526699542999,
    "min": 0.08557766675949097,
    "max": 0.9825013279914856,
    "count": 4000
  },
  "depth.full.sq_rel": {
    "mean": 5.28560776982829,
    "std": 1.793329546753201,
    "median": 5.461083650588989,
    "min": 0.08050407469272614,
    "max": 12.264782905578613,
    "count": 4000
  },
  "depth.full.delta1": {
    "mean": 0.2647713067643344,
    "std": 0.10275168238037101,
    "median": 0.241310216486454,
    "min": 0.09603118896484375,
    "max": 0.9118445515632629,
    "count": 4000
  },
  "depth.full.delta2": {
    "mean": 0.5030498811379075,
    "std": 0.11178693738628483,
    "median": 0.47999076545238495,
    "min": 0.3101692795753479,
    "max": 0.9999563694000244,
    "count": 4000
  },
  "depth.full.delta3": {
    "mean": 0.7113737200349569,
    "std": 0.08957438740360775,
    "median": 0.6977778077125549,
    "min": 0.4732174277305603,
    "max": 1.0,
    "count": 4000
  },
  "depth.full.rmse_log": {
    "mean": 0.6343946486338973,
    "std": 0.11153461659519755,
    "median": 0.6578545570373535,
    "min": 0.11429999768733978,
    "max": 0.9169251322746277,
    "count": 4000
  },
  "depth.full.si_log": {
    "mean": 0.6293743899669498,
    "std": 0.11133067809625204,
    "median": 0.6536508500576019,
    "min": 0.11144020408391953,
    "max": 0.9129654169082642,
    "count": 4000
  },
  "depth.building.mae": {
    "mean": 16.47213154865029,
    "std": 10.417995181351268,
    "median": 13.935874938964844,
    "min": 0.049490928649902344,
    "max": 54.093746185302734,
    "count": 3273
  },
  "depth.building.rmse": {
    "mean": 19.77264863230559,
    "std": 11.02339637688891,
    "median": 18.14435577392578,
    "min": 0.049942709505558014,
    "max": 56.0371208190918,
    "count": 3273
  },
  "depth.building.abs_rel": {
    "mean": 0.7669855249559651,
    "std": 0.8476354076148176,
    "median": 0.6310005187988281,
    "min": 0.004549426957964897,
    "max": 18.4208984375,
    "count": 3273
  },
  "depth.building.sq_rel": {
    "mean": 13.358968466941137,
    "std": 11.149193835046574,
    "median": 11.37696647644043,
    "min": 0.00022928480757400393,
    "max": 200.0862579345703,
    "count": 3273
  },
  "depth.building.delta1": {
    "mean": 0.14585257021879378,
    "std": 0.1824275958733559,
    "median": 0.0970311388373375,
    "min": 0.0,
    "max": 1.0,
    "count": 3273
  },
  "depth.building.delta2": {
    "mean": 0.2820050280205843,
    "std": 0.2546088637173902,
    "median": 0.23035286366939545,
    "min": 0.0,
    "max": 1.0,
    "count": 3273
  },
  "depth.building.delta3": {
    "mean": 0.4204533681063038,
    "std": 0.28272756466545856,
    "median": 0.40291616320610046,
    "min": 0.0,
    "max": 1.0,
    "count": 3273
  },
  "depth.building.rmse_log": {
    "mean": 0.91182781604346,
    "std": 0.3201344251300223,
    "median": 0.9138827919960022,
    "min": 0.004580147564411163,
    "max": 2.966348886489868,
    "count": 3273
  },
  "depth.building.si_log": {
    "mean": 0.5625697257988661,
    "std": 0.28302332705667327,
    "median": 0.5466088652610779,
    "min": 0.000244140625,
    "max": 1.7055599689483643,
    "count": 3273
  },
  "depth.non_building.mae": {
    "mean": 7.025338423602283,
    "std": 2.185364210817623,
    "median": 7.214145183563232,
    "min": 0.3882647454738617,
    "max": 16.477291107177734,
    "count": 4000
  },
  "depth.non_building.rmse": {
    "mean": 11.126493534505368,
    "std": 3.657501439313894,
    "median": 11.641441822052002,
    "min": 0.5140793323516846,
    "max": 25.29557228088379,
    "count": 4000
  },
  "depth.non_building.abs_rel": {
    "mean": 0.5307851599268615,
    "std": 0.1063245675727269,
    "median": 0.536108523607254,
    "min": 0.06867443025112152,
    "max": 1.1878924369812012,
    "count": 4000
  },
  "depth.non_building.sq_rel": {
    "mean": 4.944632643654942,
    "std": 1.7593236580063494,
    "median": 5.102118968963623,
    "min": 0.04364849999547005,
    "max": 12.249529838562012,
    "count": 4000
  },
  "depth.non_building.delta1": {
    "mean": 0.2707082652486861,
    "std": 0.09903479356987012,
    "median": 0.24800676107406616,
    "min": 0.116587795317173,
    "max": 0.975164532661438,
    "count": 4000
  },
  "depth.non_building.delta2": {
    "mean": 0.5157318512499333,
    "std": 0.11131830564362644,
    "median": 0.49214841425418854,
    "min": 0.3101692795753479,
    "max": 0.9999999403953552,
    "count": 4000
  },
  "depth.non_building.delta3": {
    "mean": 0.7275636884421111,
    "std": 0.09044118942420959,
    "median": 0.7151540815830231,
    "min": 0.4732174277305603,
    "max": 1.0,
    "count": 4000
  },
  "depth.non_building.rmse_log": {
    "mean": 0.6161839759126305,
    "std": 0.10982724700250318,
    "median": 0.6370808184146881,
    "min": 0.08865056186914444,
    "max": 0.9113138318061829,
    "count": 4000
  },
  "depth.non_building.si_log": {
    "mean": 0.6096920335162431,
    "std": 0.11445458196656666,
    "median": 0.6337564885616302,
    "min": 0.08855601400136948,
    "max": 0.8968764543533325,
    "count": 4000
  },
  "normals.full.angular_mean": {
    "mean": 78.91008103179932,
    "std": 1.0308748287986709,
    "median": 79.0671272277832,
    "min": 73.3121109008789,
    "max": 81.14788818359375,
    "count": 4000
  },
  "normals.full.angular_median": {
    "mean": 79.6773480644226,
    "std": 1.1353591653068498,
    "median": 79.78361129760742,
    "min": 71.89212036132812,
    "max": 82.9291763305664,
    "count": 4000
  },
  "normals.full.inlier_11_25": {
    "mean": 0.011256719060940668,
    "std": 0.0027649877457875086,
    "median": 0.010597309563308954,
    "min": 0.007573551032692194,
    "max": 0.0362708754837513,
    "count": 4000
  },
  "normals.full.inlier_22_5": {
    "mean": 0.04208515175245702,
    "std": 0.009002084074801171,
    "median": 0.039914583787322044,
    "min": 0.030982131138443947,
    "max": 0.1163325235247612,
    "count": 4000
  },
  "normals.full.inlier_30": {
    "mean": 0.07918590043950825,
    "std": 0.011670762888623924,
    "median": 0.07648354768753052,
    "min": 0.06160137057304382,
    "max": 0.16765648126602173,
    "count": 4000
  },
  "normals.building.angular_mean": {
    "mean": 76.01320011361527,
    "std": 2.789050341984946,
    "median": 76.01580047607422,
    "min": 45.359466552734375,
    "max": 108.6402816772461,
    "count": 3273
  },
  "normals.building.angular_median": {
    "mean": 75.26975615542487,
    "std": 4.282194017096756,
    "median": 75.74406433105469,
    "min": 8.979338645935059,
    "max": 95.92131805419922,
    "count": 3273
  },
  "normals.building.inlier_11_25": {
    "mean": 0.011378763342507267,
    "std": 0.012490881374899626,
    "median": 0.01044446974992752,
    "min": 0.0,
    "max": 0.5,
    "count": 3273
  },
  "normals.building.inlier_22_5": {
    "mean": 0.04405548305313589,
    "std": 0.024646725143552012,
    "median": 0.04153880849480629,
    "min": 0.0,
    "max": 0.5,
    "count": 3273
  },
  "normals.building.inlier_30": {
    "mean": 0.0774450259282616,
    "std": 0.028068385188784538,
    "median": 0.07450494915246964,
    "min": 0.0,
    "max": 0.5,
    "count": 3273
  },
  "planarity.building.residual_mean": {
    "mean": 0.30112820548270114,
    "std": 0.2551998955197334,
    "median": 0.25910869240760803,
    "min": 0.007900516502559185,
    "max": 4.827205657958984,
    "count": 3177
  },
  "planarity.building.residual_median": {
    "mean": 0.27041275322063235,
    "std": 0.25634571299842623,