{
  "depth.full.mae": {
    "mean": 7.443461728483438,
    "std": 2.157525084538614,
    "median": 7.686013221740723,
    "min": 0.3293933868408203,
    "max": 16.444595336914062,
    "count": 4000
  },
  "depth.full.rmse": {
    "mean": 11.722412372842431,
    "std": 3.619940962879873,
    "median": 12.208372116088867,
    "min": 0.43511706590652466,
    "max": 25.270143508911133,
    "count": 4000
  },
  "depth.full.abs_rel": {
    "mean": 0.5358149696439505,
    "std": 0.11262082149213365,
    "median": 0.5395561754703522,
    "min": 0.06860346347093582,
    "max": 0.9755292534828186,
    "count": 4000
  },
  "depth.full.sq_rel": {
    "mean": 5.237640961318276,
    "std": 1.7678857624217141,
    "median": 5.423874378204346,
    "min": 0.04029577225446701,
    "max": 12.22828483581543,
    "count": 4000
  },
  "depth.full.delta1": {
    "mean": 0.26363635778054595,
    "std": 0.09815826573831628,
    "median": 0.24045123904943466,
    "min": 0.09662601351737976,
    "max": 0.9799438714981079,
    "count": 4000
  },
  "depth.full.delta2": {
    "mean": 0.5034542933180928,
    "std": 0.1096856005338053,
    "median": 0.47971735894680023,
    "min": 0.3116248548030853,
    "max": 1.0,
    "count": 4000
  },
  "depth.full.delta3": {
    "mean": 0.7130627936348319,
    "std": 0.08874730374985049,
    "median": 0.6983294486999512,
    "min": 0.4755838215351105,
    "max": 1.0,
    "count": 4000
  },
  "depth.full.rmse_log": {
    "mean": 0.6302853645347058,
    "std": 0.10947339126060059,
    "median": 0.6523731052875519,
    "min": 0.09099852293729782,
    "max": 0.9150465726852417,
    "count": 4000
  },
  "depth.full.si_log": {
    "mean": 0.6256080642715096,
    "std": 0.10935083581211857,
    "median": 0.6478587687015533,
    "min": 0.09097866714000702,
    "max": 0.9110298752784729,
    "count": 4000
  },
  "depth.building.mae": {
    "mean": 15.851176556046632,
    "std": 10.289488273782023,
    "median": 13.14821720123291,
    "min": 0.03210115432739258,
    "max": 63.33510208129883,
    "count": 3235
  },
  "depth.building.rmse": {
    "mean": 19.12214225380461,
    "std": 10.883016135135302,
    "median": 17.478002548217773,
    "min": 0.032358795404434204,
    "max": 63.3461799621582,
    "count": 3235
  },
  "depth.building.abs_rel": {
    "mean": 0.7599583953411723,
    "std": 1.0880024135141961,
    "median": 0.6059778928756714,
    "min": 0.0032247044146060944,
    "max": 36.77976989746094,
    "count": 3235
  },
  "depth.building.sq_rel": {
    "mean": 12.92339851202883,
    "std": 14.480220444543754,
    "median": 10.685931205749512,
    "min": 0.00010518504132051021,
    "max": 498.7379455566406,
    "count": 3235
  },
  "depth.building.delta1": {
    "mean": 0.15093011575102086,
    "std": 0.17909115018398553,
    "median": 0.10730131715536118,
    "min": 0.0,
    "max": 1.0,
    "count": 3235
  },
  "depth.building.delta2": {
    "mean": 0.3039990786476067,
    "std": 0.25802563720405836,
    "median": 0.2599003314971924,
    "min": 0.0,
    "max": 1.0,
    "count": 3235
  },
  "depth.building.delta3": {
    "mean": 0.44629910584169236,
    "std": 0.28506925698249946,
    "median": 0.43837183713912964,
    "min": 0.0,
    "max": 1.0,
    "count": 3235
  },
  "depth.building.rmse_log": {
    "mean": 0.8838836143451125,
    "std": 0.32167462803985003,
    "median": 0.8843803405761719,
    "min": 0.0032453048042953014,
    "max": 3.610186815261841,
    "count": 3235
  },
  "depth.building.si_log": {
    "mean": 0.5414656471131334,
    "std": 0.27291706027020507,
    "median": 0.51759272813797,
    "min": 0.0,
    "max": 1.7166165113449097,
    "count": 3235
  },
  "depth.non_building.mae": {
    "mean": 7.025808522932231,
    "std": 2.1564862233416835,
    "median": 7.274776220321655,
    "min": 0.3293933868408203,
    "max": 16.444595336914062,
    "count": 4000
  },
  "depth.non_building.rmse": {
    "mean": 11.111358014330268,
    "std": 3.6300466005108234,
    "median": 11.620565414428711,
    "min": 0.43511706590652466,
    "max": 25.270143508911133,
    "count": 4000
  },
  "depth.non_building.abs_rel": {
    "mean": 0.5292705206815154,
    "std": 0.10554511914510142,
    "median": 0.533662348985672,
    "min": 0.06833968311548233,
    "max": 1.096642017364502,
    "count": 4000
  },
  "depth.non_building.sq_rel": {
    "mean": 4.917635660217144,
    "std": 1.7308633708308394,
    "median": 5.087145805358887,
    "min": 0.04029577225446701,
    "max": 12.206052780151367,
    "count": 4000
  },
  "depth.non_building.delta1": {
    "mean": 0.2698408251106739,
    "std": 0.09547081731862937,
    "median": 0.24774593114852905,
    "min": 0.11735367774963379,
    "max": 0.9799438714981079,
    "count": 4000
  },
  "depth.non_building.delta2": {
    "mean": 0.5155225162282586,
    "std": 0.10897421920688688,
    "median": 0.493596613407135,
    "min": 0.3116248548030853,
    "max": 1.0,
    "count": 4000
  },
  "depth.non_building.delta3": {
    "mean": 0.7283618790879846,
    "std": 0.08984823465000731,
    "median": 0.7142081260681152,
    "min": 0.4755838215351105,
    "max": 1.0,
    "count": 4000
  },
  "depth.non_building.rmse_log": {
    "mean": 0.6133751714676619,
    "std": 0.10797506345252945,
    "median": 0.6334518194198608,
    "min": 0.08845602720975876,
    "max": 0.9087539315223694,
    "count": 4000
  },
  "depth.non_building.si_log": {
    "mean": 0.6066868248973042,
    "std": 0.11373948184540442,
    "median": 0.6303184926509857,
    "min": 0.08839647471904755,
    "max": 0.8949099779129028,
    "count": 4000
  },
  "normals.full.angular_mean": {
    "mean": 79.0989319934845,
    "std": 1.0632071038011013,
    "median": 79.28160858154297,
    "min": 74.02507019042969,
    "max": 82.1261215209961,
    "count": 4000
  },
  "normals.full.angular_median": {
    "mean": 79.9503131160736,
    "std": 1.1331684363058834,
    "median": 80.04671096801758,
    "min": 73.57450866699219,
    "max": 83.03388214111328,
    "count": 4000
  },
  "normals.full.inlier_11_25": {
    "mean": 0.011214692302863113,
    "std": 0.00297799015167406,
    "median": 0.01044860016554594,
    "min": 0.007641743402928114,
    "max": 0.034968845546245575,
    "count": 4000
  },
  "normals.full.inlier_22_5": {
    "mean": 0.04168792063416913,
    "std": 0.00959041665108953,
    "median": 0.03915034234523773,
    "min": 0.030309535562992096,
    "max": 0.11348266899585724,
    "count": 4000
  },
  "normals.full.inlier_30": {
    "mean": 0.07880377250630409,
    "std": 0.012341374592299788,
    "median": 0.07597971707582474,
    "min": 0.062048401683568954,
    "max": 0.16507233679294586,
    "count": 4000
  },
  "normals.building.angular_mean": {
    "mean": 75.89539113936506,
    "std": 2.695471708911119,
    "median": 75.88709259033203,
    "min": 49.07221221923828,
    "max": 129.54519653320312,
    "count": 3235
  },
  "normals.building.angular_median": {
    "mean": 75.47069736109266,
    "std": 3.924969276687033,
    "median": 76.01099395751953,
    "min": 22.375202178955078,
    "max": 98.92889404296875,
    "count": 3235
  },
  "normals.building.inlier_11_25": {
    "mean": 0.011597355588578937,
    "std": 0.00867954959253082,
    "median": 0.010774410329759121,
    "min": 0.0,
    "max": 0.25,
    "count": 3235
  },
  "normals.building.inlier_22_5": {
    "mean": 0.04528353926430599,
    "std": 0.020761992165276376,
    "median": 0.0430903285741806,
    "min": 0.0,
    "max": 0.5,
    "count": 3235
  },
  "normals.building.inlier_30": {
    "mean": 0.07972833783764513,
    "std": 0.026072389919656106,
    "median": 0.07651947438716888,
    "min": 0.0,
    "max": 0.5,
    "count": 3235
  },
  "planarity.building.residual_mean": {
    "mean": 0.2974288639375609,
    "std": 0.23968606427014597,
    "median": 0.2615979313850403,
    "min": 0.007885461673140526,
    "max": 4.874377250671387,
    "count": 3157
  },
  "planarity.building.residual_median": {
    "mean": 0.26794739537699797,
    "std": 0.24055015825962137,