{
  "depth.full.mae": {
    "mean": 3.4575458548516034,
    "std": 1.1439888652898103,
    "median": 3.591421127319336,
    "min": 0.4753667116165161,
    "max": 6.635632038116455,
    "count": 4000
  },
  "depth.full.rmse": {
    "mean": 6.325890841841698,
    "std": 2.0352556155379435,
    "median": 6.71755313873291,
    "min": 0.710968554019928,
    "max": 13.310066223144531,
    "count": 4000
  },
  "depth.full.abs_rel": {
    "mean": 0.25961564342677595,
    "std": 0.13936732807614055,
    "median": 0.22130709141492844,
    "min": 0.05469478666782379,
    "max": 0.8941248059272766,
    "count": 4000
  },
  "depth.full.sq_rel": {
    "mean": 2.768292310617864,
    "std": 2.2188312039486604,
    "median": 2.1768323183059692,
    "min": 0.07716595381498337,
    "max": 18.880935668945312,
    "count": 4000
  },
  "depth.full.delta1": {
    "mean": 0.7014123313650489,
    "std": 0.17044876264353792,
    "median": 0.7403188943862915,
    "min": 0.21471646428108215,
    "max": 0.9889922142028809,
    "count": 4000
  },
  "depth.full.delta2": {
    "mean": 0.8870626531392336,
    "std": 0.06915330038834484,
    "median": 0.8962960541248322,
    "min": 0.6363748908042908,
    "max": 0.9998301863670349,
    "count": 4000
  },
  "depth.full.delta3": {
    "mean": 0.9448411815315485,
    "std": 0.04174011489768673,
    "median": 0.9545978009700775,
    "min": 0.7747969031333923,
    "max": 1.0,
    "count": 4000
  },
  "depth.full.rmse_log": {
    "mean": 0.31777441408671436,
    "std": 0.11892127207487484,
    "median": 0.29952967166900635,
    "min": 0.07400394231081009,
    "max": 0.6485000252723694,
    "count": 4000
  },
  "depth.full.si_log": {
    "mean": 0.3137856282722205,
    "std": 0.11888027022702269,
    "median": 0.29580260813236237,
    "min": 0.07296466082334518,
    "max": 0.6442119479179382,
    "count": 4000
  },
  "depth.building.mae": {
    "mean": 8.721662851830953,
    "std": 4.905078084943287,
    "median": 8.033717155456543,
    "min": 0.2991692125797272,
    "max": 30.662479400634766,
    "count": 3315
  },
  "depth.building.rmse": {
    "mean": 11.037775892109174,
    "std": 5.4436888473559835,
    "median": 10.741860389709473,
    "min": 0.4206308424472809,
    "max": 31.822643280029297,
    "count": 3315
  },
  "depth.building.abs_rel": {
    "mean": 0.6383917766661126,
    "std": 0.8485434322819007,
    "median": 0.4483400285243988,
    "min": 0.05579541623592377,
    "max": 19.509347915649414,
    "count": 3315
  },
  "depth.building.sq_rel": {
    "mean": 10.507058874549145,
    "std": 18.29645923153459,
    "median": 6.2393083572387695,
    "min": 0.04009132459759712,
    "max": 326.9117126464844,
    "count": 3315
  },
  "depth.building.delta1": {
    "mean": 0.4222775353132122,
    "std": 0.217219641807633,
    "median": 0.38522809743881226,
    "min": 0.0,
    "max": 1.0,
    "count": 3315
  },
  "depth.building.delta2": {
    "mean": 0.6794976887685776,
    "std": 0.21924346852368592,
    "median": 0.6975962519645691,
    "min": 0.0,
    "max": 1.0,
    "count": 3315
  },
  "depth.building.delta3": {
    "mean": 0.8164607987803763,
    "std": 0.18163025253072893,
    "median": 0.8552152514457703,
    "min": 0.0,
    "max": 1.0,
    "count": 3315
  },
  "depth.building.rmse_log": {
    "mean": 0.5246432357918622,
    "std": 0.2660976565172996,
    "median": 0.48671913146972656,
    "min": 0.07529512047767639,
    "max": 2.8322579860687256,
    "count": 3315
  },
  "depth.building.si_log": {
    "mean": 0.4543208254457239,
    "std": 0.20817391794890225,
    "median": 0.4389817416667938,
    "min": 0.0003452669770922512,
    "max": 1.6107051372528076,
    "count": 3315
  },
  "depth.non_building.mae": {
    "mean": 3.18829432759434,
    "std": 1.1566528564531848,
    "median": 3.2669785022735596,
    "min": 0.3177832067012787,
    "max": 6.430107116699219,
    "count": 4000
  },
  "depth.non_building.rmse": {
    "mean": 5.940302495546639,
    "std": 2.095089379837433,
    "median": 6.3141748905181885,
    "min": 0.4673239290714264,
    "max": 12.1324462890625,
    "count": 4000
  },
  "depth.non_building.abs_rel": {
    "mean": 0.24105683255847543,
    "std": 0.12864832766511952,
    "median": 0.2107236459851265,
    "min": 0.037005484104156494,
    "max": 0.8440901041030884,
    "count": 4000
  },
  "depth.non_building.sq_rel": {
    "mean": 2.4329034741004,
    "std": 2.091796374927481,
    "median": 1.896643340587616,
    "min": 0.026685316115617752,
    "max": 18.12871551513672,
    "count": 4000
  },
  "depth.non_building.delta1": {
    "mean": 0.7186544273123145,
    "std": 0.17233878273954126,
    "median": 0.7577261030673981,
    "min": 0.20915274322032928,
    "max": 0.9970364570617676,
    "count": 4000
  },
  "depth.non_building.delta2": {
    "mean": 0.8997697470486165,
    "std": 0.06314798364018841,
    "median": 0.9074473083019257,
    "min": 0.6363748908042908,
    "max": 1.0,
    "count": 4000
  },
  "depth.non_building.delta3": {
    "mean": 0.9518996440768241,
    "std": 0.037580918360056705,
    "median": 0.9598351120948792,
    "min": 0.7751138806343079,
    "max": 1.0,
    "count": 4000
  },
  "depth.non_building.rmse_log": {
    "mean": 0.3001386890122667,
    "std": 0.11402896248703814,
    "median": 0.2871892750263214,
    "min": 0.05196179822087288,
    "max": 0.6462662816047668,
    "count": 4000
  },
  "depth.non_building.si_log": {
    "mean": 0.2950356661519036,
    "std": 0.11381483438330105,
    "median": 0.2824317216873169,
    "min": 0.05062074214220047,
    "max": 0.6436133980751038,
    "count": 4000
  },
  "normals.full.angular_mean": {
    "mean": 93.60786545944214,
    "std": 2.1228287276657287,
    "median": 93.9057846069336,
    "min": 80.40017700195312,
    "max": 99.03144836425781,
    "count": 4000
  },
  "normals.full.angular_median": {
    "mean": 86.95700635337829,
    "std": 1.007424230774916,
    "median": 87.11012268066406,
    "min": 78.07552337646484,
    "max": 89.39305114746094,
    "count": 4000
  },
  "normals.full.inlier_11_25": {
    "mean": 0.04758715660031885,
    "std": 0.013130918329025625,
    "median": 0.04898376204073429,
    "min": 0.007716351188719273,
    "max": 0.08331725001335144,
    "count": 4000
  },
  "normals.full.inlier_22_5": {
    "mean": 0.09607077175471931,
    "std": 0.01366146164558862,
    "median": 0.09803253039717674,
    "min": 0.0367615669965744,
    "max": 0.13516098260879517,
    "count": 4000
  },
  "normals.full.inlier_30": {
    "mean": 0.1170355220362544,
    "std": 0.011615850286145729,
    "median": 0.11824614554643631,
    "min": 0.06562057137489319,
    "max": 0.15620018541812897,
    "count": 4000
  },
  "normals.building.angular_mean": {
    "mean": 82.23755815831065,
    "std": 5.991406124054466,
    "median": 82.53539276123047,
    "min": 32.686012268066406,
    "max": 132.27989196777344,
    "count": 3315
  },
  "normals.building.angular_median": {
    "mean": 84.76293692941219,
    "std": 5.466288541476887,
    "median": 85.03681182861328,
    "min": 4.76304292678833,
    "max": 103.84607696533203,
    "count": 3315
  },
  "normals.building.inlier_11_25": {
    "mean": 0.06240821661670632,
    "std": 0.05121638612661365,
    "median": 0.049056604504585266,
    "min": 0.0,
    "max": 0.5,
    "count": 3315
  },
  "normals.building.inlier_22_5": {
    "mean": 0.12639812540858533,
    "std": 0.058592213203188234,
    "median": 0.11547718197107315,
    "min": 0.0,
    "max": 0.75,
    "count": 3315
  },
  "normals.building.inlier_30": {
    "mean": 0.16182874070472036,
    "std": 0.056137069080898085,
    "median": 0.15283842384815216,
    "min": 0.0,
    "max": 0.75,
    "count": 3315
  },
  "planarity.building.residual_mean": {
    "mean": 0.39527050049963364,
    "std": 0.3626064038016663,
    "median": 0.3940814733505249,
    "min": 0.0037733828648924828,
    "max": 18.389211654663086,
    "count": 3219
  },
  "planarity.building.residual_median": {
    "mean": 0.36688288388025614,
    "std": 0.36901444760683644,