{
  "depth.full.mae": {
    "mean": 3.4853939931690694,
    "std": 1.1258548625210558,
    "median": 3.6198885440826416,
    "min": 0.46659061312675476,
    "max": 6.635216236114502,
    "count": 4000
  },
  "depth.full.rmse": {
    "mean": 6.37331212592125,
    "std": 1.9496482342810664,
    "median": 6.754337549209595,
    "min": 0.6938692331314087,
    "max": 11.420473098754883,
    "count": 4000
  },
  "depth.full.abs_rel": {
    "mean": 0.2654540770258754,
    "std": 0.14148983985183658,
    "median": 0.22808068245649338,
    "min": 0.04185118526220322,
    "max": 0.9039292931556702,
    "count": 4000
  },
  "depth.full.sq_rel": {
    "mean": 2.822965871199034,
    "std": 2.1470909199022348,
    "median": 2.3139113187789917,
    "min": 0.045656073838472366,
    "max": 23.11101722717285,
    "count": 4000
  },
  "depth.full.delta1": {
    "mean": 0.6928805241435766,
    "std": 0.18025167974374845,
    "median": 0.7386135458946228,
    "min": 0.2140457034111023,
    "max": 0.9945183992385864,
    "count": 4000
  },
  "depth.full.delta2": {
    "mean": 0.88383634775877,
    "std": 0.07266165721237748,
    "median": 0.8952280879020691,
    "min": 0.635285496711731,
    "max": 0.9999468922615051,
    "count": 4000
  },
  "depth.full.delta3": {
    "mean": 0.9426147884130478,
    "std": 0.04387136917829944,
    "median": 0.9530084133148193,
    "min": 0.7720043063163757,
    "max": 1.0,
    "count": 4000
  },
  "depth.full.rmse_log": {
    "mean": 0.32262814936973155,
    "std": 0.12198298912347406,
    "median": 0.3071376383304596,
    "min": 0.060370124876499176,
    "max": 0.6466991901397705,
    "count": 4000
  },
  "depth.full.si_log": {
    "mean": 0.31898830699920655,
    "std": 0.12173850429175383,
    "median": 0.30258339643478394,
    "min": 0.059539079666137695,
    "max": 0.6466808915138245,
    "count": 4000
  },
  "depth.building.mae": {
    "mean": 8.6398444589977,
    "std": 4.572525929526609,
    "median": 8.064594268798828,
    "min": 0.13322269916534424,
    "max": 31.4923152923584,
    "count": 3305
  },
  "depth.building.rmse": {
    "mean": 11.055561985758537,
    "std": 5.222569311064967,
    "median": 10.782506942749023,
    "min": 0.17236271500587463,
    "max": 36.5466423034668,
    "count": 3305
  },
  "depth.building.abs_rel": {
    "mean": 0.6576368617888614,
    "std": 0.7784752848581803,
    "median": 0.479910671710968,
    "min": 0.02664818800985813,
    "max": 20.609434127807617,
    "count": 3305
  },
  "depth.building.sq_rel": {
    "mean": 11.003708111194108,
    "std": 17.945028119852836,
    "median": 6.789337635040283,
    "min": 0.005942595191299915,
    "max": 352.0416564941406,
    "count": 3305
  },
  "depth.building.delta1": {
    "mean": 0.42565307066770225,
    "std": 0.2145823293315258,
    "median": 0.383052796125412,
    "min": 0.0,
    "max": 1.0,
    "count": 3305
  },
  "depth.building.delta2": {
    "mean": 0.6762017464088402,
    "std": 0.21271251730995586,
    "median": 0.6923709511756897,
    "min": 0.0,
    "max": 1.0,
    "count": 3305
  },
  "depth.building.delta3": {
    "mean": 0.8125706038701964,
    "std": 0.17172275280906021,
    "median": 0.8466617465019226,
    "min": 0.0,
    "max": 1.0,
    "count": 3305
  },
  "depth.building.rmse_log": {
    "mean": 0.5359664028749974,
    "std": 0.2593057959639655,
    "median": 0.5061721801757812,
    "min": 0.035332418978214264,
    "max": 2.8952250480651855,
    "count": 3305
  },
  "depth.building.si_log": {
    "mean": 0.47039306646747636,
    "std": 0.21387163457214026,
    "median": 0.4630003571510315,
    "min": 0.0014302622294053435,
    "max": 1.4389199018478394,
    "count": 3305
  },
  "depth.non_building.mae": {
    "mean": 3.205548543572426,
    "std": 1.1278807088203189,
    "median": 3.307932138442993,
    "min": 0.31293800473213196,
    "max": 6.210246562957764,
    "count": 4000
  },
  "depth.non_building.rmse": {
    "mean": 5.96907264456898,
    "std": 1.999682473988228,
    "median": 6.315459489822388,
    "min": 0.46293285489082336,
    "max": 11.031508445739746,
    "count": 4000
  },
  "depth.non_building.abs_rel": {
    "mean": 0.24469868102669715,
    "std": 0.12883635524417558,
    "median": 0.21525511145591736,
    "min": 0.0364801362156868,
    "max": 0.852626621723175,
    "count": 4000
  },
  "depth.non_building.sq_rel": {
    "mean": 2.4331906944699586,
    "std": 1.9395773070401283,
    "median": 1.9709893465042114,
    "min": 0.02651505544781685,
    "max": 18.409025192260742,
    "count": 4000
  },
  "depth.non_building.delta1": {
    "mean": 0.7102315513007342,
    "std": 0.1813913008679726,
    "median": 0.7556906938552856,
    "min": 0.21423128247261047,
    "max": 0.9969202280044556,
    "count": 4000
  },
  "depth.non_building.delta2": {
    "mean": 0.8974908509254456,
    "std": 0.06583518956061721,
    "median": 0.9063192009925842,
    "min": 0.635285496711731,
    "max": 1.0,
    "count": 4000
  },
  "depth.non_building.delta3": {
    "mean": 0.9505610793232918,
    "std": 0.03902266960614134,
    "median": 0.958570659160614,
    "min": 0.7773323655128479,
    "max": 1.0,
    "count": 4000
  },
  "depth.non_building.rmse_log": {
    "mean": 0.30345587495155635,
    "std": 0.11567724706552864,
    "median": 0.29310940206050873,
    "min": 0.05171031132340431,
    "max": 0.643890917301178,
    "count": 4000
  },
  "depth.non_building.si_log": {
    "mean": 0.2985931545328349,
    "std": 0.11517751506805246,
    "median": 0.28796185553073883,
    "min": 0.05072968825697899,
    "max": 0.6415538787841797,
    "count": 4000
  },
  "normals.full.angular_mean": {
    "mean": 93.55674212646484,
    "std": 2.136366299033183,
    "median": 93.85171508789062,
    "min": 80.10577392578125,
    "max": 98.40263366699219,
    "count": 4000
  },
  "normals.full.angular_median": {
    "mean": 86.92486554718018,
    "std": 1.0552619166800667,
    "median": 87.07190322875977,
    "min": 75.98717498779297,
    "max": 89.36759948730469,
    "count": 4000
  },
  "normals.full.inlier_11_25": {
    "mean": 0.04764208494825289,
    "std": 0.012739812857975475,
    "median": 0.048914143815636635,
    "min": 0.007957336492836475,
    "max": 0.0888231098651886,
    "count": 4000
  },
  "normals.full.inlier_22_5": {
    "mean": 0.09645014120358973,
    "std": 0.013320329692993568,
    "median": 0.09769750759005547,
    "min": 0.03657776117324829,
    "max": 0.14209958910942078,
    "count": 4000
  },
  "normals.full.inlier_30": {
    "mean": 0.1174432364180684,
    "std": 0.011510864886892316,
    "median": 0.11798958852887154,
    "min": 0.06564044207334518,
    "max": 0.1661187708377838,
    "count": 4000
  },
  "normals.building.angular_mean": {
    "mean": 82.24954359022824,
    "std": 5.986999223938669,
    "median": 82.61793518066406,
    "min": 42.75202941894531,
    "max": 149.29373168945312,
    "count": 3305
  },
  "normals.building.angular_median": {
    "mean": 84.79244264142416,
    "std": 5.985906046834356,
    "median": 85.00025939941406,
    "min": 3.4306814670562744,
    "max": 172.7460479736328,
    "count": 3305
  },
  "normals.building.inlier_11_25": {
    "mean": 0.06129676363044862,
    "std": 0.04789607828973194,
    "median": 0.04964664950966835,
    "min": 0.0,
    "max": 0.5,
    "count": 3305
  },
  "normals.building.inlier_22_5": {
    "mean": 0.125578653821144,
    "std": 0.05627384207025892,
    "median": 0.11522773653268814,
    "min": 0.0,
    "max": 0.5,
    "count": 3305
  },
  "normals.building.inlier_30": {
    "mean": 0.1611448160176829,
    "std": 0.054489059947870594,
    "median": 0.15203677117824554,
    "min": 0.0,
    "max": 0.5,
    "count": 3305
  },
  "planarity.building.residual_mean": {
    "mean": 0.3848094041626704,
    "std": 0.1916752371556434,
    "median": 0.3930492103099823,
    "min": 0.013516679406166077,
    "max": 3.739253282546997,
    "count": 3226
  },
  "planarity.building.residual_median": {
    "mean": 0.35525450821139115,
    "std": 0.18377888035569362,