{
  "depth.full.mae": {
    "mean": 7.367252660162747,
    "std": 2.1537297327102896,
    "median": 7.615517854690552,
    "min": 0.47692087292671204,
    "max": 12.449031829833984,
    "count": 4000
  },
  "depth.full.rmse": {
    "mean": 11.621370609655976,
    "std": 3.64766215077784,
    "median": 12.20248556137085,
    "min": 0.6441900134086609,
    "max": 19.97867202758789,
    "count": 4000
  },
  "depth.full.abs_rel": {
    "mean": 0.5284323863200844,
    "std": 0.11099708478635319,
    "median": 0.5353004336357117,
    "min": 0.08554171770811081,
    "max": 0.9623293280601501,
    "count": 4000
  },
  "depth.full.sq_rel": {
    "mean": 5.157099706731737,
    "std": 1.7628947766663667,
    "median": 5.422902822494507,
    "min": 0.08043771237134933,
    "max": 10.42895221710205,
    "count": 4000
  },
  "depth.full.delta1": {
    "mean": 0.267789642047137,
    "std": 0.102670223054122,
    "median": 0.24290335923433304,
    "min": 0.09621752053499222,
    "max": 0.9119887351989746,
    "count": 4000
  },
  "depth.full.delta2": {
    "mean": 0.5078773689568042,
    "std": 0.11301126858712535,
    "median": 0.4830254167318344,
    "min": 0.319945365190506,
    "max": 0.9998495578765869,
    "count": 4000
  },
  "depth.full.delta3": {
    "mean": 0.7172322755753994,
    "std": 0.09088407196001873,
    "median": 0.7010354399681091,
    "min": 0.5213674902915955,
    "max": 1.0,
    "count": 4000
  },
  "depth.full.rmse_log": {
    "mean": 0.6265387990809977,
    "std": 0.11127328385189854,
    "median": 0.6531829535961151,
    "min": 0.11423499137163162,
    "max": 0.8585211038589478,
    "count": 4000
  },
  "depth.full.si_log": {
    "mean": 0.6216091518849134,
    "std": 0.1113366134591693,
    "median": 0.6485930681228638,
    "min": 0.11115104705095291,
    "max": 0.8554134368896484,
    "count": 4000
  },
  "depth.non_building.mae": {
    "mean": 6.944793536692858,
    "std": 2.153583375753603,
    "median": 7.231812477111816,
    "min": 0.38824933767318726,
    "max": 12.15367603302002,
    "count": 4000
  },
  "depth.non_building.rmse": {
    "mean": 11.003165676161647,
    "std": 3.667573925598947,
    "median": 11.649322986602783,
    "min": 0.515173614025116,
    "max": 19.39286231994629,
    "count": 4000
  },
  "depth.non_building.abs_rel": {
    "mean": 0.5225006966851652,
    "std": 0.10414950447105194,
    "median": 0.5285045504570007,
    "min": 0.06863168627023697,
    "max": 0.9317960739135742,
    "count": 4000
  },
  "depth.non_building.sq_rel": {
    "mean": 4.8373005189336835,
    "std": 1.730863494750542,
    "median": 5.0498046875,
    "min": 0.04382242634892464,
    "max": 10.410414695739746,
    "count": 4000
  },
  "depth.non_building.delta1": {
    "mean": 0.273791798600927,
    "std": 0.0993023914045754,
    "median": 0.2501830905675888,
    "min": 0.11678838729858398,
    "max": 0.9748653173446655,
    "count": 4000
  },
  "depth.non_building.delta2": {
    "mean": 0.5200119578465819,
    "std": 0.11261436451607387,
    "median": 0.49521344900131226,
    "min": 0.34444481134414673,
    "max": 0.9999999403953552,
    "count": 4000
  },
  "depth.non_building.delta3": {
    "mean": 0.7329527836591005,
    "std": 0.0921081537556174,
    "median": 0.719139814376831,
    "min": 0.5213674902915955,
    "max": 1.0,
    "count": 4000
  },
  "depth.non_building.rmse_log": {
    "mean": 0.6091421653423459,
    "std": 0.11054531256313227,
    "median": 0.6326755285263062,
    "min": 0.08882896602153778,
    "max": 0.8588532209396362,
    "count": 4000
  },
  "depth.non_building.si_log": {
    "mean": 0.6022649466693402,
    "std": 0.1169423102168767,
    "median": 0.6293807923793793,
    "min": 0.08876358717679977,
    "max": 0.8559074401855469,
    "count": 4000
  },
  "normals.full.angular_mean": {
    "mean": 79.10972270011902,
    "std": 1.0273691218782013,
    "median": 79.28337860107422,
    "min": 73.54429626464844,
    "max": 81.96391296386719,
    "count": 4000
  },
  "normals.full.angular_median": {
    "mean": 79.49842535018921,
    "std": 1.1987007227945674,
    "median": 79.6286849975586,
    "min": 71.81909942626953,
    "max": 82.90655517578125,
    "count": 4000
  },
  "normals.full.inlier_11_25": {
    "mean": 0.011253982463967986,
    "std": 0.0026835286278927384,
    "median": 0.010573189705610275,
    "min": 0.007338347379118204,
    "max": 0.034295424818992615,
    "count": 4000
  },
  "normals.full.inlier_22_5": {
    "mean": 0.04136526554170996,
    "std": 0.008846624606747427,
    "median": 0.03895772807300091,
    "min": 0.02977357618510723,
    "max": 0.11150969564914703,
    "count": 4000
  },
  "normals.full.inlier_30": {
    "mean": 0.07687226945441217,
    "std": 0.01157647204232333,
    "median": 0.07397568225860596,
    "min": 0.06026425585150719,
    "max": 0.1635444462299347,
    "count": 4000
  },
  "depth.building.mae": {
    "mean": 15.975481779389298,
    "std": 10.595724432640601,
    "median": 13.289241790771484,
    "min": 0.14731155335903168,
    "max": 58.42861557006836,
    "count": 3303
  },
  "depth.building.rmse": {
    "mean": 19.180169987242728,
    "std": 11.140860717619002,
    "median": 17.554088592529297,
    "min": 0.19475318491458893,
    "max": 58.43912124633789,
    "count": 3303
  },
  "depth.building.abs_rel": {
    "mean": 0.7662225343603353,
    "std": 1.1666955580839418,
    "median": 0.6032879948616028,
    "min": 0.010902752168476582,
    "max": 37.186767578125,
    "count": 3303
  },
  "depth.building.sq_rel": {
    "mean": 13.125524218845168,
    "std": 15.153611416525036,
    "median": 10.703493118286133,
    "min": 0.0027971433009952307,
    "max": 509.76300048828125,
    "count": 3303
  },
  "depth.building.delta1": {
    "mean": 0.1544974725144298,
    "std": 0.18365157532378534,
    "median": 0.10719755291938782,
    "min": 0.0,
    "max": 1.0,
    "count": 3303
  },
  "depth.building.delta2": {
    "mean": 0.3031075517650757,
    "std": 0.2623910997750017,
    "median": 0.2562119662761688,
    "min": 0.0,
    "max": 1.0,
    "count": 3303
  },
  "depth.building.delta3": {
    "mean": 0.443466034294209,
    "std": 0.2895936971338185,
    "median": 0.4359607696533203,
    "min": 0.0,
    "max": 1.0,
    "count": 3303
  },
  "depth.building.rmse_log": {
    "mean": 0.8899731084443866,
    "std": 0.3352847631665932,
    "median": 0.8858242034912109,
    "min": 0.014469912275671959,
    "max": 3.620621919631958,
    "count": 3303
  },
  "depth.building.si_log": {
    "mean": 0.5358212918256926,
    "std": 0.270162986959631,
    "median": 0.5211338996887207,
    "min": 0.0,
    "max": 1.7060917615890503,
    "count": 3303
  },
  "normals.building.angular_mean": {
    "mean": 76.52470774914761,
    "std": 2.5786733274512468,
    "median": 76.49888610839844,
    "min": 45.598690032958984,
    "max": 99.6762466430664,
    "count": 3303
  },
  "normals.building.angular_median": {
    "mean": 75.92125228618515,
    "std": 3.9591590214325816,
    "median": 76.32707977294922,
    "min": 12.357765197753906,
    "max": 109.9858169555664,
    "count": 3303
  },
  "normals.building.inlier_11_25": {
    "mean": 0.011794056673844373,
    "std": 0.008300206875820917,
    "median": 0.01107579655945301,
    "min": 0.0,
    "max": 0.1666666716337204,
    "count": 3303
  },
  "normals.building.inlier_22_5": {
    "mean": 0.044182952804292984,
    "std": 0.019306539246386967,
    "median": 0.04244750738143921,
    "min": 0.0,
    "max": 0.5,
    "count": 3303
  },
  "normals.building.inlier_30": {
    "mean": 0.07763623635253869,
    "std": 0.024921133331036658,
    "median": 0.07526881992816925,
    "min": 0.0,
    "max": 0.5,
    "count": 3303
  },
  "planarity.building.residual_mean": {
    "mean": 0.3067461526015004,
    "std": 0.2867033315722875,
    "median": 0.2623504400253296,
    "min": 0.008345355279743671,
    "max": 7.510247707366943,
    "count": 3223
  },
  "planarity.building.residual_median": {
    "mean": 0.2757585781637673,
    "std": 0.2888765818697745,