{
  "depth.full.mae": {
    "mean": 7.43179440741241,
    "std": 2.0842815507067,
    "median": 7.666775465011597,
    "min": 0.5949810743331909,
    "max": 13.503061294555664,
    "count": 4000
  },
  "depth.full.rmse": {
    "mean": 11.741483535408973,
    "std": 3.565298482765992,
    "median": 12.23833179473877,
    "min": 0.7268961071968079,
    "max": 19.914562225341797,
    "count": 4000
  },
  "depth.full.abs_rel": {
    "mean": 0.531248579191044,
    "std": 0.10569283969663915,
    "median": 0.5324890315532684,
    "min": 0.11363404244184494,
    "max": 0.9226826429367065,
    "count": 4000
  },
  "depth.full.sq_rel": {
    "mean": 5.197041653534398,
    "std": 1.7253343323282204,
    "median": 5.391198635101318,
    "min": 0.108119897544384,
    "max": 10.24368953704834,
    "count": 4000
  },
  "depth.full.delta1": {
    "mean": 0.26375108352676035,
    "std": 0.09110803515845231,
    "median": 0.24147766828536987,
    "min": 0.09596668928861618,
    "max": 0.9062949419021606,
    "count": 4000
  },
  "depth.full.delta2": {
    "mean": 0.5044281348362565,
    "std": 0.10403963248642299,
    "median": 0.48270733654499054,
    "min": 0.30572739243507385,
    "max": 0.9985578656196594,
    "count": 4000
  },
  "depth.full.delta3": {
    "mean": 0.7164001879915595,
    "std": 0.0872904040517953,
    "median": 0.7028702199459076,
    "min": 0.4653223752975464,
    "max": 1.0,
    "count": 4000
  },
  "depth.full.rmse_log": {
    "mean": 0.6291434462964535,
    "std": 0.10523634264800238,
    "median": 0.6511440873146057,
    "min": 0.1420198529958725,
    "max": 0.8512924313545227,
    "count": 4000
  },
  "depth.full.si_log": {
    "mean": 0.6240006011351943,
    "std": 0.10580556259020325,
    "median": 0.6456661224365234,
    "min": 0.1408456563949585,
    "max": 0.8510305881500244,
    "count": 4000
  },
  "depth.building.mae": {
    "mean": 16.170396487786455,
    "std": 10.310075775056967,
    "median": 13.474337577819824,
    "min": 0.5740962028503418,
    "max": 58.386558532714844,
    "count": 3272
  },
  "depth.building.rmse": {
    "mean": 19.46021275276951,
    "std": 10.971094092805341,
    "median": 17.56846523284912,
    "min": 0.6442225575447083,
    "max": 58.39701843261719,
    "count": 3272
  },
  "depth.building.abs_rel": {
    "mean": 0.7402442881659875,
    "std": 0.7414580396069274,
    "median": 0.6134072244167328,
    "min": 0.06432583183050156,
    "max": 17.157779693603516,
    "count": 3272
  },
  "depth.building.sq_rel": {
    "mean": 12.883346725502314,
    "std": 10.507725545847954,
    "median": 10.849869728088379,
    "min": 0.055499590933322906,
    "max": 202.01742553710938,
    "count": 3272
  },
  "depth.building.delta1": {
    "mean": 0.14493846675294214,
    "std": 0.1673062171351414,
    "median": 0.10235938802361488,
    "min": 0.0,
    "max": 1.0,
    "count": 3272
  },
  "depth.building.delta2": {
    "mean": 0.2946601236828055,
    "std": 0.2536191571928102,
    "median": 0.24721399694681168,
    "min": 0.0,
    "max": 1.0,
    "count": 3272
  },
  "depth.building.delta3": {
    "mean": 0.43967064583052434,
    "std": 0.2832080982804899,
    "median": 0.4251836687326431,
    "min": 0.0,
    "max": 1.0,
    "count": 3272
  },
  "depth.building.rmse_log": {
    "mean": 0.8938147111870987,
    "std": 0.3152357691092531,
    "median": 0.8963611721992493,
    "min": 0.06812427937984467,
    "max": 2.8970396518707275,
    "count": 3272
  },
  "depth.building.si_log": {
    "mean": 0.5549170135155159,
    "std": 0.2855275499917342,
    "median": 0.5268993377685547,
    "min": 0.0,
    "max": 1.7156249284744263,
    "count": 3272
  },
  "depth.non_building.mae": {
    "mean": 6.997130969896912,
    "std": 2.0678984885460436,
    "median": 7.231087923049927,
    "min": 0.5652698278427124,
    "max": 13.503061294555664,
    "count": 4000
  },
  "depth.non_building.rmse": {
    "mean": 11.105238313034176,
    "std": 3.547118762753336,
    "median": 11.676350116729736,
    "min": 0.6846210956573486,
    "max": 19.344030380249023,
    "count": 4000
  },
  "depth.non_building.abs_rel": {
    "mean": 0.5246923798769713,
    "std": 0.09881129461006966,
    "median": 0.5269530713558197,
    "min": 0.09943573921918869,
    "max": 1.185166835784912,
    "count": 4000
  },
  "depth.non_building.sq_rel": {
    "mean": 4.864456430051476,
    "std": 1.672430798514349,
    "median": 5.025481224060059,
    "min": 0.09485328942537308,
    "max": 11.118194580078125,
    "count": 4000
  },
  "depth.non_building.delta1": {
    "mean": 0.27006328581646083,
    "std": 0.08915895507565996,
    "median": 0.2494313269853592,
    "min": 0.116587795317173,
    "max": 0.9187690019607544,
    "count": 4000
  },
  "depth.non_building.delta2": {
    "mean": 0.5164371195584535,
    "std": 0.10319159842650315,
    "median": 0.49578797817230225,
    "min": 0.30572739243507385,
    "max": 0.9997409582138062,
    "count": 4000
  },
  "depth.non_building.delta3": {
    "mean": 0.7318164199963212,
    "std": 0.0873659209859473,
    "median": 0.7196525037288666,
    "min": 0.4653223752975464,
    "max": 1.0,
    "count": 4000
  },
  "depth.non_building.rmse_log": {
    "mean": 0.6115891877189279,
    "std": 0.1029907940835421,
    "median": 0.6309382319450378,
    "min": 0.13265979290008545,
    "max": 0.8512959480285645,
    "count": 4000
  },
  "depth.non_building.si_log": {
    "mean": 0.6046241364479065,
    "std": 0.10919636867766047,
    "median": 0.6273449659347534,
    "min": 0.09950124472379684,
    "max": 0.8510335087776184,
    "count": 4000
  },
  "normals.full.angular_mean": {
    "mean": 78.98016013908386,
    "std": 1.006058905743574,
    "median": 79.13220596313477,
    "min": 73.38843536376953,
    "max": 81.30802917480469,
    "count": 4000
  },
  "normals.full.angular_median": {
    "mean": 80.12312980270386,
    "std": 1.1544134580122734,
    "median": 80.24252700805664,
    "min": 72.0541000366211,
    "max": 83.10446166992188,
    "count": 4000
  },
  "normals.full.inlier_11_25": {
    "mean": 0.011474131135968492,
    "std": 0.002417765987657282,
    "median": 0.010846039280295372,
    "min": 0.007931998930871487,
    "max": 0.032074883580207825,
    "count": 4000
  },
  "normals.full.inlier_22_5": {
    "mean": 0.04230607193429023,
    "std": 0.007989011067955088,
    "median": 0.04015266336500645,
    "min": 0.03116215392947197,
    "max": 0.10555244982242584,
    "count": 4000
  },
  "normals.full.inlier_30": {
    "mean": 0.07948203155212104,
    "std": 0.010288407127647036,
    "median": 0.07726391404867172,
    "min": 0.06152782589197159,
    "max": 0.15855959057807922,
    "count": 4000
  },
  "normals.building.angular_mean": {
    "mean": 76.00537912886416,
    "std": 2.7999633491829723,
    "median": 75.92588806152344,
    "min": 43.66455078125,
    "max": 130.15696716308594,
    "count": 3272
  },
  "normals.building.angular_median": {
    "mean": 75.90182748342201,
    "std": 3.961673150843816,
    "median": 76.36161804199219,
    "min": 36.776885986328125,
    "max": 112.85616302490234,
    "count": 3272
  },
  "normals.building.inlier_11_25": {
    "mean": 0.012354001910215094,
    "std": 0.011133368530509493,
    "median": 0.011368421837687492,
    "min": 0.0,
    "max": 0.3333333432674408,
    "count": 3272
  },
  "normals.building.inlier_22_5": {
    "mean": 0.04719996945701954,
    "std": 0.02017767090099409,
    "median": 0.044980358332395554,
    "min": 0.0,
    "max": 0.375,
    "count": 3272
  },
  "normals.building.inlier_30": {
    "mean": 0.08240198550152668,
    "std": 0.025176411676722642,
    "median": 0.07968201488256454,
    "min": 0.0,
    "max": 0.375,
    "count": 3272
  },
  "planarity.building.residual_mean": {
    "mean": 0.30657042222468645,
    "std": 0.3028248029673077,
    "median": 0.26098981499671936,
    "min": 0.010396841913461685,
    "max": 7.5048394203186035,
    "count": 3192
  },
  "planarity.building.residual_median": {
    "mean": 0.276428022916151,