{
  "depth.full.mae": {
    "mean": 7.497090269707143,
    "std": 2.076970484975175,
    "median": 7.663413763046265,
    "min": 0.4762803614139557,
    "max": 12.515401840209961,
    "count": 4000
  },
  "depth.full.rmse": {
    "mean": 11.822660149171949,
    "std": 3.4884309975766525,
    "median": 12.173596858978271,
    "min": 0.6426926851272583,
    "max": 19.89919662475586,
    "count": 4000
  },
  "depth.full.abs_rel": {
    "mean": 0.5372723675947636,
    "std": 0.10585641821410488,
    "median": 0.5399159491062164,
    "min": 0.08533621579408646,
    "max": 0.9110602736473083,
    "count": 4000
  },
  "depth.full.sq_rel": {
    "mean": 5.273882788745686,
    "std": 1.6885097748724085,
    "median": 5.432113885879517,
    "min": 0.07995365560054779,
    "max": 9.741267204284668,
    "count": 4000
  },
  "depth.full.delta1": {
    "mean": 0.26191272475942967,
    "std": 0.09255820687387788,
    "median": 0.2413579747080803,
    "min": 0.09643968194723129,
    "max": 0.9127095937728882,
    "count": 4000
  },
  "depth.full.delta2": {
    "mean": 0.500208615809679,
    "std": 0.10096750900144343,
    "median": 0.4794418215751648,
    "min": 0.3178670406341553,
    "max": 0.9998871684074402,
    "count": 4000
  },
  "depth.full.delta3": {
    "mean": 0.7116505431234836,
    "std": 0.0835315420132861,
    "median": 0.6994242370128632,
    "min": 0.4969872236251831,
    "max": 1.0,
    "count": 4000
  },
  "depth.full.rmse_log": {
    "mean": 0.6328340271264314,
    "std": 0.10115738042009358,
    "median": 0.6514869630336761,
    "min": 0.11395509541034698,
    "max": 0.8489517569541931,
    "count": 4000
  },
  "depth.full.si_log": {
    "mean": 0.6280550998989493,
    "std": 0.10155773463633823,
    "median": 0.6471352279186249,
    "min": 0.11118960380554199,
    "max": 0.8456240296363831,
    "count": 4000
  },
  "depth.building.mae": {
    "mean": 16.121517209486758,
    "std": 10.296773809396939,
    "median": 13.510424613952637,
    "min": 0.28750261664390564,
    "max": 52.23992156982422,
    "count": 3290
  },
  "depth.building.rmse": {
    "mean": 19.385360647887445,
    "std": 10.883116563129317,
    "median": 17.64330005645752,
    "min": 0.2976132333278656,
    "max": 54.30023193359375,
    "count": 3290
  },
  "depth.building.abs_rel": {
    "mean": 0.7304712969560663,
    "std": 0.7846278400360038,
    "median": 0.6154485046863556,
    "min": 0.044022366404533386,
    "max": 21.391860961914062,
    "count": 3290
  },
  "depth.building.sq_rel": {
    "mean": 12.78539667167562,
    "std": 10.987824088438346,
    "median": 11.050681591033936,
    "min": 0.013559266924858093,
    "max": 245.32473754882812,
    "count": 3290
  },
  "depth.building.delta1": {
    "mean": 0.15305442505148642,
    "std": 0.18066986283289083,
    "median": 0.10689781978726387,
    "min": 0.0,
    "max": 1.0,
    "count": 3290
  },
  "depth.building.delta2": {
    "mean": 0.2955512205978125,
    "std": 0.2570311814312252,
    "median": 0.2433346062898636,
    "min": 0.0,
    "max": 1.0,
    "count": 3290
  },
  "depth.building.delta3": {
    "mean": 0.43569887653428435,
    "std": 0.2822466019619979,
    "median": 0.4181436449289322,
    "min": 0.0,
    "max": 1.0,
    "count": 3290
  },
  "depth.building.rmse_log": {
    "mean": 0.888209972072019,
    "std": 0.3105033376626679,
    "median": 0.897716611623764,
    "min": 0.046720240265131,
    "max": 2.9029383659362793,
    "count": 3290
  },
  "depth.building.si_log": {
    "mean": 0.5528642729998674,
    "std": 0.2725520009027211,
    "median": 0.5267178118228912,
    "min": 0.0,
    "max": 1.7055563926696777,
    "count": 3290
  },
  "depth.non_building.mae": {
    "mean": 7.07077048330754,
    "std": 2.075266238552915,
    "median": 7.264557838439941,
    "min": 0.38799580931663513,
    "max": 12.515401840209961,
    "count": 4000
  },
  "depth.non_building.rmse": {
    "mean": 11.200001569852233,
    "std": 3.5009150912079505,
    "median": 11.65375804901123,
    "min": 0.5138397216796875,
    "max": 19.323068618774414,
    "count": 4000
  },
  "depth.non_building.abs_rel": {
    "mean": 0.530627988293767,
    "std": 0.0989173938277107,
    "median": 0.5339629054069519,
    "min": 0.06862488389015198,
    "max": 1.1852797269821167,
    "count": 4000
  },
  "depth.non_building.sq_rel": {
    "mean": 4.943676268167794,
    "std": 1.6549874639112903,
    "median": 5.071444988250732,
    "min": 0.043616898357868195,
    "max": 11.107336044311523,
    "count": 4000
  },
  "depth.non_building.delta1": {
    "mean": 0.2674210718721151,
    "std": 0.08771920681350921,
    "median": 0.24849876016378403,
    "min": 0.11708015203475952,
    "max": 0.9754637479782104,
    "count": 4000
  },
  "depth.non_building.delta2": {
    "mean": 0.5122161221876741,
    "std": 0.10027027802018945,
    "median": 0.49398073554039,
    "min": 0.3178670406341553,
    "max": 0.9999999403953552,
    "count": 4000
  },
  "depth.non_building.delta3": {
    "mean": 0.7274718594402075,
    "std": 0.0846411246489063,
    "median": 0.717528909444809,
    "min": 0.4969872236251831,
    "max": 1.0,
    "count": 4000
  },
  "depth.non_building.rmse_log": {
    "mean": 0.6154072788953782,
    "std": 0.09916690666393131,
    "median": 0.6334609985351562,
    "min": 0.08860868960618973,
    "max": 0.8425982594490051,
    "count": 4000
  },
  "depth.non_building.si_log": {
    "mean": 0.6091698800269514,
    "std": 0.10454820255381715,
    "median": 0.6303792297840118,
    "min": 0.08851738274097443,
    "max": 0.8347724080085754,
    "count": 4000
  },
  "normals.full.angular_mean": {
    "mean": 79.10910234451293,
    "std": 1.0172927821896705,
    "median": 79.2878189086914,
    "min": 73.47345733642578,
    "max": 82.10858917236328,
    "count": 4000
  },
  "normals.full.angular_median": {
    "mean": 79.75347312355042,
    "std": 1.1170709177156954,
    "median": 79.83035659790039,
    "min": 71.8225326538086,
    "max": 83.0589599609375,
    "count": 4000
  },
  "normals.full.inlier_11_25": {
    "mean": 0.010992129313526675,
    "std": 0.002572900801948072,
    "median": 0.01034594839438796,
    "min": 0.00736828800290823,
    "max": 0.03560657426714897,
    "count": 4000
  },
  "normals.full.inlier_22_5": {
    "mean": 0.04121006821794435,
    "std": 0.008326571984048776,
    "median": 0.03903099708259106,
    "min": 0.030793434008955956,
    "max": 0.11559514701366425,
    "count": 4000
  },
  "normals.full.inlier_30": {
    "mean": 0.07810215852037072,
    "std": 0.010818973711141657,
    "median": 0.07560095936059952,
    "min": 0.06125686317682266,
    "max": 0.1667928844690323,
    "count": 4000
  },
  "normals.building.angular_mean": {
    "mean": 75.94628149107959,
    "std": 3.0083778391295444,
    "median": 75.91012191772461,
    "min": 44.5873908996582,
    "max": 128.09710693359375,
    "count": 3290
  },
  "normals.building.angular_median": {
    "mean": 75.15559579710106,
    "std": 4.115083623483176,
    "median": 75.67721939086914,
    "min": 15.755829811096191,
    "max": 105.18707275390625,
    "count": 3290
  },
  "normals.building.inlier_11_25": {
    "mean": 0.011699038007813944,
    "std": 0.010930648513057003,
    "median": 0.010421421844512224,
    "min": 0.0,
    "max": 0.25,
    "count": 3290
  },
  "normals.building.inlier_22_5": {
    "mean": 0.044582444986492664,
    "std": 0.023916839538277123,
    "median": 0.041471900418400764,
    "min": 0.0,
    "max": 0.5,
    "count": 3290
  },
  "normals.building.inlier_30": {
    "mean": 0.07817131671007145,
    "std": 0.027216188649619253,
    "median": 0.07416192814707756,
    "min": 0.0,
    "max": 0.5,
    "count": 3290
  },
  "planarity.building.residual_mean": {
    "mean": 0.3049189671643333,
    "std": 0.27239001274728103,
    "median": 0.2637970447540283,
    "min": 0.007833781652152538,
    "max": 4.874445915222168,
    "count": 3189
  },
  "planarity.building.residual_median": {
    "mean": 0.27469937718821197,
    "std": 0.2753346645251949,