{
  "depth.full.mae": {
    "mean": 7.904699046000839,
    "std": 2.3951473909595276,
    "median": 8.295892715454102,
    "min": 0.5048617720603943,
    "max": 14.688984870910645,
    "count": 4000
  },
  "depth.full.rmse": {
    "mean": 12.061427113831042,
    "std": 3.8756622519966433,
    "median": 12.724759578704834,
    "min": 0.6963284611701965,
    "max": 20.765701293945312,
    "count": 4000
  },
  "depth.full.abs_rel": {
    "mean": 0.5897353640124202,
    "std": 0.12704662132923675,
    "median": 0.60370072722435,
    "min": 0.09114355593919754,
    "max": 1.0047848224639893,
    "count": 4000
  },
  "depth.full.sq_rel": {
    "mean": 5.948514611182734,
    "std": 2.063538716526842,
    "median": 6.294690847396851,
    "min": 0.09519267827272415,
    "max": 11.765639305114746,
    "count": 4000
  },
  "depth.full.delta1": {
    "mean": 0.240686540029943,
    "std": 0.11002670234215405,
    "median": 0.20918534696102142,
    "min": 0.08197767287492752,
    "max": 0.8984681367874146,
    "count": 4000
  },
  "depth.full.delta2": {
    "mean": 0.4550304766446352,
    "std": 0.127211851397279,
    "median": 0.42008180916309357,
    "min": 0.26559269428253174,
    "max": 0.999648928642273,
    "count": 4000
  },
  "depth.full.delta3": {
    "mean": 0.6519400081261992,
    "std": 0.10893312434160717,
    "median": 0.6252632737159729,
    "min": 0.409432590007782,
    "max": 1.0,
    "count": 4000
  },
  "depth.full.rmse_log": {
    "mean": 0.6828225691094995,
    "std": 0.12777862459843842,
    "median": 0.7157517671585083,
    "min": 0.1230296939611435,
    "max": 0.9107956290245056,
    "count": 4000
  },
  "depth.full.si_log": {
    "mean": 0.6775181837920099,
    "std": 0.1280030622339641,
    "median": 0.7113704979419708,
    "min": 0.11963339895009995,
    "max": 0.8922067880630493,
    "count": 4000
  },
  "depth.building.mae": {
    "mean": 16.500551257708818,
    "std": 10.562274316202814,
    "median": 14.139843463897705,
    "min": 0.22912216186523438,
    "max": 59.86320114135742,
    "count": 3338
  },
  "depth.building.rmse": {
    "mean": 19.830565255427697,
    "std": 11.175662877257503,
    "median": 18.522032737731934,
    "min": 0.2300083190202713,
    "max": 59.87321472167969,
    "count": 3338
  },
  "depth.building.abs_rel": {
    "mean": 0.7240774430582325,
    "std": 0.8140289889188923,
    "median": 0.6263961493968964,
    "min": 0.03508754447102547,
    "max": 34.190406799316406,
    "count": 3338
  },
  "depth.building.sq_rel": {
    "mean": 13.109658627376884,
    "std": 11.936738615443453,
    "median": 11.080027103424072,
    "min": 0.008100507780909538,
    "max": 430.8751220703125,
    "count": 3338
  },
  "depth.building.delta1": {
    "mean": 0.13906460947034185,
    "std": 0.17702228982710952,
    "median": 0.08920899778604507,
    "min": 0.0,
    "max": 1.0,
    "count": 3338
  },
  "depth.building.delta2": {
    "mean": 0.27861886919547185,
    "std": 0.25913568822597155,
    "median": 0.2181762456893921,
    "min": 0.0,
    "max": 1.0,
    "count": 3338
  },
  "depth.building.delta3": {
    "mean": 0.41011287117075734,
    "std": 0.2897701074593061,
    "median": 0.3824792355298996,
    "min": 0.0,
    "max": 1.0,
    "count": 3338
  },
  "depth.building.rmse_log": {
    "mean": 0.9421709393239829,
    "std": 0.33628641560926587,
    "median": 0.949352890253067,
    "min": 0.03586099296808243,
    "max": 3.5387353897094727,
    "count": 3338
  },
  "depth.building.si_log": {
    "mean": 0.5516499370778569,
    "std": 0.2798726963391297,
    "median": 0.5277101993560791,
    "min": 0.0,
    "max": 1.706760048866272,
    "count": 3336
  },
  "depth.non_building.mae": {
    "mean": 7.484782083280384,
    "std": 2.3544592053581685,
    "median": 7.837305307388306,
    "min": 0.3924037218093872,
    "max": 14.688984870910645,
    "count": 4000
  },
  "depth.non_building.rmse": {
    "mean": 11.440081764072179,
    "std": 3.8363191896933504,
    "median": 12.194180488586426,
    "min": 0.5237227082252502,
    "max": 20.345457077026367,
    "count": 4000
  },
  "depth.non_building.abs_rel": {
    "mean": 0.5886011213883757,
    "std": 0.12315902533599105,
    "median": 0.6018197536468506,
    "min": 0.06914360821247101,
    "max": 1.3257721662521362,
    "count": 4000
  },
  "depth.non_building.sq_rel": {
    "mean": 5.653828847168945,
    "std": 2.0086191676254717,
    "median": 5.964097738265991,
    "min": 0.044887129217386246,
    "max": 13.229598045349121,
    "count": 4000
  },
  "depth.non_building.delta1": {
    "mean": 0.24522303349524738,
    "std": 0.10661506819060385,
    "median": 0.21490304917097092,
    "min": 0.10082290321588516,
    "max": 0.9703769683837891,
    "count": 4000
  },
  "depth.non_building.delta2": {
    "mean": 0.4638417720347643,
    "std": 0.12340340651210928,
    "median": 0.43099455535411835,
    "min": 0.26798173785209656,
    "max": 0.9999999403953552,
    "count": 4000
  },
  "depth.non_building.delta3": {
    "mean": 0.6650844106450677,
    "std": 0.10829119055690263,
    "median": 0.6396273076534271,
    "min": 0.409432590007782,
    "max": 1.0,
    "count": 4000
  },
  "depth.non_building.rmse_log": {
    "mean": 0.6665156995225697,
    "std": 0.12484832133107356,
    "median": 0.699492484331131,
    "min": 0.09019897133111954,
    "max": 0.9011901617050171,
    "count": 4000
  },
  "depth.non_building.si_log": {
    "mean": 0.6588393143732101,
    "std": 0.1312496131065492,
    "median": 0.6951032876968384,
    "min": 0.09019655734300613,
    "max": 0.8769894242286682,
    "count": 4000
  },
  "normals.full.angular_mean": {
    "mean": 72.34376167678833,
    "std": 0.5305542599527059,
    "median": 72.42410659790039,
    "min": 68.98214721679688,
    "max": 73.65233612060547,
    "count": 4000
  },
  "normals.full.angular_median": {
    "mean": 82.08984587860107,
    "std": 0.6656490411102048,
    "median": 82.16630935668945,
    "min": 77.92318725585938,
    "max": 83.59068298339844,
    "count": 4000
  },
  "normals.full.inlier_11_25": {
    "mean": 0.050727897517383096,
    "std": 0.0034781481608023943,
    "median": 0.05044993571937084,
    "min": 0.03657969832420349,
    "max": 0.06679113954305649,
    "count": 4000
  },
  "normals.full.inlier_22_5": {
    "mean": 0.15544535320997238,
    "std": 0.005533723451202429,
    "median": 0.1549443081021309,
    "min": 0.1339467316865921,
    "max": 0.17823131382465363,
    "count": 4000
  },
  "normals.full.inlier_30": {
    "mean": 0.20434003815054894,
    "std": 0.003562694050619287,
    "median": 0.2042674645781517,
    "min": 0.19200338423252106,
    "max": 0.2173955738544464,
    "count": 4000
  },
  "normals.building.angular_mean": {
    "mean": 74.74186494437572,
    "std": 2.7048249711449657,
    "median": 74.55427169799805,
    "min": 58.704463958740234,
    "max": 151.7240753173828,
    "count": 3338
  },
  "normals.building.angular_median": {
    "mean": 84.6754403374308,
    "std": 2.593204859767626,
    "median": 84.68766021728516,
    "min": 46.61195373535156,
    "max": 127.39929962158203,
    "count": 3338
  },
  "normals.building.inlier_11_25": {
    "mean": 0.0487120217906502,
    "std": 0.01271950263405146,
    "median": 0.048833293840289116,
    "min": 0.0,
    "max": 0.25,
    "count": 3338
  },
  "normals.building.inlier_22_5": {
    "mean": 0.14618932494336773,
    "std": 0.023242224688891065,
    "median": 0.1484367549419403,
    "min": 0.0,
    "max": 0.30000001192092896,
    "count": 3338
  },
  "normals.building.inlier_30": {
    "mean": 0.19353268992037492,
    "std": 0.022391897182359496,
    "median": 0.19691715389490128,
    "min": 0.0,
    "max": 0.30000001192092896,
    "count": 3338
  },
  "planarity.building.residual_mean": {
    "mean": 0.29691246155156303,
    "std": 0.3026228510152771,
    "median": 0.24415235221385956,
    "min": 0.009446797892451286,
    "max": 7.694795608520508,
    "count": 3256
  },
  "planarity.building.residual_median": {
    "mean": 0.26999989578071915,