{
  "depth.full.mae": {
    "mean": 3.425375879392028,
    "std": 1.1895530558985723,
    "median": 3.599256992340088,
    "min": 0.4769691824913025,
    "max": 6.635923385620117,
    "count": 4000
  },
  "depth.full.rmse": {
    "mean": 6.2436685204356905,
    "std": 2.0820167536532517,
    "median": 6.65568470954895,
    "min": 0.7138764262199402,
    "max": 13.523713111877441,
    "count": 4000
  },
  "depth.full.abs_rel": {
    "mean": 0.26110498116351666,
    "std": 0.1419295232386957,
    "median": 0.2270251139998436,
    "min": 0.03889579325914383,
    "max": 0.8985769152641296,
    "count": 4000
  },
  "depth.full.sq_rel": {
    "mean": 2.775554691960104,
    "std": 2.2957172336864002,
    "median": 2.1774959564208984,
    "min": 0.049196694046258926,
    "max": 22.857257843017578,
    "count": 4000
  },
  "depth.full.delta1": {
    "mean": 0.6975862779170274,
    "std": 0.18043572335534588,
    "median": 0.738869309425354,
    "min": 0.21408958733081818,
    "max": 0.9948148131370544,
    "count": 4000
  },
  "depth.full.delta2": {
    "mean": 0.8873978625386953,
    "std": 0.07167073111643164,
    "median": 0.895159125328064,
    "min": 0.6345435976982117,
    "max": 0.9999669790267944,
    "count": 4000
  },
  "depth.full.delta3": {
    "mean": 0.9444576790034771,
    "std": 0.04321730078307557,
    "median": 0.9538527429103851,
    "min": 0.7748028039932251,
    "max": 1.0,
    "count": 4000
  },
  "depth.full.rmse_log": {
    "mean": 0.31794131571147594,
    "std": 0.12352721698818012,
    "median": 0.3051346391439438,
    "min": 0.06140138581395149,
    "max": 0.6471140384674072,
    "count": 4000
  },
  "depth.full.si_log": {
    "mean": 0.31378007115144285,
    "std": 0.1235674084306028,
    "median": 0.30064859986305237,
    "min": 0.06135372072458267,
    "max": 0.6441479921340942,
    "count": 4000
  },
  "depth.building.mae": {
    "mean": 8.386020672145149,
    "std": 4.630068572882521,
    "median": 7.886754274368286,
    "min": 0.4685632586479187,
    "max": 36.54497528076172,
    "count": 3248
  },
  "depth.building.rmse": {
    "mean": 10.70650675507455,
    "std": 5.242831759095807,
    "median": 10.596513271331787,
    "min": 0.6077485680580139,
    "max": 39.962310791015625,
    "count": 3248
  },
  "depth.building.abs_rel": {
    "mean": 0.6308428679049254,
    "std": 0.7550226064586684,
    "median": 0.43729496002197266,
    "min": 0.055463023483753204,
    "max": 19.761518478393555,
    "count": 3248
  },
  "depth.building.sq_rel": {
    "mean": 10.367944371414008,
    "std": 16.30477052813588,
    "median": 5.933694124221802,
    "min": 0.057287104427814484,
    "max": 339.01727294921875,
    "count": 3248
  },
  "depth.building.delta1": {
    "mean": 0.44025789552907,
    "std": 0.22594253886160934,
    "median": 0.40100473165512085,
    "min": 0.0,
    "max": 1.0,
    "count": 3248
  },
  "depth.building.delta2": {
    "mean": 0.6883368378940521,
    "std": 0.22313301368820182,
    "median": 0.715329498052597,
    "min": 0.0,
    "max": 1.0,
    "count": 3248
  },
  "depth.building.delta3": {
    "mean": 0.820962333594239,
    "std": 0.18011839535883623,
    "median": 0.8692364990711212,
    "min": 0.0,
    "max": 1.0,
    "count": 3248
  },
  "depth.building.rmse_log": {
    "mean": 0.5192105152937836,
    "std": 0.26851936017103095,
    "median": 0.47863776981830597,
    "min": 0.07484839111566544,
    "max": 2.8454701900482178,
    "count": 3248
  },
  "depth.building.si_log": {
    "mean": 0.4507461396013671,
    "std": 0.21813932352649545,
    "median": 0.4303354173898697,
    "min": 0.0,
    "max": 1.52729332447052,
    "count": 3248
  },
  "depth.non_building.mae": {
    "mean": 3.1521826139688494,
    "std": 1.1951182108465157,
    "median": 3.2894104719161987,
    "min": 0.31886017322540283,
    "max": 6.534135818481445,
    "count": 4000
  },
  "depth.non_building.rmse": {
    "mean": 5.851499460823834,
    "std": 2.131270587965004,
    "median": 6.259116172790527,
    "min": 0.46875274181365967,
    "max": 13.523713111877441,
    "count": 4000
  },
  "depth.non_building.abs_rel": {
    "mean": 0.24151688421145082,
    "std": 0.13063418397220036,
    "median": 0.21231122314929962,
    "min": 0.03729095682501793,
    "max": 0.8482274413108826,
    "count": 4000
  },
  "depth.non_building.sq_rel": {
    "mean": 2.4091465463102795,
    "std": 2.1058141894658204,
    "median": 1.9124485850334167,
    "min": 0.026851622387766838,
    "max": 18.310949325561523,
    "count": 4000
  },
  "depth.non_building.delta1": {
    "mean": 0.7150417296402156,
    "std": 0.18195008650917802,
    "median": 0.7578300535678864,
    "min": 0.16474297642707825,
    "max": 0.9969899654388428,
    "count": 4000
  },
  "depth.non_building.delta2": {
    "mean": 0.9004940850138664,
    "std": 0.06540219596513261,
    "median": 0.906329870223999,
    "min": 0.6345435976982117,
    "max": 1.0,
    "count": 4000
  },
  "depth.non_building.delta3": {
    "mean": 0.9519283961206675,
    "std": 0.03878224821060769,
    "median": 0.959867537021637,
    "min": 0.7751198410987854,
    "max": 1.0,
    "count": 4000
  },
  "depth.non_building.rmse_log": {
    "mean": 0.29940039256308226,
    "std": 0.11795892573739075,
    "median": 0.2900001108646393,
    "min": 0.05222603678703308,
    "max": 0.6467047333717346,
    "count": 4000
  },
  "depth.non_building.si_log": {
    "mean": 0.2938921415749937,
    "std": 0.11778745865416239,
    "median": 0.2855149656534195,
    "min": 0.05064532905817032,
    "max": 0.6441084742546082,
    "count": 4000
  },
  "normals.full.angular_mean": {
    "mean": 93.42661836242675,
    "std": 2.291186694716737,
    "median": 93.77853775024414,
    "min": 80.08946228027344,
    "max": 100.73556518554688,
    "count": 4000
  },
  "normals.full.angular_median": {
    "mean": 86.8927222251892,
    "std": 1.1186178456033957,
    "median": 87.08843231201172,
    "min": 76.03193664550781,
    "max": 89.49070739746094,
    "count": 4000
  },
  "normals.full.inlier_11_25": {
    "mean": 0.0473875444016885,
    "std": 0.01310383831896599,
    "median": 0.049460457637906075,
    "min": 0.007655592635273933,
    "max": 0.08526932448148727,
    "count": 4000
  },
  "normals.full.inlier_22_5": {
    "mean": 0.09606965119205416,
    "std": 0.0138485700828875,
    "median": 0.09806689992547035,
    "min": 0.037050411105155945,
    "max": 0.14220383763313293,
    "count": 4000
  },
  "normals.full.inlier_30": {
    "mean": 0.11722681962698699,
    "std": 0.011794961883050995,
    "median": 0.11838195472955704,
    "min": 0.06602461636066437,
    "max": 0.16593807935714722,
    "count": 4000
  },
  "normals.building.angular_mean": {
    "mean": 82.56998192852942,
    "std": 5.688634228722065,
    "median": 82.7675552368164,
    "min": 29.407386779785156,
    "max": 109.3219985961914,
    "count": 3248
  },
  "normals.building.angular_median": {
    "mean": 84.77243081895001,
    "std": 5.22583696638162,
    "median": 84.98173141479492,
    "min": 3.2452802658081055,
    "max": 103.80044555664062,
    "count": 3248
  },
  "normals.building.inlier_11_25": {
    "mean": 0.058150311708241,
    "std": 0.044223151020287454,
    "median": 0.047095611691474915,
    "min": 0.0,
    "max": 0.5,
    "count": 3248
  },
  "normals.building.inlier_22_5": {
    "mean": 0.1216212664492855,
    "std": 0.05347662366900856,
    "median": 0.1109219416975975,
    "min": 0.0,
    "max": 0.5,
    "count": 3248
  },
  "normals.building.inlier_30": {
    "mean": 0.15756124552864617,
    "std": 0.05254218286557671,
    "median": 0.1480666995048523,
    "min": 0.0,
    "max": 0.5,
    "count": 3248
  },
  "planarity.building.residual_mean": {
    "mean": 0.3966732528767337,
    "std": 0.17920772090907716,
    "median": 0.4010215997695923,
    "min": 0.007222872693091631,
    "max": 3.5216188430786133,
    "count": 3163
  },
  "planarity.building.residual_median": {
    "mean": 0.3682844288749641,
    "std": 0.17799460341312912,