{
  "depth.full.mae": {
    "mean": 3.48386692404747,
    "std": 1.1302462551974568,
    "median": 3.59968101978302,
    "min": 0.6069353222846985,
    "max": 8.361417770385742,
    "count": 4000
  },
  "depth.full.rmse": {
    "mean": 6.344507325530052,
    "std": 1.9769189871809443,
    "median": 6.721561908721924,
    "min": 0.821654200553894,
    "max": 15.59959888458252,
    "count": 4000
  },
  "depth.full.abs_rel": {
    "mean": 0.27302563750743863,
    "std": 0.14880211783151465,
    "median": 0.23222730308771133,
    "min": 0.04745406284928322,
    "max": 0.936710774898529,
    "count": 4000
  },
  "depth.full.sq_rel": {
    "mean": 2.927282420523465,
    "std": 2.2356411039745447,
    "median": 2.4254560470581055,
    "min": 0.061298903077840805,
    "max": 22.441221237182617,
    "count": 4000
  },
  "depth.full.delta1": {
    "mean": 0.6966286783255636,
    "std": 0.17187225457035216,
    "median": 0.7338882982730865,
    "min": 0.22102832794189453,
    "max": 0.993177056312561,
    "count": 4000
  },
  "depth.full.delta2": {
    "mean": 0.8818972806036472,
    "std": 0.07420844356705214,
    "median": 0.8925260603427887,
    "min": 0.5681337714195251,
    "max": 0.9997773766517639,
    "count": 4000
  },
  "depth.full.delta3": {
    "mean": 0.9412150040119887,
    "std": 0.044644477122650635,
    "median": 0.9508704841136932,
    "min": 0.7928310036659241,
    "max": 1.0,
    "count": 4000
  },
  "depth.full.rmse_log": {
    "mean": 0.32558629858493804,
    "std": 0.12463775488546405,
    "median": 0.30873580276966095,
    "min": 0.07015309482812881,
    "max": 0.675585925579071,
    "count": 4000
  },
  "depth.full.si_log": {
    "mean": 0.32257376911491153,
    "std": 0.12485630788725034,
    "median": 0.30504487454891205,
    "min": 0.06985428184270859,
    "max": 0.6750274896621704,
    "count": 4000
  },
  "depth.building.mae": {
    "mean": 8.666771014155323,
    "std": 4.591456738194485,
    "median": 8.093154907226562,
    "min": 0.4552161693572998,
    "max": 36.16468048095703,
    "count": 3275
  },
  "depth.building.rmse": {
    "mean": 10.977919367124105,
    "std": 5.156087876202033,
    "median": 10.701373100280762,
    "min": 0.5633519887924194,
    "max": 39.616249084472656,
    "count": 3275
  },
  "depth.building.abs_rel": {
    "mean": 0.6789521862384472,
    "std": 0.7750504703997021,
    "median": 0.4877096712589264,
    "min": 0.03280580788850784,
    "max": 19.771345138549805,
    "count": 3275
  },
  "depth.building.sq_rel": {
    "mean": 10.753678757716681,
    "std": 15.031042131863742,
    "median": 6.629477500915527,
    "min": 0.05885240435600281,
    "max": 352.0691833496094,
    "count": 3275
  },
  "depth.building.delta1": {
    "mean": 0.42268080738948954,
    "std": 0.21765020974411495,
    "median": 0.38292133808135986,
    "min": 0.0,
    "max": 1.0,
    "count": 3275
  },
  "depth.building.delta2": {
    "mean": 0.671128961054594,
    "std": 0.22531548506561158,
    "median": 0.6930909156799316,
    "min": 0.0,
    "max": 1.0,
    "count": 3275
  },
  "depth.building.delta3": {
    "mean": 0.8058838292689041,
    "std": 0.18950275617349116,
    "median": 0.8495393395423889,
    "min": 0.0,
    "max": 1.0,
    "count": 3275
  },
  "depth.building.rmse_log": {
    "mean": 0.5400112137573821,
    "std": 0.2670785634839739,
    "median": 0.5083290338516235,
    "min": 0.044746119529008865,
    "max": 2.718719720840454,
    "count": 3275
  },
  "depth.building.si_log": {
    "mean": 0.4594473748898333,
    "std": 0.20768317034299327,
    "median": 0.45545724034309387,
    "min": 0.0,
    "max": 1.465083360671997,
    "count": 3275
  },
  "depth.non_building.mae": {
    "mean": 3.2060214870646595,
    "std": 1.142347762064703,
    "median": 3.278565287590027,
    "min": 0.3503561317920685,
    "max": 8.361417770385742,
    "count": 4000
  },
  "depth.non_building.rmse": {
    "mean": 5.953281823813915,
    "std": 2.0335266857809864,
    "median": 6.321873664855957,
    "min": 0.4884847402572632,
    "max": 15.59959888458252,
    "count": 4000
  },
  "depth.non_building.abs_rel": {
    "mean": 0.2514560879059136,
    "std": 0.13658758167163443,
    "median": 0.21640115976333618,
    "min": 0.04198760539293289,
    "max": 0.8740381598472595,
    "count": 4000
  },
  "depth.non_building.sq_rel": {
    "mean": 2.543969530065544,
    "std": 2.0506936761745647,
    "median": 2.0370194911956787,
    "min": 0.03217637166380882,
    "max": 18.20442771911621,
    "count": 4000
  },
  "depth.non_building.delta1": {
    "mean": 0.7145659099817276,
    "std": 0.1736538098235065,
    "median": 0.7547206282615662,
    "min": 0.16770733892917633,
    "max": 0.9951304793357849,
    "count": 4000
  },
  "depth.non_building.delta2": {
    "mean": 0.8951265336126089,
    "std": 0.06826702888623326,
    "median": 0.9044896066188812,
    "min": 0.5690967440605164,
    "max": 0.9999735355377197,
    "count": 4000
  },
  "depth.non_building.delta3": {
    "mean": 0.9488637598007917,
    "std": 0.04032394562349567,
    "median": 0.9568830132484436,
    "min": 0.7931699156761169,
    "max": 1.0,
    "count": 4000
  },
  "depth.non_building.rmse_log": {
    "mean": 0.30672357852756976,
    "std": 0.11888478958800557,
    "median": 0.29395489394664764,
    "min": 0.0582754909992218,
    "max": 0.6578733325004578,
    "count": 4000
  },
  "depth.non_building.si_log": {
    "mean": 0.3026688519017771,
    "std": 0.1189363822647527,
    "median": 0.29026010632514954,
    "min": 0.05502922832965851,
    "max": 0.6576493382453918,
    "count": 4000
  },
  "normals.full.angular_mean": {
    "mean": 93.27252525901794,
    "std": 1.9670721831628715,
    "median": 93.52272415161133,
    "min": 80.47534942626953,
    "max": 97.84455871582031,
    "count": 4000
  },
  "normals.full.angular_median": {
    "mean": 86.98143062782287,
    "std": 1.0042435217236327,
    "median": 87.11141204833984,
    "min": 76.47745513916016,
    "max": 89.52642822265625,
    "count": 4000
  },
  "normals.full.inlier_11_25": {
    "mean": 0.04567489387281239,
    "std": 0.011292442547717083,
    "median": 0.04695248045027256,
    "min": 0.009028581902384758,
    "max": 0.08137232065200806,
    "count": 4000
  },
  "normals.full.inlier_22_5": {
    "mean": 0.09492943465709686,
    "std": 0.012279205772591109,
    "median": 0.09633325785398483,
    "min": 0.03712906688451767,
    "max": 0.13429293036460876,
    "count": 4000
  },
  "normals.full.inlier_30": {
    "mean": 0.11731065523065627,
    "std": 0.010737846812660655,
    "median": 0.11822248995304108,
    "min": 0.06732407957315445,
    "max": 0.15495063364505768,
    "count": 4000
  },
  "normals.building.angular_mean": {
    "mean": 82.02379102168193,
    "std": 6.177579727904134,
    "median": 82.39561462402344,
    "min": 43.585819244384766,
    "max": 174.83566284179688,
    "count": 3275
  },
  "normals.building.angular_median": {
    "mean": 85.30082574684201,
    "std": 6.143374920442396,
    "median": 85.39845275878906,
    "min": 1.8529797792434692,
    "max": 171.1717071533203,
    "count": 3275
  },
  "normals.building.inlier_11_25": {
    "mean": 0.06496508975065392,
    "std": 0.050105121825346294,
    "median": 0.052457742393016815,
    "min": 0.0,
    "max": 0.5,
    "count": 3275
  },
  "normals.building.inlier_22_5": {
    "mean": 0.13200984038782257,
    "std": 0.05912634374699014,
    "median": 0.11905639618635178,
    "min": 0.0,
    "max": 0.625,
    "count": 3275
  },
  "normals.building.inlier_30": {
    "mean": 0.1672500564015776,
    "std": 0.056343221014342235,
    "median": 0.15562081336975098,
    "min": 0.0,
    "max": 0.625,
    "count": 3275
  },
  "planarity.building.residual_mean": {
    "mean": 0.4079647837943592,
    "std": 0.39971517692145153,
    "median": 0.40431609749794006,
    "min": 0.009917720220983028,
    "max": 19.774127960205078,
    "count": 3185
  },
  "planarity.building.residual_median": {
    "mean": 0.37873136244737654,
    "std": 0.4020570178085035,