{
  "depth.full.mae": {
    "mean": 7.504329209566117,
    "std": 2.0870444331971143,
    "median": 7.7389562129974365,
    "min": 0.47773095965385437,
    "max": 13.799992561340332,
    "count": 4000
  },
  "depth.full.rmse": {
    "mean": 11.822094294592738,
    "std": 3.5548318265756316,
    "median": 12.363556385040283,
    "min": 0.6455997824668884,
    "max": 23.84494972229004,
    "count": 4000
  },
  "depth.full.abs_rel": {
    "mean": 0.5383757818080485,
    "std": 0.1071338020772482,
    "median": 0.542580246925354,
    "min": 0.08570851385593414,
    "max": 0.9505105018615723,
    "count": 4000
  },
  "depth.full.sq_rel": {
    "mean": 5.292768824385479,
    "std": 1.7299842940999852,
    "median": 5.489914894104004,
    "min": 0.08082272857427597,
    "max": 10.44475269317627,
    "count": 4000
  },
  "depth.full.delta1": {
    "mean": 0.2605674617122859,
    "std": 0.08965325552698347,
    "median": 0.23978709429502487,
    "min": 0.09621752053499222,
    "max": 0.9117379784584045,
    "count": 4000
  },
  "depth.full.delta2": {
    "mean": 0.49739455070346594,
    "std": 0.10343829091691309,
    "median": 0.47520118951797485,
    "min": 0.3041774034500122,
    "max": 0.9998495578765869,
    "count": 4000
  },
  "depth.full.delta3": {
    "mean": 0.7092302715182305,
    "std": 0.08783950375648543,
    "median": 0.6934432983398438,
    "min": 0.4631890058517456,
    "max": 1.0,
    "count": 4000
  },
  "depth.full.rmse_log": {
    "mean": 0.635715162217617,
    "std": 0.10472555278097981,
    "median": 0.6577892899513245,
    "min": 0.11446984857320786,
    "max": 0.8647010326385498,
    "count": 4000
  },
  "depth.full.si_log": {
    "mean": 0.6309082453660667,
    "std": 0.10469145210889598,
    "median": 0.6531949043273926,
    "min": 0.11131160706281662,
    "max": 0.8385291695594788,
    "count": 4000
  },
  "depth.building.mae": {
    "mean": 16.571432446278386,
    "std": 10.626247269253675,
    "median": 14.247455596923828,
    "min": 0.22600078582763672,
    "max": 63.46553421020508,
    "count": 3318
  },
  "depth.building.rmse": {
    "mean": 19.725957022204035,
    "std": 11.243212617956813,
    "median": 18.04415988922119,
    "min": 0.2444261908531189,
    "max": 63.47655487060547,
    "count": 3318
  },
  "depth.building.abs_rel": {
    "mean": 0.7459166971685937,
    "std": 0.9303856578078221,
    "median": 0.6175534427165985,
    "min": 0.027921365574002266,
    "max": 37.135929107666016,
    "count": 3318
  },
  "depth.building.sq_rel": {
    "mean": 13.261261408752242,
    "std": 13.478581099582007,
    "median": 11.211941719055176,
    "min": 0.009143764153122902,
    "max": 508.3602600097656,
    "count": 3318
  },
  "depth.building.delta1": {
    "mean": 0.13972071369869593,
    "std": 0.16805266494542043,
    "median": 0.09546168893575668,
    "min": 0.0,
    "max": 1.0,
    "count": 3318
  },
  "depth.building.delta2": {
    "mean": 0.2806928390053341,
    "std": 0.254440871654253,
    "median": 0.22880419343709946,
    "min": 0.0,
    "max": 1.0,
    "count": 3318
  },
  "depth.building.delta3": {
    "mean": 0.4232075521359296,
    "std": 0.28729814459793174,
    "median": 0.4021022915840149,
    "min": 0.0,
    "max": 1.0,
    "count": 3318
  },
  "depth.building.rmse_log": {
    "mean": 0.9050630116537708,
    "std": 0.3177059036008344,
    "median": 0.9087817966938019,
    "min": 0.02975112572312355,
    "max": 3.619297742843628,
    "count": 3318
  },
  "depth.building.si_log": {
    "mean": 0.5388545603618772,
    "std": 0.2761563730609836,
    "median": 0.5168079733848572,
    "min": 0.0,
    "max": 1.668299674987793,
    "count": 3318
  },
  "depth.non_building.mae": {
    "mean": 7.05692923887074,
    "std": 2.112439286680812,
    "median": 7.3515589237213135,
    "min": 0.3887297809123993,
    "max": 13.799992561340332,
    "count": 4000
  },
  "depth.non_building.rmse": {
    "mean": 11.169007150784134,
    "std": 3.6045458865967577,
    "median": 11.771495819091797,
    "min": 0.5163791179656982,
    "max": 23.84494972229004,
    "count": 4000
  },
  "depth.non_building.abs_rel": {
    "mean": 0.5318839196879417,
    "std": 0.10144291059014572,
    "median": 0.535710483789444,
    "min": 0.06871021538972855,
    "max": 1.1936266422271729,
    "count": 4000
  },
  "depth.non_building.sq_rel": {
    "mean": 4.9536408041268585,
    "std": 1.7108735489789983,
    "median": 5.188217639923096,
    "min": 0.044049497693777084,
    "max": 11.246683120727539,
    "count": 4000
  },
  "depth.non_building.delta1": {
    "mean": 0.26741231210529803,
    "std": 0.08938801153800133,
    "median": 0.246599942445755,
    "min": 0.11692515015602112,
    "max": 0.9747157096862793,
    "count": 4000
  },
  "depth.non_building.delta2": {
    "mean": 0.510334859713912,
    "std": 0.10352762607509376,
    "median": 0.48797011375427246,
    "min": 0.3041774034500122,
    "max": 0.9999999403953552,
    "count": 4000
  },
  "depth.non_building.delta3": {
    "mean": 0.7256200568377972,
    "std": 0.0895168558900166,
    "median": 0.7094789743423462,
    "min": 0.4631890058517456,
    "max": 1.0,
    "count": 4000
  },
  "depth.non_building.rmse_log": {
    "mean": 0.6173213520720601,
    "std": 0.10414989663289659,
    "median": 0.6391267776489258,
    "min": 0.0890461653470993,
    "max": 0.8647010326385498,
    "count": 4000
  },
  "depth.non_building.si_log": {
    "mean": 0.6105061566662043,
    "std": 0.1103080368552509,
    "median": 0.635722279548645,
    "min": 0.08898917585611343,
    "max": 0.838831901550293,
    "count": 4000
  },
  "normals.full.angular_mean": {
    "mean": 79.16863190460205,
    "std": 0.9415297143197309,
    "median": 79.31535720825195,
    "min": 73.6491470336914,
    "max": 81.29205322265625,
    "count": 4000
  },
  "normals.full.angular_median": {
    "mean": 79.26908742523193,
    "std": 1.1940209141121523,
    "median": 79.39918899536133,
    "min": 71.71842193603516,
    "max": 82.65424346923828,
    "count": 4000
  },
  "normals.full.inlier_11_25": {
    "mean": 0.011141184273641556,
    "std": 0.002301448413526562,
    "median": 0.010595471132546663,
    "min": 0.007766460068523884,
    "max": 0.03289622440934181,
    "count": 4000
  },
  "normals.full.inlier_22_5": {
    "mean": 0.04047007769113407,
    "std": 0.007670859866572036,
    "median": 0.03844616189599037,
    "min": 0.030626095831394196,
    "max": 0.10750940442085266,
    "count": 4000
  },
  "normals.full.inlier_30": {
    "mean": 0.07533738006744534,
    "std": 0.01005786734004558,
    "median": 0.07298635691404343,
    "min": 0.05936456471681595,
    "max": 0.15913347899913788,
    "count": 4000
  },
  "normals.building.angular_mean": {
    "mean": 76.9176361872677,
    "std": 2.913123941396119,
    "median": 76.74620056152344,
    "min": 44.1832275390625,
    "max": 130.42724609375,
    "count": 3318
  },
  "normals.building.angular_median": {
    "mean": 76.07449660249472,
    "std": 4.144096400770939,
    "median": 76.18084335327148,
    "min": 6.625932216644287,
    "max": 129.98355102539062,
    "count": 3318
  },
  "normals.building.inlier_11_25": {
    "mean": 0.012209490463360773,
    "std": 0.014642349550805216,
    "median": 0.011097622103989124,
    "min": 0.0,
    "max": 0.5,
    "count": 3318
  },
  "normals.building.inlier_22_5": {
    "mean": 0.04358054963346108,
    "std": 0.020590900184962502,
    "median": 0.041967105120420456,
    "min": 0.0,
    "max": 0.5,
    "count": 3318
  },
  "normals.building.inlier_30": {
    "mean": 0.07562466778030653,
    "std": 0.024131605556445248,
    "median": 0.07394472882151604,
    "min": 0.0,
    "max": 0.5,
    "count": 3318
  },
  "planarity.building.residual_mean": {
    "mean": 0.306927399071751,
    "std": 0.26642818952505065,
    "median": 0.26519787311553955,
    "min": 0.008451569825410843,
    "max": 3.841935396194458,
    "count": 3233
  },
  "planarity.building.residual_median": {
    "mean": 0.2759598425113902,
    "std": 0.2653971857342406,