{
  "depth.full.mae": {
    "mean": 3.4565014644861223,
    "std": 1.2234277527314008,
    "median": 3.588849902153015,
    "min": 0.5380357503890991,
    "max": 9.406332015991211,
    "count": 4000
  },
  "depth.full.rmse": {
    "mean": 6.315351126715541,
    "std": 2.1460640662298474,
    "median": 6.690733194351196,
    "min": 0.7762358784675598,
    "max": 15.359130859375,
    "count": 4000
  },
  "depth.full.abs_rel": {
    "mean": 0.25855550857260823,
    "std": 0.13781768339524442,
    "median": 0.22508131712675095,
    "min": 0.049501486122608185,
    "max": 0.9348350167274475,
    "count": 4000
  },
  "depth.full.sq_rel": {
    "mean": 2.8214797894991936,
    "std": 2.2591011170745388,
    "median": 2.3305734395980835,
    "min": 0.08753655105829239,
    "max": 23.646480560302734,
    "count": 4000
  },
  "depth.full.delta1": {
    "mean": 0.7068429844118654,
    "std": 0.16837904505104423,
    "median": 0.7419382631778717,
    "min": 0.2131492793560028,
    "max": 0.9877100586891174,
    "count": 4000
  },
  "depth.full.delta2": {
    "mean": 0.8880292560756207,
    "std": 0.07048977844184764,
    "median": 0.8963672518730164,
    "min": 0.641061007976532,
    "max": 0.9997908473014832,
    "count": 4000
  },
  "depth.full.delta3": {
    "mean": 0.9450912578254939,
    "std": 0.04215117479632659,
    "median": 0.9536572396755219,
    "min": 0.778375506401062,
    "max": 1.0,
    "count": 4000
  },
  "depth.full.rmse_log": {
    "mean": 0.315323519654572,
    "std": 0.1188592760865468,
    "median": 0.30233632028102875,
    "min": 0.08016463369131088,
    "max": 0.6598263382911682,
    "count": 4000
  },
  "depth.full.si_log": {
    "mean": 0.3116786839012057,
    "std": 0.11878325746114939,
    "median": 0.29841248691082,
    "min": 0.07889056950807571,
    "max": 0.6597960591316223,
    "count": 4000
  },
  "depth.non_building.mae": {
    "mean": 3.194407772049308,
    "std": 1.242755113057372,
    "median": 3.2857115268707275,
    "min": 0.3306982219219208,
    "max": 9.406332015991211,
    "count": 4000
  },
  "depth.non_building.rmse": {
    "mean": 5.942057644866407,
    "std": 2.2133471854566897,
    "median": 6.273370027542114,
    "min": 0.48145103454589844,
    "max": 15.359130859375,
    "count": 4000
  },
  "depth.non_building.abs_rel": {
    "mean": 0.23955768563598395,
    "std": 0.1262933821330848,
    "median": 0.21388161182403564,
    "min": 0.03866254538297653,
    "max": 0.8770797848701477,
    "count": 4000
  },
  "depth.non_building.sq_rel": {
    "mean": 2.4745370975150727,
    "std": 2.089099715929388,
    "median": 1.9988369345664978,
    "min": 0.029100393876433372,
    "max": 18.826066970825195,
    "count": 4000
  },
  "depth.non_building.delta1": {
    "mean": 0.7236202264241874,
    "std": 0.16990693226039688,
    "median": 0.7567297518253326,
    "min": 0.21289946138858795,
    "max": 0.9962577819824219,
    "count": 4000
  },
  "depth.non_building.delta2": {
    "mean": 0.9000315379649401,
    "std": 0.06536471057233778,
    "median": 0.9065498113632202,
    "min": 0.6411091089248657,
    "max": 0.9999999403953552,
    "count": 4000
  },
  "depth.non_building.delta3": {
    "mean": 0.9517659840285778,
    "std": 0.03832191718412458,
    "median": 0.9587709009647369,
    "min": 0.781146228313446,
    "max": 1.0,
    "count": 4000
  },
  "depth.non_building.rmse_log": {
    "mean": 0.29806078495830296,
    "std": 0.11388992428032754,
    "median": 0.29051072895526886,
    "min": 0.05483672767877579,
    "max": 0.6476262807846069,
    "count": 4000
  },
  "depth.non_building.si_log": {
    "mean": 0.29336591440066695,
    "std": 0.11360159488422154,
    "median": 0.28605297207832336,
    "min": 0.05336456745862961,
    "max": 0.6402706503868103,
    "count": 4000
  },
  "normals.full.angular_mean": {
    "mean": 93.47886691093444,
    "std": 2.1815825917436373,
    "median": 93.82032775878906,
    "min": 81.67147064208984,
    "max": 100.35482788085938,
    "count": 4000
  },
  "normals.full.angular_median": {
    "mean": 86.9509327468872,
    "std": 1.0516588289704074,
    "median": 87.10062789916992,
    "min": 78.00518035888672,
    "max": 89.58113861083984,
    "count": 4000
  },
  "normals.full.inlier_11_25": {
    "mean": 0.046716009439202025,
    "std": 0.012451715925445053,
    "median": 0.04792105779051781,
    "min": 0.009045971557497978,
    "max": 0.0832957923412323,
    "count": 4000
  },
  "normals.full.inlier_22_5": {
    "mean": 0.09496577698923647,
    "std": 0.013115474991159866,
    "median": 0.09618759155273438,
    "min": 0.037232715636491776,
    "max": 0.13831879198551178,
    "count": 4000
  },
  "normals.full.inlier_30": {
    "mean": 0.11677765938080847,
    "std": 0.011346276323311517,
    "median": 0.11761346086859703,
    "min": 0.06716476380825043,
    "max": 0.16387392580509186,
    "count": 4000
  },
  "depth.building.mae": {
    "mean": 8.642884868543463,
    "std": 4.809555551705981,
    "median": 8.070529460906982,
    "min": 0.22580944001674652,
    "max": 36.39397048950195,
    "count": 3184
  },
  "depth.building.rmse": {
    "mean": 10.936054113817088,
    "std": 5.396507663051344,
    "median": 10.657221794128418,
    "min": 0.24751530587673187,
    "max": 39.825164794921875,
    "count": 3184
  },
  "depth.building.abs_rel": {
    "mean": 0.6343893922254649,
    "std": 0.6838436656094916,
    "median": 0.4611564576625824,
    "min": 0.03816327452659607,
    "max": 11.359540939331055,
    "count": 3184
  },
  "depth.building.sq_rel": {
    "mean": 10.642610728447606,
    "std": 16.6648971486096,
    "median": 6.532896995544434,
    "min": 0.02708624117076397,
    "max": 361.4482727050781,
    "count": 3184
  },
  "depth.building.delta1": {
    "mean": 0.4346237079352702,
    "std": 0.2199708267756774,
    "median": 0.39919376373291016,
    "min": 0.0,
    "max": 1.0,
    "count": 3184
  },
  "depth.building.delta2": {
    "mean": 0.68704216713428,
    "std": 0.2123160186449743,
    "median": 0.7059974074363708,
    "min": 0.0,
    "max": 1.0,
    "count": 3184
  },
  "depth.building.delta3": {
    "mean": 0.8215928548872682,
    "std": 0.17206471125967707,
    "median": 0.863328754901886,
    "min": 0.0,
    "max": 1.0,
    "count": 3184
  },
  "depth.building.rmse_log": {
    "mean": 0.5202692218520327,
    "std": 0.25748486237897417,
    "median": 0.48709025979042053,
    "min": 0.044785212725400925,
    "max": 2.4746389389038086,
    "count": 3184
  },
  "depth.building.si_log": {
    "mean": 0.45044453323312134,
    "std": 0.20427976668713946,
    "median": 0.43725351989269257,
    "min": 0.0,
    "max": 1.4014885425567627,
    "count": 3184
  },
  "normals.building.angular_mean": {
    "mean": 82.30435944442173,
    "std": 5.7324829095693675,
    "median": 82.64276885986328,
    "min": 42.60831832885742,
    "max": 132.2738037109375,
    "count": 3184
  },
  "normals.building.angular_median": {
    "mean": 84.76647269673383,
    "std": 5.342109993741956,
    "median": 84.80991744995117,
    "min": 2.570549964904785,
    "max": 105.65155792236328,
    "count": 3184
  },
  "normals.building.inlier_11_25": {
    "mean": 0.05793412526597865,
    "std": 0.042854535678211673,
    "median": 0.0472729317843914,
    "min": 0.0,
    "max": 0.5,
    "count": 3184
  },
  "normals.building.inlier_22_5": {
    "mean": 0.12336489849609215,
    "std": 0.05291902506685753,
    "median": 0.11268729344010353,
    "min": 0.0,
    "max": 0.5,
    "count": 3184
  },
  "normals.building.inlier_30": {
    "mean": 0.16018470976824625,
    "std": 0.05238150701814117,
    "median": 0.15014198422431946,
    "min": 0.0,
    "max": 0.550000011920929,
    "count": 3184
  },
  "planarity.building.residual_mean": {
    "mean": 0.4035764641687693,
    "std": 0.3918030479637319,
    "median": 0.403925359249115,
    "min": 0.007619139272719622,
    "max": 20.0090274810791,
    "count": 3111
  },
  "planarity.building.residual_median": {
    "mean": 0.37589089870626513,
    "std": 0.400101153256885,