{
  "depth.full.mae": {
    "mean": 3.4258942782729864,
    "std": 1.1865267329167815,
    "median": 3.5990352630615234,
    "min": 0.4685989022254944,
    "max": 8.521833419799805,
    "count": 4000
  },
  "depth.full.rmse": {
    "mean": 6.278977682515979,
    "std": 2.1072254983178027,
    "median": 6.724278688430786,
    "min": 0.6934218406677246,
    "max": 15.8630952835083,
    "count": 4000
  },
  "depth.full.abs_rel": {
    "mean": 0.260399832399562,
    "std": 0.1420480987368173,
    "median": 0.2253303974866867,
    "min": 0.035759247839450836,
    "max": 0.8924540281295776,
    "count": 4000
  },
  "depth.full.sq_rel": {
    "mean": 2.699663582764566,
    "std": 2.0929712409941312,
    "median": 2.2047507762908936,
    "min": 0.05847327783703804,
    "max": 22.14506721496582,
    "count": 4000
  },
  "depth.full.delta1": {
    "mean": 0.6976521522067487,
    "std": 0.18014625435492804,
    "median": 0.7399038076400757,
    "min": 0.21364499628543854,
    "max": 0.9907837510108948,
    "count": 4000
  },
  "depth.full.delta2": {
    "mean": 0.8844245930165052,
    "std": 0.07472173136687227,
    "median": 0.8943091630935669,
    "min": 0.6361867189407349,
    "max": 0.9999735951423645,
    "count": 4000
  },
  "depth.full.delta3": {
    "mean": 0.9431046174168587,
    "std": 0.04489190648423436,
    "median": 0.9528436958789825,
    "min": 0.7764480113983154,
    "max": 1.0,
    "count": 4000
  },
  "depth.full.rmse_log": {
    "mean": 0.3188919296497479,
    "std": 0.12398331290595398,
    "median": 0.3060876727104187,
    "min": 0.0573713481426239,
    "max": 0.673006534576416,
    "count": 4000
  },
  "depth.full.si_log": {
    "mean": 0.31488448721170426,
    "std": 0.12383164091180215,
    "median": 0.30038635432720184,
    "min": 0.055286992341279984,
    "max": 0.6729912757873535,
    "count": 4000
  },
  "depth.building.mae": {
    "mean": 8.455781803581386,
    "std": 4.562957340465557,
    "median": 7.9393439292907715,
    "min": 0.49027061462402344,
    "max": 34.12494659423828,
    "count": 3304
  },
  "depth.building.rmse": {
    "mean": 10.80352332470059,
    "std": 5.17093745767656,
    "median": 10.679425716400146,
    "min": 0.6265342235565186,
    "max": 39.05934143066406,
    "count": 3304
  },
  "depth.building.abs_rel": {
    "mean": 0.612091113145736,
    "std": 0.584529220726792,
    "median": 0.4652496576309204,
    "min": 0.040474630892276764,
    "max": 9.758658409118652,
    "count": 3304
  },
  "depth.building.sq_rel": {
    "mean": 9.837903432403724,
    "std": 13.907708638492636,
    "median": 6.24441385269165,
    "min": 0.042317721992731094,
    "max": 327.3310241699219,
    "count": 3304
  },
  "depth.building.delta1": {
    "mean": 0.428530970299966,
    "std": 0.21553269475606548,
    "median": 0.38744786381721497,
    "min": 0.0,
    "max": 1.0,
    "count": 3304
  },
  "depth.building.delta2": {
    "mean": 0.6847992311617964,
    "std": 0.21089097086412265,
    "median": 0.6974937915802002,
    "min": 0.0,
    "max": 1.0,
    "count": 3304
  },
  "depth.building.delta3": {
    "mean": 0.8180223071539535,
    "std": 0.16891727842011928,
    "median": 0.8521418869495392,
    "min": 0.0,
    "max": 1.0,
    "count": 3304
  },
  "depth.building.rmse_log": {
    "mean": 0.520880139192688,
    "std": 0.2425800827929336,
    "median": 0.4942651391029358,
    "min": 0.049159370362758636,
    "max": 2.0209550857543945,
    "count": 3304
  },
  "depth.building.si_log": {
    "mean": 0.45986301312688177,
    "std": 0.21012416534398495,
    "median": 0.44731324911117554,
    "min": 0.003232991322875023,
    "max": 1.5135114192962646,
    "count": 3304
  },
  "depth.non_building.mae": {
    "mean": 3.143851660631597,
    "std": 1.1800390684237076,
    "median": 3.258846879005432,
    "min": 0.31380951404571533,
    "max": 8.521833419799805,
    "count": 4000
  },
  "depth.non_building.rmse": {
    "mean": 5.882134904682636,
    "std": 2.138260010773241,
    "median": 6.268271207809448,
    "min": 0.46404463052749634,
    "max": 15.8630952835083,
    "count": 4000
  },
  "depth.non_building.abs_rel": {
    "mean": 0.2400860727513209,
    "std": 0.1298962948694157,
    "median": 0.21156016737222672,
    "min": 0.035759247839450836,
    "max": 0.841766893863678,
    "count": 4000
  },
  "depth.non_building.sq_rel": {
    "mean": 2.32432529480895,
    "std": 1.893234845164087,
    "median": 1.8816198110580444,
    "min": 0.02657613344490528,
    "max": 17.733013153076172,
    "count": 4000
  },
  "depth.non_building.delta1": {
    "mean": 0.7156295316033066,
    "std": 0.18122171152550393,
    "median": 0.7599053978919983,
    "min": 0.20832963287830353,
    "max": 0.9966413378715515,
    "count": 4000
  },
  "depth.non_building.delta2": {
    "mean": 0.8977582876235247,
    "std": 0.06830485593252679,
    "median": 0.9071237444877625,
    "min": 0.6361867189407349,
    "max": 1.0,
    "count": 4000
  },
  "depth.non_building.delta3": {
    "mean": 0.950703606247902,
    "std": 0.04049506358512867,
    "median": 0.9590038955211639,
    "min": 0.7767673134803772,
    "max": 1.0,
    "count": 4000
  },
  "depth.non_building.rmse_log": {
    "mean": 0.3001529029496014,
    "std": 0.11782813965121486,
    "median": 0.28939127922058105,
    "min": 0.05202971026301384,
    "max": 0.6432473063468933,
    "count": 4000
  },
  "depth.non_building.si_log": {
    "mean": 0.2948881406607106,
    "std": 0.11735129954762616,
    "median": 0.28406864404678345,
    "min": 0.05081335827708244,
    "max": 0.6405444741249084,
    "count": 4000
  },
  "normals.full.angular_mean": {
    "mean": 93.42180998420716,
    "std": 2.2060118796462045,
    "median": 93.71619415283203,
    "min": 80.0114517211914,
    "max": 99.01090240478516,
    "count": 4000
  },
  "normals.full.angular_median": {
    "mean": 86.92057952117919,
    "std": 1.1020087650610997,
    "median": 87.10741806030273,
    "min": 75.95550537109375,
    "max": 89.46394348144531,
    "count": 4000
  },
  "normals.full.inlier_11_25": {
    "mean": 0.04721602144499775,
    "std": 0.013221156778287871,
    "median": 0.04854961298406124,
    "min": 0.0073855542577803135,
    "max": 0.08515622466802597,
    "count": 4000
  },
  "normals.full.inlier_22_5": {
    "mean": 0.09587170495558531,
    "std": 0.013657965471679023,
    "median": 0.09754862263798714,
    "min": 0.036648694425821304,
    "max": 0.14198839664459229,
    "count": 4000
  },
  "normals.full.inlier_30": {
    "mean": 0.11705464585125447,
    "std": 0.011655834581094749,
    "median": 0.11799274757504463,
    "min": 0.06566031277179718,
    "max": 0.16626472771167755,
    "count": 4000
  },
  "normals.building.angular_mean": {
    "mean": 82.37566002344681,
    "std": 6.135695798961535,
    "median": 82.5912971496582,
    "min": 37.71842575073242,
    "max": 149.15576171875,
    "count": 3304
  },
  "normals.building.angular_median": {
    "mean": 84.72795719326841,
    "std": 5.506880927589213,
    "median": 84.9670295715332,
    "min": 4.639878749847412,
    "max": 172.1718292236328,
    "count": 3304
  },
  "normals.building.inlier_11_25": {
    "mean": 0.06200690081071889,
    "std": 0.05151523822793875,
    "median": 0.04851190932095051,
    "min": 0.0,
    "max": 0.5833333730697632,
    "count": 3304
  },
  "normals.building.inlier_22_5": {
    "mean": 0.12515223371025658,
    "std": 0.057372823970532304,
    "median": 0.1132204532623291,
    "min": 0.0,
    "max": 0.5833333730697632,
    "count": 3304
  },
  "normals.building.inlier_30": {
    "mean": 0.16040861100148968,
    "std": 0.05519655980458405,
    "median": 0.15005629509687424,
    "min": 0.0,
    "max": 0.5833333730697632,
    "count": 3304
  },
  "planarity.building.residual_mean": {
    "mean": 0.39334173663860544,
    "std": 0.17950826364423725,
    "median": 0.3983643352985382,
    "min": 0.007307275198400021,
    "max": 3.4919533729553223,
    "count": 3207
  },
  "planarity.building.residual_median": {
    "mean": 0.36476785485250257,