{
  "depth.full.mae": {
    "mean": 3.4782195859923957,
    "std": 1.1769224085831318,
    "median": 3.6271770000457764,
    "min": 0.47383299469947815,
    "max": 9.565655708312988,
    "count": 4000
  },
  "depth.full.rmse": {
    "mean": 6.343810512781143,
    "std": 2.055421180440445,
    "median": 6.742016315460205,
    "min": 0.7095860838890076,
    "max": 15.511580467224121,
    "count": 4000
  },
  "depth.full.abs_rel": {
    "mean": 0.2658806734234095,
    "std": 0.1418650669422554,
    "median": 0.23104894161224365,
    "min": 0.043131906539201736,
    "max": 0.8107648491859436,
    "count": 4000
  },
  "depth.full.sq_rel": {
    "mean": 2.83659546477627,
    "std": 2.1985344738378116,
    "median": 2.3302212953567505,
    "min": 0.047981247305870056,
    "max": 22.864307403564453,
    "count": 4000
  },
  "depth.full.delta1": {
    "mean": 0.6926291913688183,
    "std": 0.1804301521186667,
    "median": 0.73440882563591,
    "min": 0.2050817608833313,
    "max": 0.9944218993186951,
    "count": 4000
  },
  "depth.full.delta2": {
    "mean": 0.8825763055533171,
    "std": 0.0742492901450812,
    "median": 0.8934473991394043,
    "min": 0.5750309228897095,
    "max": 0.9999189972877502,
    "count": 4000
  },
  "depth.full.delta3": {
    "mean": 0.9415321904867887,
    "std": 0.04489391827647999,
    "median": 0.951402336359024,
    "min": 0.7580122351646423,
    "max": 1.0,
    "count": 4000
  },
  "depth.full.rmse_log": {
    "mean": 0.32373043049313127,
    "std": 0.12251274989308164,
    "median": 0.30919647216796875,
    "min": 0.061808131635189056,
    "max": 0.6739514470100403,
    "count": 4000
  },
  "depth.full.si_log": {
    "mean": 0.31963577396422627,
    "std": 0.1224657426969908,
    "median": 0.3049646317958832,
    "min": 0.060948342084884644,
    "max": 0.6739341020584106,
    "count": 4000
  },
  "depth.building.mae": {
    "mean": 8.603841298420985,
    "std": 4.730214401654889,
    "median": 8.031497955322266,
    "min": 0.27758049964904785,
    "max": 36.45728302001953,
    "count": 3328
  },
  "depth.building.rmse": {
    "mean": 10.970463255814348,
    "std": 5.325492204108459,
    "median": 10.731565952301025,
    "min": 0.33383986353874207,
    "max": 36.47370147705078,
    "count": 3328
  },
  "depth.building.abs_rel": {
    "mean": 0.6524565289510065,
    "std": 0.7306717173071552,
    "median": 0.466587170958519,
    "min": 0.02025494910776615,
    "max": 19.634920120239258,
    "count": 3328
  },
  "depth.building.sq_rel": {
    "mean": 11.092908608880512,
    "std": 17.114439678570964,
    "median": 6.5806872844696045,
    "min": 0.008171062916517258,
    "max": 340.73492431640625,
    "count": 3328
  },
  "depth.building.delta1": {
    "mean": 0.43127604183770857,
    "std": 0.21990049717839746,
    "median": 0.3876847177743912,
    "min": 0.0,
    "max": 1.0,
    "count": 3328
  },
  "depth.building.delta2": {
    "mean": 0.6774914115743601,
    "std": 0.21955142396314484,
    "median": 0.6954641938209534,
    "min": 0.0,
    "max": 1.0,
    "count": 3328
  },
  "depth.building.delta3": {
    "mean": 0.8093058668479128,
    "std": 0.18376980075393942,
    "median": 0.8515718877315521,
    "min": 0.0,
    "max": 1.0,
    "count": 3328
  },
  "depth.building.rmse_log": {
    "mean": 0.533215676641423,
    "std": 0.26471249246908957,
    "median": 0.4991684556007385,
    "min": 0.02490122616291046,
    "max": 2.8391754627227783,
    "count": 3328
  },
  "depth.building.si_log": {
    "mean": 0.46542260749727293,
    "std": 0.21211573264975694,
    "median": 0.4557664543390274,
    "min": 0.001315445639193058,
    "max": 1.4971234798431396,
    "count": 3328
  },
  "depth.non_building.mae": {
    "mean": 3.213449641339481,
    "std": 1.1927467643324896,
    "median": 3.339629888534546,
    "min": 0.3173759877681732,
    "max": 9.565655708312988,
    "count": 4000
  },
  "depth.non_building.rmse": {
    "mean": 5.966902749955654,
    "std": 2.114676047431267,
    "median": 6.371835947036743,
    "min": 0.4681473970413208,
    "max": 15.511580467224121,
    "count": 4000
  },
  "depth.non_building.abs_rel": {
    "mean": 0.24675121356919408,
    "std": 0.13182354393111284,
    "median": 0.21847806870937347,
    "min": 0.03697189688682556,
    "max": 0.7220876812934875,
    "count": 4000
  },
  "depth.non_building.sq_rel": {
    "mean": 2.481202506303787,
    "std": 2.022900033109184,
    "median": 2.009386897087097,
    "min": 0.026679445058107376,
    "max": 16.47828483581543,
    "count": 4000
  },
  "depth.non_building.delta1": {
    "mean": 0.710079070650041,
    "std": 0.1833023021989861,
    "median": 0.7555538713932037,
    "min": 0.16461683809757233,
    "max": 0.9970364570617676,
    "count": 4000
  },
  "depth.non_building.delta2": {
    "mean": 0.8953285876363516,
    "std": 0.06919111815443109,
    "median": 0.9044066667556763,
    "min": 0.5750309228897095,
    "max": 1.0,
    "count": 4000
  },
  "depth.non_building.delta3": {
    "mean": 0.94881496322155,
    "std": 0.04108478224848975,
    "median": 0.9575187563896179,
    "min": 0.7580122351646423,
    "max": 1.0,
    "count": 4000
  },
  "depth.non_building.rmse_log": {
    "mean": 0.30549733416270464,
    "std": 0.11846486053048835,
    "median": 0.2954065501689911,
    "min": 0.05196699500083923,
    "max": 0.6462830901145935,
    "count": 4000
  },
  "depth.non_building.si_log": {
    "mean": 0.3001225898871198,
    "std": 0.11833222633029822,
    "median": 0.28897543251514435,
    "min": 0.05060422047972679,
    "max": 0.6437519788742065,
    "count": 4000
  },
  "normals.full.angular_mean": {
    "mean": 93.46143106269837,
    "std": 2.2756470651660807,
    "median": 93.81424331665039,
    "min": 80.10501861572266,
    "max": 98.11378479003906,
    "count": 4000
  },
  "normals.full.angular_median": {
    "mean": 86.8911487159729,
    "std": 1.1166224195481345,
    "median": 87.05203247070312,
    "min": 76.0278091430664,
    "max": 89.63349914550781,
    "count": 4000
  },
  "normals.full.inlier_11_25": {
    "mean": 0.047068864785949696,
    "std": 0.01287121001325937,
    "median": 0.0486762672662735,
    "min": 0.007601585239171982,
    "max": 0.08522642403841019,
    "count": 4000
  },
  "normals.full.inlier_22_5": {
    "mean": 0.09573643259610981,
    "std": 0.01372621731756366,
    "median": 0.09733238071203232,
    "min": 0.036575064063072205,
    "max": 0.13629506528377533,
    "count": 4000
  },
  "normals.full.inlier_30": {
    "mean": 0.11688683365099133,
    "std": 0.011776354066412344,
    "median": 0.11781017482280731,
    "min": 0.0626688227057457,
    "max": 0.15965311229228973,
    "count": 4000
  },
  "normals.building.angular_mean": {
    "mean": 82.07319945268907,
    "std": 6.014685574230432,
    "median": 82.35939025878906,
    "min": 29.411863327026367,
    "max": 127.58686828613281,
    "count": 3328
  },
  "normals.building.angular_median": {
    "mean": 84.54816711385949,
    "std": 5.579884898003692,
    "median": 84.75430679321289,
    "min": 3.2506449222564697,
    "max": 103.7076187133789,
    "count": 3328
  },
  "normals.building.inlier_11_25": {
    "mean": 0.06299742813070434,
    "std": 0.05086482590553714,
    "median": 0.04924122057855129,
    "min": 0.0,
    "max": 0.5833333730697632,
    "count": 3328
  },
  "normals.building.inlier_22_5": {
    "mean": 0.12708375832628988,
    "std": 0.057416633005696084,
    "median": 0.11554721742868423,
    "min": 0.0,
    "max": 0.5833333730697632,
    "count": 3328
  },
  "normals.building.inlier_30": {
    "mean": 0.1623136820333177,
    "std": 0.054307019059447875,
    "median": 0.15257886797189713,
    "min": 0.0,
    "max": 0.5833333730697632,
    "count": 3328
  },
  "planarity.building.residual_mean": {
    "mean": 0.3860299147683344,
    "std": 0.17554919885275475,
    "median": 0.39030076563358307,
    "min": 0.007239754311740398,
    "max": 3.5156548023223877,
    "count": 3236
  },