{
  "depth.full.mae": {
    "mean": 3.448970274493098,
    "std": 1.1007650032665168,
    "median": 3.606089949607849,
    "min": 0.5233854651451111,
    "max": 6.6266632080078125,
    "count": 4000
  },
  "depth.full.rmse": {
    "mean": 6.326276708945632,
    "std": 1.9088915541144926,
    "median": 6.76595139503479,
    "min": 0.7572034001350403,
    "max": 11.72685432434082,
    "count": 4000
  },
  "depth.full.abs_rel": {
    "mean": 0.26309020290803165,
    "std": 0.14284706802410918,
    "median": 0.22361327707767487,
    "min": 0.04273102432489395,
    "max": 0.9319106340408325,
    "count": 4000
  },
  "depth.full.sq_rel": {
    "mean": 2.815118580233306,
    "std": 2.1817445401254725,
    "median": 2.297825813293457,
    "min": 0.05642902851104736,
    "max": 19.86261558532715,
    "count": 4000
  },
  "depth.full.delta1": {
    "mean": 0.6996635201908648,
    "std": 0.17872615428650557,
    "median": 0.7474749982357025,
    "min": 0.20369043946266174,
    "max": 0.9933508634567261,
    "count": 4000
  },
  "depth.full.delta2": {
    "mean": 0.887167826116085,
    "std": 0.07088473018798085,
    "median": 0.8984103202819824,
    "min": 0.594267725944519,
    "max": 0.9998605847358704,
    "count": 4000
  },
  "depth.full.delta3": {
    "mean": 0.94427775631845,
    "std": 0.042454720004971504,
    "median": 0.9543445408344269,
    "min": 0.7867509126663208,
    "max": 1.0,
    "count": 4000
  },
  "depth.full.rmse_log": {
    "mean": 0.31886325871571897,
    "std": 0.12090939701216358,
    "median": 0.29992838203907013,
    "min": 0.06345164030790329,
    "max": 0.657550036907196,
    "count": 4000
  },
  "depth.full.si_log": {
    "mean": 0.3154308270122856,
    "std": 0.12078157417244842,
    "median": 0.2970837503671646,
    "min": 0.062119483947753906,
    "max": 0.6575303673744202,
    "count": 4000
  },
  "depth.building.mae": {
    "mean": 8.582006952562093,
    "std": 4.661130141730019,
    "median": 8.100883483886719,
    "min": 0.12401231378316879,
    "max": 36.27830123901367,
    "count": 3206
  },
  "depth.building.rmse": {
    "mean": 10.90526904855028,
    "std": 5.300891305778348,
    "median": 10.801449298858643,
    "min": 0.16206397116184235,
    "max": 40.17349624633789,
    "count": 3206
  },
  "depth.building.abs_rel": {
    "mean": 0.6180284738805579,
    "std": 0.6007985882568094,
    "median": 0.4605276584625244,
    "min": 0.020777199417352676,
    "max": 11.693400382995605,
    "count": 3206
  },
  "depth.building.sq_rel": {
    "mean": 10.30395140041814,
    "std": 15.963109537901808,
    "median": 6.487208127975464,
    "min": 0.004399480298161507,
    "max": 383.1412658691406,
    "count": 3206
  },
  "depth.building.delta1": {
    "mean": 0.43234064728015814,
    "std": 0.21610696128879825,
    "median": 0.3953091502189636,
    "min": 0.0,
    "max": 1.0,
    "count": 3206
  },
  "depth.building.delta2": {
    "mean": 0.6858246121968068,
    "std": 0.21237734641555697,
    "median": 0.7011113464832306,
    "min": 0.0,
    "max": 1.0,
    "count": 3206
  },
  "depth.building.delta3": {
    "mean": 0.8206302930943142,
    "std": 0.17093191551855993,
    "median": 0.8553396165370941,
    "min": 0.0,
    "max": 1.0,
    "count": 3206
  },
  "depth.building.rmse_log": {
    "mean": 0.5185377426039955,
    "std": 0.245430511799889,
    "median": 0.4898250252008438,
    "min": 0.02663658745586872,
    "max": 2.500396490097046,
    "count": 3206
  },
  "depth.building.si_log": {
    "mean": 0.4481610984769368,
    "std": 0.1994701435764105,
    "median": 0.4366926997900009,
    "min": 0.0,
    "max": 1.4980088472366333,
    "count": 3206
  },
  "depth.non_building.mae": {
    "mean": 3.186037913687527,
    "std": 1.1067104170515165,
    "median": 3.303600549697876,
    "min": 0.32843509316444397,
    "max": 6.2463531494140625,
    "count": 4000
  },
  "depth.non_building.rmse": {
    "mean": 5.946184914313257,
    "std": 1.9704195455665192,
    "median": 6.346712112426758,
    "min": 0.4840332865715027,
    "max": 11.72685432434082,
    "count": 4000
  },
  "depth.non_building.abs_rel": {
    "mean": 0.24328354364074767,
    "std": 0.12992838337218846,
    "median": 0.21143075823783875,
    "min": 0.03938939422369003,
    "max": 0.8748370409011841,
    "count": 4000
  },
  "depth.non_building.sq_rel": {
    "mean": 2.441720039492939,
    "std": 1.9895231899547356,
    "median": 1.986255705356598,
    "min": 0.028533942997455597,
    "max": 18.95922088623047,
    "count": 4000
  },
  "depth.non_building.delta1": {
    "mean": 0.7153831613399089,
    "std": 0.18082387641063005,
    "median": 0.7632387578487396,
    "min": 0.16631977260112762,
    "max": 0.9967691898345947,
    "count": 4000
  },
  "depth.non_building.delta2": {
    "mean": 0.8995379482507706,
    "std": 0.06485162318015249,
    "median": 0.9082453846931458,
    "min": 0.594267725944519,
    "max": 1.0,
    "count": 4000
  },
  "depth.non_building.delta3": {
    "mean": 0.9514608512818813,
    "std": 0.03801111545588192,
    "median": 0.9591062963008881,
    "min": 0.7867509126663208,
    "max": 1.0,
    "count": 4000
  },
  "depth.non_building.rmse_log": {
    "mean": 0.30115900075808166,
    "std": 0.11475603044527988,
    "median": 0.2891747057437897,
    "min": 0.054601170122623444,
    "max": 0.6477199792861938,
    "count": 4000
  },
  "depth.non_building.si_log": {
    "mean": 0.29639526093378665,
    "std": 0.11442462585128287,
    "median": 0.2852969169616699,
    "min": 0.05203016474843025,
    "max": 0.6426001191139221,
    "count": 4000
  },
  "normals.full.angular_mean": {
    "mean": 93.57250053596496,
    "std": 2.1042412397680668,
    "median": 93.91410064697266,
    "min": 81.77037811279297,
    "max": 98.12117767333984,
    "count": 4000
  },
  "normals.full.angular_median": {
    "mean": 87.00103409385682,
    "std": 1.0064077021734132,
    "median": 87.13919448852539,
    "min": 77.98432159423828,
    "max": 89.5409164428711,
    "count": 4000
  },
  "normals.full.inlier_11_25": {
    "mean": 0.04763632487412542,
    "std": 0.012453168680303514,
    "median": 0.049111323431134224,
    "min": 0.008391447365283966,
    "max": 0.0950642004609108,
    "count": 4000
  },
  "normals.full.inlier_22_5": {
    "mean": 0.09570047432929277,
    "std": 0.012792069133856603,
    "median": 0.09724732115864754,
    "min": 0.043280228972435,
    "max": 0.14445360004901886,
    "count": 4000
  },
  "normals.full.inlier_30": {
    "mean": 0.11707146498933435,
    "std": 0.0110514813826,
    "median": 0.11779408529400826,
    "min": 0.07207977771759033,
    "max": 0.16525699198246002,
    "count": 4000
  },
  "normals.building.angular_mean": {
    "mean": 82.17835710112631,
    "std": 6.159206309845899,
    "median": 82.61077117919922,
    "min": 42.69569778442383,
    "max": 149.8622589111328,
    "count": 3206
  },
  "normals.building.angular_median": {
    "mean": 84.7249819383871,
    "std": 5.848802374654021,
    "median": 85.04268646240234,
    "min": 2.133683443069458,
    "max": 172.99464416503906,
    "count": 3206
  },
  "normals.building.inlier_11_25": {
    "mean": 0.06098458524414292,
    "std": 0.04973658775268629,
    "median": 0.048428263515233994,
    "min": 0.0,
    "max": 0.5,
    "count": 3206
  },
  "normals.building.inlier_22_5": {
    "mean": 0.1263823026151548,
    "std": 0.05812668570752862,
    "median": 0.11400796473026276,
    "min": 0.0,
    "max": 0.5,
    "count": 3206
  },
  "normals.building.inlier_30": {
    "mean": 0.16184057780679173,
    "std": 0.0560892107527826,
    "median": 0.15075049549341202,
    "min": 0.0,
    "max": 0.550000011920929,
    "count": 3206
  },
  "planarity.building.residual_mean": {
    "mean": 0.39960388631194566,
    "std": 0.18998901475492366,
    "median": 0.40899230539798737,
    "min": 0.007497863378375769,
    "max": 4.070245265960693,
    "count": 3110
  },
  "planarity.building.residual_median": {
    "mean": 0.3700219258610638,
    "std": 0.18739646037422986,