{
  "depth.full.mae": {
    "mean": 7.412751235537231,
    "std": 2.1440036101476663,
    "median": 7.694777250289917,
    "min": 0.4759458601474762,
    "max": 12.525022506713867,
    "count": 4000
  },
  "depth.full.rmse": {
    "mean": 11.66525457406044,
    "std": 3.669254375076552,
    "median": 12.161014080047607,
    "min": 0.642596423625946,
    "max": 20.308061599731445,
    "count": 4000
  },
  "depth.full.abs_rel": {
    "mean": 0.5359788907002657,
    "std": 0.11371357870451525,
    "median": 0.5394134223461151,
    "min": 0.08538748323917389,
    "max": 0.9920083284378052,
    "count": 4000
  },
  "depth.full.sq_rel": {
    "mean": 5.2329111690539865,
    "std": 1.7845909567655875,
    "median": 5.427839279174805,
    "min": 0.08005160838365555,
    "max": 10.677042961120605,
    "count": 4000
  },
  "depth.full.delta1": {
    "mean": 0.26480801427550615,
    "std": 0.10006826795107959,
    "median": 0.23900583386421204,
    "min": 0.09676934033632278,
    "max": 0.9125403761863708,
    "count": 4000
  },
  "depth.full.delta2": {
    "mean": 0.5025261998400092,
    "std": 0.11134033359693506,
    "median": 0.47532515227794647,
    "min": 0.3184824585914612,
    "max": 0.9998513460159302,
    "count": 4000
  },
  "depth.full.delta3": {
    "mean": 0.7113944908380508,
    "std": 0.08934528133525826,
    "median": 0.6936249434947968,
    "min": 0.5218286514282227,
    "max": 1.0,
    "count": 4000
  },
  "depth.full.rmse_log": {
    "mean": 0.6316155336759984,
    "std": 0.11135219230913604,
    "median": 0.6542109549045563,
    "min": 0.11397203058004379,
    "max": 0.853851854801178,
    "count": 4000
  },
  "depth.full.si_log": {
    "mean": 0.6267976253982633,
    "std": 0.11136001840022332,
    "median": 0.6497819423675537,
    "min": 0.11069521307945251,
    "max": 0.8501889705657959,
    "count": 4000
  },
  "depth.building.mae": {
    "mean": 16.08837895123002,
    "std": 10.630883417327198,
    "median": 13.555831909179688,
    "min": 0.12623834609985352,
    "max": 60.698486328125,
    "count": 3287
  },
  "depth.building.rmse": {
    "mean": 19.25134298091135,
    "std": 11.220361484210056,
    "median": 17.502546310424805,
    "min": 0.12637430429458618,
    "max": 60.69850158691406,
    "count": 3287
  },
  "depth.building.abs_rel": {
    "mean": 0.7205832769027802,
    "std": 0.9038046661871517,
    "median": 0.6068322658538818,
    "min": 0.01160439196974039,
    "max": 37.333377838134766,
    "count": 3287
  },
  "depth.building.sq_rel": {
    "mean": 12.764732190126814,
    "std": 13.313910641758286,
    "median": 10.70964241027832,
    "min": 0.001468076603487134,
    "max": 513.7703857421875,
    "count": 3287
  },
  "depth.building.delta1": {
    "mean": 0.15225702043230216,
    "std": 0.1855281526274199,
    "median": 0.10393639653921127,
    "min": 0.0,
    "max": 1.0,
    "count": 3287
  },
  "depth.building.delta2": {
    "mean": 0.2994566480048907,
    "std": 0.26416962399758975,
    "median": 0.24901051819324493,
    "min": 0.0,
    "max": 1.0,
    "count": 3287
  },
  "depth.building.delta3": {
    "mean": 0.44489493477972836,
    "std": 0.29473876406163646,
    "median": 0.4338100254535675,
    "min": 0.0,
    "max": 1.0,
    "count": 3287
  },
  "depth.building.rmse_log": {
    "mean": 0.8850240551540473,
    "std": 0.32795207796084097,
    "median": 0.8901485204696655,
    "min": 0.011549657210707664,
    "max": 3.6243960857391357,
    "count": 3287
  },
  "depth.building.si_log": {
    "mean": 0.5322794726431513,
    "std": 0.2810951855050254,
    "median": 0.5036078691482544,
    "min": 0.0,
    "max": 1.7065070867538452,
    "count": 3287
  },
  "depth.non_building.mae": {
    "mean": 6.970865310356021,
    "std": 2.1442687643229172,
    "median": 7.249002933502197,
    "min": 0.38905420899391174,
    "max": 12.429899215698242,
    "count": 4000
  },
  "depth.non_building.rmse": {
    "mean": 11.012035992860794,
    "std": 3.6771017449735224,
    "median": 11.593265533447266,
    "min": 0.517010509967804,
    "max": 20.171655654907227,
    "count": 4000
  },
  "depth.non_building.abs_rel": {
    "mean": 0.5292612508907915,
    "std": 0.10709550423967044,
    "median": 0.5335789322853088,
    "min": 0.06876567751169205,
    "max": 1.1887149810791016,
    "count": 4000
  },
  "depth.non_building.sq_rel": {
    "mean": 4.892476916748099,
    "std": 1.7434065519380588,
    "median": 5.055014610290527,
    "min": 0.04416267201304436,
    "max": 11.190112113952637,
    "count": 4000
  },
  "depth.non_building.delta1": {
    "mean": 0.2711241580378264,
    "std": 0.09683203204628511,
    "median": 0.24669886380434036,
    "min": 0.11731720715761185,
    "max": 0.9744164943695068,
    "count": 4000
  },
  "depth.non_building.delta2": {
    "mean": 0.515509042352438,
    "std": 0.11186337175522164,
    "median": 0.4894178956747055,
    "min": 0.3207968473434448,
    "max": 0.9999999403953552,
    "count": 4000
  },
  "depth.non_building.delta3": {
    "mean": 0.7275154934823513,
    "std": 0.09061377672965762,
    "median": 0.7121061086654663,
    "min": 0.5218286514282227,
    "max": 1.0,
    "count": 4000
  },
  "depth.non_building.rmse_log": {
    "mean": 0.613145473819226,
    "std": 0.10979176290955452,
    "median": 0.6343806684017181,
    "min": 0.0891571044921875,
    "max": 0.8457882404327393,
    "count": 4000
  },
  "depth.non_building.si_log": {
    "mean": 0.6067207805737853,
    "std": 0.11500385683327048,
    "median": 0.6312810182571411,
    "min": 0.08910182118415833,
    "max": 0.8392298817634583,
    "count": 4000
  },
  "normals.full.angular_mean": {
    "mean": 79.16841513061523,
    "std": 0.9346278119569621,
    "median": 79.31914138793945,
    "min": 74.55933380126953,
    "max": 81.39054107666016,
    "count": 4000
  },
  "normals.full.angular_median": {
    "mean": 79.20574368476868,
    "std": 1.1770368305110728,
    "median": 79.33583068847656,
    "min": 71.9864273071289,
    "max": 82.88360595703125,
    "count": 4000
  },
  "normals.full.inlier_11_25": {
    "mean": 0.011710985807003454,
    "std": 0.0022167717142803404,
    "median": 0.011216817423701286,
    "min": 0.008301607333123684,
    "max": 0.032431211322546005,
    "count": 4000
  },
  "normals.full.inlier_22_5": {
    "mean": 0.0413467810889706,
    "std": 0.007546343942922067,
    "median": 0.03947935998439789,
    "min": 0.031340643763542175,
    "max": 0.10543534904718399,
    "count": 4000
  },
  "normals.full.inlier_30": {
    "mean": 0.0758645639680326,
    "std": 0.010067760228855749,
    "median": 0.07363011687994003,
    "min": 0.05902410298585892,
    "max": 0.15610907971858978,
    "count": 4000
  },
  "normals.building.angular_mean": {
    "mean": 77.04396020339766,
    "std": 2.6833728775254837,
    "median": 76.90240478515625,
    "min": 53.30266571044922,
    "max": 106.68658447265625,
    "count": 3287
  },
  "normals.building.angular_median": {
    "mean": 76.4108069001776,
    "std": 3.8719731445685266,
    "median": 76.57074737548828,
    "min": 9.845443725585938,
    "max": 120.72102355957031,
    "count": 3287
  },
  "normals.building.inlier_11_25": {
    "mean": 0.012452928522280988,
    "std": 0.013371525436343417,
    "median": 0.011224489659070969,
    "min": 0.0,
    "max": 0.5,
    "count": 3287
  },
  "normals.building.inlier_22_5": {
    "mean": 0.04494568082929827,
    "std": 0.01969642800256957,
    "median": 0.04304537549614906,
    "min": 0.0,
    "max": 0.5,
    "count": 3287
  },
  "normals.building.inlier_30": {
    "mean": 0.07738634287276265,
    "std": 0.023659037805177408,
    "median": 0.07513660937547684,
    "min": 0.0,
    "max": 0.5,
    "count": 3287
  },
  "planarity.building.residual_mean": {
    "mean": 0.3146188653394365,
    "std": 0.3051367487879913,
    "median": 0.26656825840473175,
    "min": 0.008345467038452625,
    "max": 7.517487049102783,
    "count": 3194
  },
  "planarity.building.residual_median": {
    "mean": 0.28410483273119436,
    "std": 0.3062105678489188,