{
  "depth.full.mae": {
    "mean": 7.552167987875641,
    "std": 2.083576652393351,
    "median": 7.770169019699097,
    "min": 0.47055333852767944,
    "max": 12.706478118896484,
    "count": 4000
  },
  "depth.full.rmse": {
    "mean": 11.924384075254203,
    "std": 3.5008985759096225,
    "median": 12.400147438049316,
    "min": 0.6327505111694336,
    "max": 20.509075164794922,
    "count": 4000
  },
  "depth.full.abs_rel": {
    "mean": 0.5389104387909174,
    "std": 0.10772961238162204,
    "median": 0.5431140661239624,
    "min": 0.08428115397691727,
    "max": 0.9855501651763916,
    "count": 4000
  },
  "depth.full.sq_rel": {
    "mean": 5.334246255706995,
    "std": 1.7239684969873015,
    "median": 5.483368396759033,
    "min": 0.07738582789897919,
    "max": 12.434734344482422,
    "count": 4000
  },
  "depth.full.delta1": {
    "mean": 0.26106056723743676,
    "std": 0.09404200148446616,
    "median": 0.23915991932153702,
    "min": 0.09732116013765335,
    "max": 0.9170976281166077,
    "count": 4000
  },
  "depth.full.delta2": {
    "mean": 0.49696896797418594,
    "std": 0.1036719629676396,
    "median": 0.47443312406539917,
    "min": 0.31426674127578735,
    "max": 0.99988853931427,
    "count": 4000
  },
  "depth.full.delta3": {
    "mean": 0.7070332792550326,
    "std": 0.08547122570195154,
    "median": 0.6924327313899994,
    "min": 0.5358603596687317,
    "max": 1.0,
    "count": 4000
  },
  "depth.full.rmse_log": {
    "mean": 0.6371166862919927,
    "std": 0.10333908307805374,
    "median": 0.6574747860431671,
    "min": 0.11226098984479904,
    "max": 0.8678864240646362,
    "count": 4000
  },
  "depth.full.si_log": {
    "mean": 0.6322174634262919,
    "std": 0.10377785674819634,
    "median": 0.6534353792667389,
    "min": 0.10911967605352402,
    "max": 0.8664453625679016,
    "count": 4000
  },
  "depth.non_building.mae": {
    "mean": 7.125122385114431,
    "std": 2.0984901170114454,
    "median": 7.393876075744629,
    "min": 0.47055333852767944,
    "max": 12.706478118896484,
    "count": 4000
  },
  "depth.non_building.rmse": {
    "mean": 11.299750684648751,
    "std": 3.539821128783886,
    "median": 11.860501766204834,
    "min": 0.6327505111694336,
    "max": 20.509075164794922,
    "count": 4000
  },
  "depth.non_building.abs_rel": {
    "mean": 0.5316793848089874,
    "std": 0.10214721852426625,
    "median": 0.536057323217392,
    "min": 0.08428115397691727,
    "max": 1.1849709749221802,
    "count": 4000
  },
  "depth.non_building.sq_rel": {
    "mean": 5.002030408551916,
    "std": 1.703379289049523,
    "median": 5.138471841812134,
    "min": 0.07738582789897919,
    "max": 12.381359100341797,
    "count": 4000
  },
  "depth.non_building.delta1": {
    "mean": 0.26773347733169794,
    "std": 0.09376691315701878,
    "median": 0.24581566452980042,
    "min": 0.11775486171245575,
    "max": 0.9170976281166077,
    "count": 4000
  },
  "depth.non_building.delta2": {
    "mean": 0.5096234482973814,
    "std": 0.10488539925658998,
    "median": 0.48775506019592285,
    "min": 0.31426674127578735,
    "max": 0.9998884797096252,
    "count": 4000
  },
  "depth.non_building.delta3": {
    "mean": 0.7227198639214039,
    "std": 0.08741453528532427,
    "median": 0.7084374129772186,
    "min": 0.5358603596687317,
    "max": 1.0,
    "count": 4000
  },
  "depth.non_building.rmse_log": {
    "mean": 0.618996109219268,
    "std": 0.10344357262418688,
    "median": 0.6377006769180298,
    "min": 0.11226098984479904,
    "max": 0.8640692830085754,
    "count": 4000
  },
  "depth.non_building.si_log": {
    "mean": 0.6127981932274997,
    "std": 0.10902632580625865,
    "median": 0.6344671249389648,
    "min": 0.0997246727347374,
    "max": 0.8629063367843628,
    "count": 4000
  },
  "normals.full.angular_mean": {
    "mean": 79.32093925285339,
    "std": 0.9205372980796047,
    "median": 79.4587173461914,
    "min": 73.94383239746094,
    "max": 81.47163391113281,
    "count": 4000
  },
  "normals.full.angular_median": {
    "mean": 79.13269780731201,
    "std": 1.214909935904582,
    "median": 79.27310562133789,
    "min": 71.41949462890625,
    "max": 82.95002746582031,
    "count": 4000
  },
  "normals.full.inlier_11_25": {
    "mean": 0.011849916299572215,
    "std": 0.002047302110491214,
    "median": 0.011374994646757841,
    "min": 0.008475244976580143,
    "max": 0.030038444325327873,
    "count": 4000
  },
  "normals.full.inlier_22_5": {
    "mean": 0.040646233038045466,
    "std": 0.0069993189309121955,
    "median": 0.038845716044306755,
    "min": 0.030261270701885223,
    "max": 0.09873591363430023,
    "count": 4000
  },
  "normals.full.inlier_30": {
    "mean": 0.07446675648540259,
    "std": 0.00929204558217162,
    "median": 0.072317223995924,
    "min": 0.05974623188376427,
    "max": 0.14841988682746887,
    "count": 4000
  },
  "depth.building.mae": {
    "mean": 16.732520443688962,
    "std": 10.421861089550998,
    "median": 14.473172664642334,
    "min": 0.23294639587402344,
    "max": 63.46999740600586,
    "count": 3384
  },
  "depth.building.rmse": {
    "mean": 19.978926616736267,
    "std": 10.945509271986444,
    "median": 18.816469192504883,
    "min": 0.2512199282646179,
    "max": 63.480995178222656,
    "count": 3384
  },
  "depth.building.abs_rel": {
    "mean": 0.7749594550086604,
    "std": 0.7946809625249992,
    "median": 0.6224066317081451,
    "min": 0.035663407295942307,
    "max": 14.818194389343262,
    "count": 3384
  },
  "depth.building.sq_rel": {
    "mean": 13.619769406717118,
    "std": 10.764713946301024,
    "median": 11.783514499664307,
    "min": 0.009659123606979847,
    "max": 170.87893676757812,
    "count": 3384
  },
  "depth.building.delta1": {
    "mean": 0.13945903282818636,
    "std": 0.1718748594771428,
    "median": 0.09533350169658661,
    "min": 0.0,
    "max": 1.0,
    "count": 3384
  },
  "depth.building.delta2": {
    "mean": 0.27645780904490913,
    "std": 0.25043946982788967,
    "median": 0.22441858053207397,
    "min": 0.0,
    "max": 1.0,
    "count": 3384
  },
  "depth.building.delta3": {
    "mean": 0.4134996864615059,
    "std": 0.2830963841036324,
    "median": 0.3907947391271591,
    "min": 0.0,
    "max": 1.0,
    "count": 3384
  },
  "depth.building.rmse_log": {
    "mean": 0.9194289856484649,
    "std": 0.3164733453519241,
    "median": 0.9270304441452026,
    "min": 0.039325639605522156,
    "max": 2.728553295135498,
    "count": 3384
  },
  "depth.building.si_log": {
    "mean": 0.5536103097450256,
    "std": 0.2870443763683701,
    "median": 0.5257947146892548,
    "min": 0.0,
    "max": 1.6871986389160156,
    "count": 3384
  },
  "normals.building.angular_mean": {
    "mean": 77.03078324744043,
    "std": 2.986274728146833,
    "median": 76.90263366699219,
    "min": 17.86056137084961,
    "max": 105.25517272949219,
    "count": 3384
  },
  "normals.building.angular_median": {
    "mean": 76.51224448466695,
    "std": 4.100199171652255,
    "median": 76.72056579589844,
    "min": 4.641567230224609,
    "max": 106.9675064086914,
    "count": 3384
  },
  "normals.building.inlier_11_25": {
    "mean": 0.013177716381293027,
    "std": 0.014717385294385365,
    "median": 0.011892328504472971,
    "min": 0.0,
    "max": 0.5,
    "count": 3384
  },
  "normals.building.inlier_22_5": {
    "mean": 0.046717366822620954,
    "std": 0.02815473061654075,
    "median": 0.04448146931827068,
    "min": 0.0,
    "max": 1.0,
    "count": 3384
  },
  "normals.building.inlier_30": {
    "mean": 0.078859106322418,
    "std": 0.02993710326763001,
    "median": 0.07676485925912857,
    "min": 0.0,
    "max": 1.0,
    "count": 3384
  },
  "planarity.building.residual_mean": {
    "mean": 0.31920330670854385,
    "std": 0.33037270073725844,
    "median": 0.25810252130031586,
    "min": 0.008436067029833794,
    "max": 5.053290367126465,
    "count": 3286
  },
  "planarity.building.residual_median": {
    "mean": 0.2886913329271041,