{
  "depth.full.mae": {
    "mean": 3.487717427060008,
    "std": 1.112918329033226,
    "median": 3.6259366273880005,
    "min": 0.516624391078949,
    "max": 6.636667728424072,
    "count": 4000
  },
  "depth.full.rmse": {
    "mean": 6.3538962720036505,
    "std": 1.9105842268829238,
    "median": 6.720968246459961,
    "min": 0.7643007040023804,
    "max": 13.286422729492188,
    "count": 4000
  },
  "depth.full.abs_rel": {
    "mean": 0.26809715533815326,
    "std": 0.14268674324331035,
    "median": 0.23187270015478134,
    "min": 0.04401058703660965,
    "max": 0.8923488259315491,
    "count": 4000
  },
  "depth.full.sq_rel": {
    "mean": 2.801870497817174,
    "std": 2.1039527649959937,
    "median": 2.284850597381592,
    "min": 0.07830457389354706,
    "max": 22.551271438598633,
    "count": 4000
  },
  "depth.full.delta1": {
    "mean": 0.6891430389843881,
    "std": 0.18102475535674903,
    "median": 0.7309003174304962,
    "min": 0.2137078195810318,
    "max": 0.988165020942688,
    "count": 4000
  },
  "depth.full.delta2": {
    "mean": 0.8814586848169566,
    "std": 0.07344210795453211,
    "median": 0.8923093676567078,
    "min": 0.6376526355743408,
    "max": 0.9999163150787354,
    "count": 4000
  },
  "depth.full.delta3": {
    "mean": 0.9414865039736032,
    "std": 0.04407683842402559,
    "median": 0.9515355229377747,
    "min": 0.7744643092155457,
    "max": 1.0,
    "count": 4000
  },
  "depth.full.rmse_log": {
    "mean": 0.3251271635275334,
    "std": 0.12292745238828301,
    "median": 0.3091130256652832,
    "min": 0.07159585505723953,
    "max": 0.6467646956443787,
    "count": 4000
  },
  "depth.full.si_log": {
    "mean": 0.32113492259010673,
    "std": 0.12276959749835187,
    "median": 0.3046630471944809,
    "min": 0.0712493434548378,
    "max": 0.6435607671737671,
    "count": 4000
  },
  "depth.building.mae": {
    "mean": 8.691885934919206,
    "std": 4.772044120704306,
    "median": 8.110041618347168,
    "min": 0.403202086687088,
    "max": 36.466434478759766,
    "count": 3418
  },
  "depth.building.rmse": {
    "mean": 11.07728554753967,
    "std": 5.376328611276811,
    "median": 10.833501815795898,
    "min": 0.43102163076400757,
    "max": 40.36840057373047,
    "count": 3418
  },
  "depth.building.abs_rel": {
    "mean": 0.646793285240907,
    "std": 0.7215629693726638,
    "median": 0.4740312993526459,
    "min": 0.029411666095256805,
    "max": 19.303329467773438,
    "count": 3418
  },
  "depth.building.sq_rel": {
    "mean": 10.648502253504136,
    "std": 16.324594516918786,
    "median": 6.607111930847168,
    "min": 0.01355173159390688,
    "max": 345.85699462890625,
    "count": 3418
  },
  "depth.building.delta1": {
    "mean": 0.4186065704008644,
    "std": 0.2140158291876688,
    "median": 0.3742561638355255,
    "min": 0.0,
    "max": 1.0,
    "count": 3418
  },
  "depth.building.delta2": {
    "mean": 0.6718510660360447,
    "std": 0.21323992861689847,
    "median": 0.685648649930954,
    "min": 0.0,
    "max": 1.0,
    "count": 3418
  },
  "depth.building.delta3": {
    "mean": 0.811153808601703,
    "std": 0.1723956658976608,
    "median": 0.8451690971851349,
    "min": 0.0,
    "max": 1.0,
    "count": 3418
  },
  "depth.building.rmse_log": {
    "mean": 0.5371687348595248,
    "std": 0.25787001264758425,
    "median": 0.5053486227989197,
    "min": 0.030877841636538506,
    "max": 2.8219051361083984,
    "count": 3418
  },
  "depth.building.si_log": {
    "mean": 0.4722559318942197,
    "std": 0.216003363955339,
    "median": 0.4601336568593979,
    "min": 0.0013417326845228672,
    "max": 1.6746711730957031,
    "count": 3418
  },
  "depth.non_building.mae": {
    "mean": 3.2065971769690513,
    "std": 1.1121091172994735,
    "median": 3.3125996589660645,
    "min": 0.31881093978881836,
    "max": 5.9979939460754395,
    "count": 4000
  },
  "depth.non_building.rmse": {
    "mean": 5.951680577337742,
    "std": 1.9586515818630477,
    "median": 6.3097028732299805,
    "min": 0.5160462856292725,
    "max": 12.117743492126465,
    "count": 4000
  },
  "depth.non_building.abs_rel": {
    "mean": 0.24732796870730817,
    "std": 0.13000137241312312,
    "median": 0.2188296616077423,
    "min": 0.03736817091703415,
    "max": 0.8428365588188171,
    "count": 4000
  },
  "depth.non_building.sq_rel": {
    "mean": 2.416036080094986,
    "std": 1.89226124188614,
    "median": 1.9572705030441284,
    "min": 0.02687552385032177,
    "max": 18.082555770874023,
    "count": 4000
  },
  "depth.non_building.delta1": {
    "mean": 0.7066506577804684,
    "std": 0.18262486885153842,
    "median": 0.750135213136673,
    "min": 0.16209396719932556,
    "max": 0.9969899654388428,
    "count": 4000
  },
  "depth.non_building.delta2": {
    "mean": 0.8952175572961569,
    "std": 0.06676783183551904,
    "median": 0.9039964377880096,
    "min": 0.6376526355743408,
    "max": 0.9999999403953552,
    "count": 4000
  },
  "depth.non_building.delta3": {
    "mean": 0.9494136472195387,
    "std": 0.03933662482675823,
    "median": 0.9577482342720032,
    "min": 0.774780809879303,
    "max": 1.0,
    "count": 4000
  },
  "depth.non_building.rmse_log": {
    "mean": 0.3060816366188228,
    "std": 0.11672628618067152,
    "median": 0.29403749108314514,
    "min": 0.05229083448648453,
    "max": 0.6463098526000977,
    "count": 4000
  },
  "depth.non_building.si_log": {
    "mean": 0.30071742269583046,
    "std": 0.11628678800502638,
    "median": 0.28859905898571014,
    "min": 0.05063432455062866,
    "max": 0.6435607671737671,
    "count": 4000
  },
  "normals.full.angular_mean": {
    "mean": 93.57752420425415,
    "std": 2.087101602997961,
    "median": 93.81139755249023,
    "min": 80.12285614013672,
    "max": 100.60782623291016,
    "count": 4000
  },
  "normals.full.angular_median": {
    "mean": 86.99087596702576,
    "std": 1.0415068712618936,
    "median": 87.1135368347168,
    "min": 76.05072021484375,
    "max": 89.50480651855469,
    "count": 4000
  },
  "normals.full.inlier_11_25": {
    "mean": 0.04758096849313006,
    "std": 0.012786369517548989,
    "median": 0.0489501915872097,
    "min": 0.007729853503406048,
    "max": 0.0893612802028656,
    "count": 4000
  },
  "normals.full.inlier_22_5": {
    "mean": 0.09624094753433018,
    "std": 0.013488567181805163,
    "median": 0.09799885004758835,
    "min": 0.03703949227929115,
    "max": 0.14216214418411255,
    "count": 4000
  },
  "normals.full.inlier_30": {
    "mean": 0.11722786309570074,
    "std": 0.011573261998062257,
    "median": 0.11822297051548958,
    "min": 0.06563381850719452,
    "max": 0.16611182689666748,
    "count": 4000
  },
  "normals.building.angular_mean": {
    "mean": 82.32672870026617,
    "std": 6.372120297769878,
    "median": 82.51311874389648,
    "min": 29.319122314453125,
    "max": 149.35769653320312,
    "count": 3418
  },
  "normals.building.angular_median": {
    "mean": 84.95457634540801,
    "std": 6.344290735720596,
    "median": 85.33411407470703,
    "min": 2.3364052772521973,
    "max": 172.48472595214844,
    "count": 3418
  },
  "normals.building.inlier_11_25": {
    "mean": 0.06455727714626691,
    "std": 0.049420940811982526,
    "median": 0.05222277715802193,
    "min": 0.0,
    "max": 0.5,
    "count": 3418
  },
  "normals.building.inlier_22_5": {
    "mean": 0.12860032399386634,
    "std": 0.05830729376750963,
    "median": 0.11740622669458389,
    "min": 0.0,
    "max": 0.75,
    "count": 3418
  },
  "normals.building.inlier_30": {
    "mean": 0.1635138933942476,
    "std": 0.05634207141392587,
    "median": 0.15496785193681717,
    "min": 0.0,
    "max": 0.75,
    "count": 3418
  },
  "planarity.building.residual_mean": {
    "mean": 0.3803524833346831,
    "std": 0.20642926942534223,
    "median": 0.38586626946926117,
    "min": 0.007214587647467852,
    "max": 4.522199630737305,
    "count": 3308
  },
  "planarity.building.residual_median": {
    "mean": 0.35247524979678035,