{
  "depth.full.mae": {
    "mean": 3.5047478598803283,
    "std": 1.1331219534651722,
    "median": 3.65025794506073,
    "min": 0.5122506618499756,
    "max": 6.689355850219727,
    "count": 4000
  },
  "depth.full.rmse": {
    "mean": 6.39221840429306,
    "std": 1.9786801002151662,
    "median": 6.7778639793396,
    "min": 0.745001494884491,
    "max": 13.459834098815918,
    "count": 4000
  },
  "depth.full.abs_rel": {
    "mean": 0.2695616534492001,
    "std": 0.14448575222622212,
    "median": 0.22923997044563293,
    "min": 0.055520012974739075,
    "max": 0.8496639132499695,
    "count": 4000
  },
  "depth.full.sq_rel": {
    "mean": 2.868052061298862,
    "std": 2.130206874845697,
    "median": 2.3789151906967163,
    "min": 0.08229944109916687,
    "max": 21.800975799560547,
    "count": 4000
  },
  "depth.full.delta1": {
    "mean": 0.6948368136286736,
    "std": 0.17402059116608015,
    "median": 0.7390923202037811,
    "min": 0.21503616869449615,
    "max": 0.978655993938446,
    "count": 4000
  },
  "depth.full.delta2": {
    "mean": 0.8833944123387337,
    "std": 0.07171552589929736,
    "median": 0.8943842649459839,
    "min": 0.6152797937393188,
    "max": 0.9997367262840271,
    "count": 4000
  },
  "depth.full.delta3": {
    "mean": 0.9423394256383181,
    "std": 0.043363609517856436,
    "median": 0.9514940977096558,
    "min": 0.7922776341438293,
    "max": 1.0,
    "count": 4000
  },
  "depth.full.rmse_log": {
    "mean": 0.32347063576057555,
    "std": 0.12115480860959528,
    "median": 0.3063669949769974,
    "min": 0.08924616873264313,
    "max": 0.644432783126831,
    "count": 4000
  },
  "depth.full.si_log": {
    "mean": 0.3204927390459925,
    "std": 0.12160372241919333,
    "median": 0.30390043556690216,
    "min": 0.07777518033981323,
    "max": 0.6409405469894409,
    "count": 4000
  },
  "depth.building.mae": {
    "mean": 9.143384991184691,
    "std": 4.767996823363686,
    "median": 8.674919128417969,
    "min": 0.6322892904281616,
    "max": 51.490509033203125,
    "count": 3277
  },
  "depth.building.rmse": {
    "mean": 11.395348090695505,
    "std": 5.264751957154177,
    "median": 11.151716232299805,
    "min": 0.9242814183235168,
    "max": 51.53876495361328,
    "count": 3277
  },
  "depth.building.abs_rel": {
    "mean": 0.7143425168625858,
    "std": 0.7583580634992344,
    "median": 0.49576857686042786,
    "min": 0.0717766061425209,
    "max": 18.209089279174805,
    "count": 3277
  },
  "depth.building.sq_rel": {
    "mean": 11.761659112285741,
    "std": 16.438736029560186,
    "median": 7.388311862945557,
    "min": 0.10160385072231293,
    "max": 324.45123291015625,
    "count": 3277
  },
  "depth.building.delta1": {
    "mean": 0.40832803330532264,
    "std": 0.2165212038724778,
    "median": 0.3764694929122925,
    "min": 0.0,
    "max": 1.0,
    "count": 3277
  },
  "depth.building.delta2": {
    "mean": 0.664124935936168,
    "std": 0.22344938437442566,
    "median": 0.6907860636711121,
    "min": 0.0,
    "max": 1.0,
    "count": 3277
  },
  "depth.building.delta3": {
    "mean": 0.8007284399039013,
    "std": 0.19032828393408363,
    "median": 0.8504289984703064,
    "min": 0.0,
    "max": 1.0,
    "count": 3277
  },
  "depth.building.rmse_log": {
    "mean": 0.5539560096044529,
    "std": 0.2713427971346609,
    "median": 0.5092127919197083,
    "min": 0.1016966849565506,
    "max": 2.8564107418060303,
    "count": 3277
  },
  "depth.building.si_log": {
    "mean": 0.46623530646972317,
    "std": 0.2107176196456201,
    "median": 0.4526031017303467,
    "min": 0.0006573687423951924,
    "max": 1.6438660621643066,
    "count": 3277
  },
  "depth.non_building.mae": {
    "mean": 3.2077324400544165,
    "std": 1.125054320445757,
    "median": 3.303018093109131,
    "min": 0.3599923849105835,
    "max": 6.689355850219727,
    "count": 4000
  },
  "depth.non_building.rmse": {
    "mean": 5.974865820854903,
    "std": 2.017056077981453,
    "median": 6.3107991218566895,
    "min": 0.5522750616073608,
    "max": 13.459834098815918,
    "count": 4000
  },
  "depth.non_building.abs_rel": {
    "mean": 0.24599524043686688,
    "std": 0.12874955298675927,
    "median": 0.21449760347604752,
    "min": 0.04272875562310219,
    "max": 0.7452617883682251,
    "count": 4000
  },
  "depth.non_building.sq_rel": {
    "mean": 2.43821931882482,
    "std": 1.886652482048094,
    "median": 2.0178343057632446,
    "min": 0.033789314329624176,
    "max": 16.121150970458984,
    "count": 4000
  },
  "depth.non_building.delta1": {
    "mean": 0.7127566696889699,
    "std": 0.17554727958613878,
    "median": 0.7583202123641968,
    "min": 0.18734362721443176,
    "max": 0.9940147995948792,
    "count": 4000
  },
  "depth.non_building.delta2": {
    "mean": 0.8969816754609347,
    "std": 0.06491120577662587,
    "median": 0.9064531922340393,
    "min": 0.6152797937393188,
    "max": 0.9999999403953552,
    "count": 4000
  },
  "depth.non_building.delta3": {
    "mean": 0.9504383358806372,
    "std": 0.03827418338861497,
    "median": 0.9581892192363739,
    "min": 0.7922776341438293,
    "max": 1.0,
    "count": 4000
  },
  "depth.non_building.rmse_log": {
    "mean": 0.30334777681902053,
    "std": 0.11353857454545006,
    "median": 0.29061174392700195,
    "min": 0.0594048947095871,
    "max": 0.6228423118591309,
    "count": 4000
  },
  "depth.non_building.si_log": {
    "mean": 0.2992032053507864,
    "std": 0.11360570159984555,
    "median": 0.28739146888256073,
    "min": 0.05788140743970871,
    "max": 0.6219250559806824,
    "count": 4000
  },
  "normals.full.angular_mean": {
    "mean": 93.28580033874512,
    "std": 1.9643331215993798,
    "median": 93.52135848999023,
    "min": 80.4433822631836,
    "max": 98.59784698486328,
    "count": 4000
  },
  "normals.full.angular_median": {
    "mean": 87.03791426086426,
    "std": 1.0503390574313411,
    "median": 87.18098449707031,
    "min": 76.31470489501953,
    "max": 89.54923248291016,
    "count": 4000
  },
  "normals.full.inlier_11_25": {
    "mean": 0.04557960764993913,
    "std": 0.011669938592296529,
    "median": 0.046295613050460815,
    "min": 0.01015904638916254,
    "max": 0.07988523691892624,
    "count": 4000
  },
  "normals.full.inlier_22_5": {
    "mean": 0.09457355570979416,
    "std": 0.012608802895719952,
    "median": 0.09567686915397644,
    "min": 0.04354779049754143,
    "max": 0.13543455302715302,
    "count": 4000
  },
  "normals.full.inlier_30": {
    "mean": 0.11701996438764035,
    "std": 0.011041685596312703,
    "median": 0.11789608001708984,
    "min": 0.07398586720228195,
    "max": 0.16134412586688995,
    "count": 4000
  },
  "normals.building.angular_mean": {
    "mean": 81.99280962799976,
    "std": 5.866265492042347,
    "median": 82.18923950195312,
    "min": 29.081396102905273,
    "max": 174.81507873535156,
    "count": 3277
  },
  "normals.building.angular_median": {
    "mean": 84.88153530542247,
    "std": 5.89286056627688,
    "median": 85.10987091064453,
    "min": 2.132490634918213,
    "max": 171.13819885253906,
    "count": 3277
  },
  "normals.building.inlier_11_25": {
    "mean": 0.06138545629025008,
    "std": 0.047355829567351244,
    "median": 0.04881526902318001,
    "min": 0.0,
    "max": 0.5833333730697632,
    "count": 3277
  },
  "normals.building.inlier_22_5": {
    "mean": 0.12853020148281874,
    "std": 0.055809898430553485,
    "median": 0.11685753613710403,
    "min": 0.0,
    "max": 0.5833333730697632,
    "count": 3277
  },
  "normals.building.inlier_30": {
    "mean": 0.16406408477793988,
    "std": 0.05325662967670666,
    "median": 0.15474209189414978,
    "min": 0.0,
    "max": 0.5833333730697632,
    "count": 3277
  },
  "planarity.building.residual_mean": {
    "mean": 0.4145674907972387,
    "std": 0.18191441572408265,
    "median": 0.4161849319934845,
    "min": 0.02244863286614418,
    "max": 4.3345947265625,
    "count": 3189
  },