{
  "depth.full.mae": {
    "mean": 3.4676019793897868,
    "std": 1.168906241535765,
    "median": 3.616973638534546,
    "min": 0.481627881526947,
    "max": 6.63503360748291,
    "count": 4000
  },
  "depth.full.rmse": {
    "mean": 6.34867602570355,
    "std": 2.06038249770136,
    "median": 6.774879693984985,
    "min": 0.7172009944915771,
    "max": 11.39907455444336,
    "count": 4000
  },
  "depth.full.abs_rel": {
    "mean": 0.2637668567402288,
    "std": 0.14166031794819034,
    "median": 0.22972360253334045,
    "min": 0.03849107772111893,
    "max": 0.8963956236839294,
    "count": 4000
  },
  "depth.full.sq_rel": {
    "mean": 2.8167858459176496,
    "std": 2.2094247035230503,
    "median": 2.324044704437256,
    "min": 0.04823770746588707,
    "max": 18.976099014282227,
    "count": 4000
  },
  "depth.full.delta1": {
    "mean": 0.6956429755687714,
    "std": 0.18024882890969116,
    "median": 0.7391619384288788,
    "min": 0.20555701851844788,
    "max": 0.9944839477539062,
    "count": 4000
  },
  "depth.full.delta2": {
    "mean": 0.8844026538431644,
    "std": 0.07265985559021775,
    "median": 0.8948934972286224,
    "min": 0.5192570090293884,
    "max": 0.9998905658721924,
    "count": 4000
  },
  "depth.full.delta3": {
    "mean": 0.9429712756425143,
    "std": 0.04304030068120999,
    "median": 0.951696127653122,
    "min": 0.7754830121994019,
    "max": 1.0,
    "count": 4000
  },
  "depth.full.rmse_log": {
    "mean": 0.32118798639066515,
    "std": 0.12242085193884136,
    "median": 0.3066648095846176,
    "min": 0.06151720508933067,
    "max": 0.6844170689582825,
    "count": 4000
  },
  "depth.full.si_log": {
    "mean": 0.3173155742147937,
    "std": 0.12233272392471904,
    "median": 0.30157633125782013,
    "min": 0.06091587245464325,
    "max": 0.6835623979568481,
    "count": 4000
  },
  "depth.building.mae": {
    "mean": 8.616015453075018,
    "std": 4.73756084738799,
    "median": 8.06716537475586,
    "min": 0.4502379596233368,
    "max": 50.350852966308594,
    "count": 3351
  },
  "depth.building.rmse": {
    "mean": 11.010113062164173,
    "std": 5.385206725090262,
    "median": 10.884343147277832,
    "min": 0.4551113247871399,
    "max": 50.43933868408203,
    "count": 3351
  },
  "depth.building.abs_rel": {
    "mean": 0.6164852696874183,
    "std": 0.5773967153140184,
    "median": 0.45553097128868103,
    "min": 0.042955342680215836,
    "max": 11.089032173156738,
    "count": 3351
  },
  "depth.building.sq_rel": {
    "mean": 10.276211078186172,
    "std": 14.420255714064776,
    "median": 6.431949138641357,
    "min": 0.028811916708946228,
    "max": 345.3120422363281,
    "count": 3351
  },
  "depth.building.delta1": {
    "mean": 0.4283802153755805,
    "std": 0.21650322610634234,
    "median": 0.3907250761985779,
    "min": 0.0,
    "max": 1.0,
    "count": 3351
  },
  "depth.building.delta2": {
    "mean": 0.6797661303510038,
    "std": 0.21478987568463417,
    "median": 0.6962558031082153,
    "min": 0.0,
    "max": 1.0,
    "count": 3351
  },
  "depth.building.delta3": {
    "mean": 0.8159176208561337,
    "std": 0.17625644764303314,
    "median": 0.852830171585083,
    "min": 0.0,
    "max": 1.0,
    "count": 3351
  },
  "depth.building.rmse_log": {
    "mean": 0.5250216727524382,
    "std": 0.2457628916223333,
    "median": 0.4954555034637451,
    "min": 0.043410416692495346,
    "max": 2.4508697986602783,
    "count": 3351
  },
  "depth.building.si_log": {
    "mean": 0.45677160026437813,
    "std": 0.2077092605123827,
    "median": 0.4425656497478485,
    "min": 0.00048059129039756954,
    "max": 1.4948333501815796,
    "count": 3351
  },
  "depth.non_building.mae": {
    "mean": 3.2046910352110864,
    "std": 1.1637005067879354,
    "median": 3.2861080169677734,
    "min": 0.3162369728088379,
    "max": 6.430514812469482,
    "count": 4000
  },
  "depth.non_building.rmse": {
    "mean": 5.971614260107279,
    "std": 2.094011872782564,
    "median": 6.367081880569458,
    "min": 0.46629056334495544,
    "max": 11.359612464904785,
    "count": 4000
  },
  "depth.non_building.abs_rel": {
    "mean": 0.24475661559868603,
    "std": 0.1301675141662512,
    "median": 0.21619778871536255,
    "min": 0.03679254651069641,
    "max": 0.8460798859596252,
    "count": 4000
  },
  "depth.non_building.sq_rel": {
    "mean": 2.4588381885206325,
    "std": 2.051389180965184,
    "median": 1.985314130783081,
    "min": 0.026885200291872025,
    "max": 18.231555938720703,
    "count": 4000
  },
  "depth.non_building.delta1": {
    "mean": 0.7121010580211877,
    "std": 0.18139459321036064,
    "median": 0.7566409111022949,
    "min": 0.2032364159822464,
    "max": 0.9968388676643372,
    "count": 4000
  },
  "depth.non_building.delta2": {
    "mean": 0.8967067791670561,
    "std": 0.06647109184711933,
    "median": 0.9061229825019836,
    "min": 0.5195829272270203,
    "max": 1.0,
    "count": 4000
  },
  "depth.non_building.delta3": {
    "mean": 0.9500677020996809,
    "std": 0.03861064706526138,
    "median": 0.9582156240940094,
    "min": 0.7761853337287903,
    "max": 1.0,
    "count": 4000
  },
  "depth.non_building.rmse_log": {
    "mean": 0.3037780404929072,
    "std": 0.11665382435291334,
    "median": 0.29332002997398376,
    "min": 0.052138399332761765,
    "max": 0.677936315536499,
    "count": 4000
  },
  "depth.non_building.si_log": {
    "mean": 0.29890176371391863,
    "std": 0.11627994795502403,
    "median": 0.2883237898349762,
    "min": 0.05092637613415718,
    "max": 0.6751652359962463,
    "count": 4000
  },
  "normals.full.angular_mean": {
    "mean": 93.49760275268555,
    "std": 2.0913671409495773,
    "median": 93.74800491333008,
    "min": 81.95780181884766,
    "max": 99.00194549560547,
    "count": 4000
  },
  "normals.full.angular_median": {
    "mean": 86.93884459877015,
    "std": 1.0192594204503649,
    "median": 87.08671188354492,
    "min": 78.11671447753906,
    "max": 89.40827178955078,
    "count": 4000
  },
  "normals.full.inlier_11_25": {
    "mean": 0.047422559320693836,
    "std": 0.013233678572650126,
    "median": 0.0488938819617033,
    "min": 0.007827075198292732,
    "max": 0.08514776825904846,
    "count": 4000
  },
  "normals.full.inlier_22_5": {
    "mean": 0.0961499064359814,
    "std": 0.013864350766358098,
    "median": 0.09798085317015648,
    "min": 0.036669664084911346,
    "max": 0.14213433861732483,
    "count": 4000
  },
  "normals.full.inlier_30": {
    "mean": 0.11725202292017639,
    "std": 0.011887244321305493,
    "median": 0.11835140734910965,
    "min": 0.06581265479326248,
    "max": 0.1662994772195816,
    "count": 4000
  },
  "normals.building.angular_mean": {
    "mean": 82.19368881753792,
    "std": 6.121849827546076,
    "median": 82.3948745727539,
    "min": 42.69512176513672,
    "max": 149.1861114501953,
    "count": 3351
  },
  "normals.building.angular_median": {
    "mean": 84.97560154050544,
    "std": 5.454878460182736,
    "median": 85.12675476074219,
    "min": 4.378061771392822,
    "max": 172.16571044921875,
    "count": 3351
  },
  "normals.building.inlier_11_25": {
    "mean": 0.06363813022324735,
    "std": 0.05047529427743751,
    "median": 0.05136510729789734,
    "min": 0.0,
    "max": 0.5,
    "count": 3351
  },
  "normals.building.inlier_22_5": {
    "mean": 0.12791345173785404,
    "std": 0.05729869247826885,
    "median": 0.11711309850215912,
    "min": 0.0,
    "max": 0.5,
    "count": 3351
  },
  "normals.building.inlier_30": {
    "mean": 0.16339151030008925,
    "std": 0.05604569800520583,
    "median": 0.15448889136314392,
    "min": 0.0,
    "max": 0.5,
    "count": 3351
  },
  "planarity.building.residual_mean": {
    "mean": 0.381800067561203,
    "std": 0.1705867825411931,
    "median": 0.3902227580547333,
    "min": 0.008053641766309738,
    "max": 0.970912754535675,
    "count": 3233
  },
  "planarity.building.residual_median": {
    "mean": 0.35290486887765676,
    "std": 0.17006579585174417,