{
  "depth.full.mae": {
    "mean": 3.5180057024508713,
    "std": 1.1121016322242652,
    "median": 3.6453754901885986,
    "min": 0.5081257820129395,
    "max": 6.229305267333984,
    "count": 4000
  },
  "depth.full.rmse": {
    "mean": 6.410718458861113,
    "std": 1.8984679327470209,
    "median": 6.775640964508057,
    "min": 0.7509275674819946,
    "max": 13.468060493469238,
    "count": 4000
  },
  "depth.full.abs_rel": {
    "mean": 0.2713509133215994,
    "std": 0.1442706648811037,
    "median": 0.23584944009780884,
    "min": 0.05516039952635765,
    "max": 0.9143940806388855,
    "count": 4000
  },
  "depth.full.sq_rel": {
    "mean": 2.892324183695018,
    "std": 2.1569340640850236,
    "median": 2.4260908365249634,
    "min": 0.080360047519207,
    "max": 23.18358039855957,
    "count": 4000
  },
  "depth.full.delta1": {
    "mean": 0.6844038202390075,
    "std": 0.18669534149876518,
    "median": 0.7345048785209656,
    "min": 0.213882714509964,
    "max": 0.9837415814399719,
    "count": 4000
  },
  "depth.full.delta2": {
    "mean": 0.881230775937438,
    "std": 0.07442617956904746,
    "median": 0.8943328559398651,
    "min": 0.6318266987800598,
    "max": 0.9995148181915283,
    "count": 4000
  },
  "depth.full.delta3": {
    "mean": 0.9409228915572166,
    "std": 0.045102853700249954,
    "median": 0.9521929621696472,
    "min": 0.7567920088768005,
    "max": 1.0,
    "count": 4000
  },
  "depth.full.rmse_log": {
    "mean": 0.32700086263939737,
    "std": 0.12322207507378657,
    "median": 0.30998942255973816,
    "min": 0.0812871977686882,
    "max": 0.6886761784553528,
    "count": 4000
  },
  "depth.full.si_log": {
    "mean": 0.3233391689565033,
    "std": 0.12317632432503271,
    "median": 0.30667249858379364,
    "min": 0.07918404787778854,
    "max": 0.6879729628562927,
    "count": 4000
  },
  "depth.non_building.mae": {
    "mean": 3.226938124269247,
    "std": 1.1254832884773454,
    "median": 3.3215194940567017,
    "min": 0.3246321678161621,
    "max": 6.229305267333984,
    "count": 4000
  },
  "depth.non_building.rmse": {
    "mean": 5.9816164462938906,
    "std": 1.9684119026281308,
    "median": 6.338727235794067,
    "min": 0.4770944118499756,
    "max": 13.468060493469238,
    "count": 4000
  },
  "depth.non_building.abs_rel": {
    "mean": 0.25017265663761645,
    "std": 0.13244209064284934,
    "median": 0.22267605364322662,
    "min": 0.038708172738552094,
    "max": 0.8614685535430908,
    "count": 4000
  },
  "depth.non_building.sq_rel": {
    "mean": 2.483351379076019,
    "std": 1.9537297345453757,
    "median": 2.0690646171569824,
    "min": 0.027985550463199615,
    "max": 18.664119720458984,
    "count": 4000
  },
  "depth.non_building.delta1": {
    "mean": 0.7015306564234197,
    "std": 0.18951766821793728,
    "median": 0.7523939609527588,
    "min": 0.20893485844135284,
    "max": 0.9966994524002075,
    "count": 4000
  },
  "depth.non_building.delta2": {
    "mean": 0.8950146085321903,
    "std": 0.06874232760669285,
    "median": 0.9050609469413757,
    "min": 0.6318266987800598,
    "max": 1.0,
    "count": 4000
  },
  "depth.non_building.delta3": {
    "mean": 0.9489158982634545,
    "std": 0.04087197759865442,
    "median": 0.9585315883159637,
    "min": 0.7567920088768005,
    "max": 1.0,
    "count": 4000
  },
  "depth.non_building.rmse_log": {
    "mean": 0.3074585519442335,
    "std": 0.11825642486403493,
    "median": 0.2966381907463074,
    "min": 0.053740717470645905,
    "max": 0.64195317029953,
    "count": 4000
  },
  "depth.non_building.si_log": {
    "mean": 0.30255534339696166,
    "std": 0.11790689372380538,
    "median": 0.29119545221328735,
    "min": 0.05151857063174248,
    "max": 0.639946460723877,
    "count": 4000
  },
  "normals.full.angular_mean": {
    "mean": 93.60920495223999,
    "std": 2.1152560586397824,
    "median": 93.9177474975586,
    "min": 81.14521789550781,
    "max": 98.86546325683594,
    "count": 4000
  },
  "normals.full.angular_median": {
    "mean": 87.09314140892029,
    "std": 1.0083963480544875,
    "median": 87.2328987121582,
    "min": 78.13833618164062,
    "max": 89.95500946044922,
    "count": 4000
  },
  "normals.full.inlier_11_25": {
    "mean": 0.048236716812476516,
    "std": 0.012923674841170019,
    "median": 0.04965999349951744,
    "min": 0.008448952808976173,
    "max": 0.09605371952056885,
    "count": 4000
  },
  "normals.full.inlier_22_5": {
    "mean": 0.09643665764294565,
    "std": 0.013559192481825253,
    "median": 0.09793121367692947,
    "min": 0.038045577704906464,
    "max": 0.14505045115947723,
    "count": 4000
  },
  "normals.full.inlier_30": {
    "mean": 0.11751669213734567,
    "std": 0.011752946593485256,
    "median": 0.11817488074302673,
    "min": 0.06423319876194,
    "max": 0.1660580337047577,
    "count": 4000
  },
  "depth.building.mae": {
    "mean": 8.888554255182344,
    "std": 4.9247950633924455,
    "median": 8.144798278808594,
    "min": 0.2783576250076294,
    "max": 36.76821517944336,
    "count": 3379
  },
  "depth.building.rmse": {
    "mean": 11.307058068616886,
    "std": 5.553456554667446,
    "median": 10.946060180664062,
    "min": 0.2872770130634308,
    "max": 40.89889144897461,
    "count": 3379
  },
  "depth.building.abs_rel": {
    "mean": 0.6621214180973092,
    "std": 0.6668026139640423,
    "median": 0.49348509311676025,
    "min": 0.05831728130578995,
    "max": 11.250846862792969,
    "count": 3379
  },
  "depth.building.sq_rel": {
    "mean": 11.483506970201267,
    "std": 18.524436031447934,
    "median": 7.082968235015869,
    "min": 0.04108448699116707,
    "max": 355.0197448730469,
    "count": 3379
  },
  "depth.building.delta1": {
    "mean": 0.42005645577594874,
    "std": 0.2146379911280496,
    "median": 0.3843124508857727,
    "min": 0.0,
    "max": 1.0,
    "count": 3379
  },
  "depth.building.delta2": {
    "mean": 0.6688248000960614,
    "std": 0.2173325595733416,
    "median": 0.68455970287323,
    "min": 0.0,
    "max": 1.0,
    "count": 3379
  },
  "depth.building.delta3": {
    "mean": 0.8042574396374029,
    "std": 0.18036133033397186,
    "median": 0.8381494879722595,
    "min": 0.0,
    "max": 1.0,
    "count": 3379
  },
  "depth.building.rmse_log": {
    "mean": 0.5428967561840694,
    "std": 0.2596129284348599,
    "median": 0.5144674777984619,
    "min": 0.07768246531486511,
    "max": 2.464876413345337,
    "count": 3379
  },
  "depth.building.si_log": {
    "mean": 0.4705391968005111,
    "std": 0.2141699123099257,
    "median": 0.4584425091743469,
    "min": 0.005899924784898758,
    "max": 1.6757665872573853,
    "count": 3379
  },
  "normals.building.angular_mean": {
    "mean": 82.29401352434478,
    "std": 5.82635226765249,
    "median": 82.54143524169922,
    "min": 29.363018035888672,
    "max": 108.64694213867188,
    "count": 3379
  },
  "normals.building.angular_median": {
    "mean": 85.05773232388194,
    "std": 5.314328655805444,
    "median": 85.25025939941406,
    "min": 1.6475826501846313,
    "max": 103.71641540527344,
    "count": 3379
  },
  "normals.building.inlier_11_25": {
    "mean": 0.06163816152190937,
    "std": 0.0450155380054662,
    "median": 0.05115488916635513,
    "min": 0.0,
    "max": 0.5,
    "count": 3379
  },
  "normals.building.inlier_22_5": {
    "mean": 0.1265320204571551,
    "std": 0.053504255022234694,
    "median": 0.11757049709558487,
    "min": 0.0,
    "max": 0.5,
    "count": 3379
  },
  "normals.building.inlier_30": {
    "mean": 0.161818775848617,
    "std": 0.052596795901425526,
    "median": 0.15431950986385345,
    "min": 0.0,
    "max": 0.5,
    "count": 3379
  },
  "planarity.building.residual_mean": {
    "mean": 0.3974400932989725,
    "std": 0.17665755264509894,
    "median": 0.4050118029117584,
    "min": 0.007316747214645147,
    "max": 1.3528929948806763,
    "count": 3271
  },
  "planarity.building.residual_median": {
    "mean": 0.3681190370736363,
    "std": 0.1772635078348979,