{
  "depth.full.mae": {
    "mean": 3.478013042271137,
    "std": 1.1589195657899671,
    "median": 3.5970205068588257,
    "min": 0.502686619758606,
    "max": 7.020666122436523,
    "count": 4000
  },
  "depth.full.rmse": {
    "mean": 6.36918475137651,
    "std": 2.0468528157486694,
    "median": 6.744084358215332,
    "min": 0.7252439856529236,
    "max": 13.567364692687988,
    "count": 4000
  },
  "depth.full.abs_rel": {
    "mean": 0.2619151113620028,
    "std": 0.14234289279784113,
    "median": 0.224896639585495,
    "min": 0.049338869750499725,
    "max": 0.9111462831497192,
    "count": 4000
  },
  "depth.full.sq_rel": {
    "mean": 2.77754270548746,
    "std": 2.1962789813480357,
    "median": 2.256289005279541,
    "min": 0.06265310943126678,
    "max": 22.161556243896484,
    "count": 4000
  },
  "depth.full.delta1": {
    "mean": 0.7010578143112361,
    "std": 0.16553280943876617,
    "median": 0.7326657772064209,
    "min": 0.21647170186042786,
    "max": 0.9942235946655273,
    "count": 4000
  },
  "depth.full.delta2": {
    "mean": 0.8838373049348592,
    "std": 0.07129407923571464,
    "median": 0.8919776082038879,
    "min": 0.6185176372528076,
    "max": 0.9999269843101501,
    "count": 4000
  },
  "depth.full.delta3": {
    "mean": 0.9432543966174126,
    "std": 0.04300762262774661,
    "median": 0.9517418146133423,
    "min": 0.75611412525177,
    "max": 1.0,
    "count": 4000
  },
  "depth.full.rmse_log": {
    "mean": 0.3198986543715,
    "std": 0.12070495124687455,
    "median": 0.3051287680864334,
    "min": 0.07218636572360992,
    "max": 0.6883871555328369,
    "count": 4000
  },
  "depth.full.si_log": {
    "mean": 0.31648458530195056,
    "std": 0.12075376907458754,
    "median": 0.3007315993309021,
    "min": 0.070866160094738,
    "max": 0.6879733204841614,
    "count": 4000
  },
  "depth.building.mae": {
    "mean": 8.579793055827247,
    "std": 4.475178657007543,
    "median": 8.135905265808105,
    "min": 0.5205377340316772,
    "max": 51.46492004394531,
    "count": 3178
  },
  "depth.building.rmse": {
    "mean": 10.918726461649392,
    "std": 5.006424024601436,
    "median": 10.76452350616455,
    "min": 0.6271465420722961,
    "max": 51.53641891479492,
    "count": 3178
  },
  "depth.building.abs_rel": {
    "mean": 0.6352847561057331,
    "std": 0.5831760972722216,
    "median": 0.4710225313901901,
    "min": 0.05631162226200104,
    "max": 8.58226203918457,
    "count": 3178
  },
  "depth.building.sq_rel": {
    "mean": 10.064194531527525,
    "std": 12.296210455209648,
    "median": 6.517939329147339,
    "min": 0.05801401659846306,
    "max": 207.0518798828125,
    "count": 3178
  },
  "depth.building.delta1": {
    "mean": 0.4195561317036537,
    "std": 0.21294356411322093,
    "median": 0.3829276114702225,
    "min": 0.0,
    "max": 1.0,
    "count": 3178
  },
  "depth.building.delta2": {
    "mean": 0.6771991863539659,
    "std": 0.21484893330687307,
    "median": 0.694137454032898,
    "min": 0.0,
    "max": 1.0,
    "count": 3178
  },
  "depth.building.delta3": {
    "mean": 0.8150631466375218,
    "std": 0.17440420617260383,
    "median": 0.8520350754261017,
    "min": 0.0,
    "max": 1.0,
    "count": 3178
  },
  "depth.building.rmse_log": {
    "mean": 0.5295168291062323,
    "std": 0.2487339225464812,
    "median": 0.5014337301254272,
    "min": 0.07671444118022919,
    "max": 2.259866714477539,
    "count": 3178
  },
  "depth.building.si_log": {
    "mean": 0.4617030158680861,
    "std": 0.20556731327968616,
    "median": 0.4508552998304367,
    "min": 0.000244140625,
    "max": 1.4523497819900513,
    "count": 3178
  },
  "depth.non_building.mae": {
    "mean": 3.1999576715379954,
    "std": 1.1559518720050181,
    "median": 3.2841084003448486,
    "min": 0.3266902267932892,
    "max": 7.020666122436523,
    "count": 4000
  },
  "depth.non_building.rmse": {
    "mean": 5.975680770538747,
    "std": 2.0894963452537456,
    "median": 6.355745315551758,
    "min": 0.47261887788772583,
    "max": 12.287625312805176,
    "count": 4000
  },
  "depth.non_building.abs_rel": {
    "mean": 0.2406712849624455,
    "std": 0.1277558189733859,
    "median": 0.21213825792074203,
    "min": 0.0377255417406559,
    "max": 0.8554403781890869,
    "count": 4000
  },
  "depth.non_building.sq_rel": {
    "mean": 2.3869416895722972,
    "std": 1.9757929149868971,
    "median": 1.9115342497825623,
    "min": 0.02805268205702305,
    "max": 17.86485481262207,
    "count": 4000
  },
  "depth.non_building.delta1": {
    "mean": 0.7189559383243322,
    "std": 0.16602282474502042,
    "median": 0.7527007162570953,
    "min": 0.17948070168495178,
    "max": 0.9962810277938843,
    "count": 4000
  },
  "depth.non_building.delta2": {
    "mean": 0.896871861204505,
    "std": 0.06477275741955266,
    "median": 0.9042511284351349,
    "min": 0.6185176372528076,
    "max": 1.0,
    "count": 4000
  },
  "depth.non_building.delta3": {
    "mean": 0.9507526807934046,
    "std": 0.038360735336323004,
    "median": 0.9582220017910004,
    "min": 0.75611412525177,
    "max": 1.0,
    "count": 4000
  },
  "depth.non_building.rmse_log": {
    "mean": 0.30110716849565505,
    "std": 0.11368197742121208,
    "median": 0.29056401550769806,
    "min": 0.05368444696068764,
    "max": 0.6355898380279541,
    "count": 4000
  },
  "depth.non_building.si_log": {
    "mean": 0.2965721351793036,
    "std": 0.11348635287181182,
    "median": 0.28527262806892395,
    "min": 0.050638847053050995,
    "max": 0.6314151287078857,
    "count": 4000
  },
  "normals.full.angular_mean": {
    "mean": 93.37257836151123,
    "std": 2.1136762066059056,
    "median": 93.69000244140625,
    "min": 81.7591781616211,
    "max": 100.33699798583984,
    "count": 4000
  },
  "normals.full.angular_median": {
    "mean": 86.82927422142029,
    "std": 1.0472406001203,
    "median": 86.98518753051758,
    "min": 77.99462127685547,
    "max": 89.88666534423828,
    "count": 4000
  },
  "normals.full.inlier_11_25": {
    "mean": 0.04565569116943516,
    "std": 0.012591312814100896,
    "median": 0.04692212492227554,
    "min": 0.008053899742662907,
    "max": 0.081722691655159,
    "count": 4000
  },
  "normals.full.inlier_22_5": {
    "mean": 0.09400619567371905,
    "std": 0.013515563047187764,
    "median": 0.09559819474816322,
    "min": 0.03590817376971245,
    "max": 0.1384160965681076,
    "count": 4000
  },
  "normals.full.inlier_30": {
    "mean": 0.11603134353272616,
    "std": 0.011673035879364224,
    "median": 0.11695423722267151,
    "min": 0.0644104927778244,
    "max": 0.16391561925411224,
    "count": 4000
  },
  "normals.building.angular_mean": {
    "mean": 82.41924818781955,
    "std": 5.873110351668639,
    "median": 82.70804977416992,
    "min": 29.3810977935791,
    "max": 132.29928588867188,
    "count": 3178
  },
  "normals.building.angular_median": {
    "mean": 84.91595985328273,
    "std": 5.288954425222531,
    "median": 85.07753372192383,
    "min": 3.263928174972534,
    "max": 103.67542266845703,
    "count": 3178
  },
  "normals.building.inlier_11_25": {
    "mean": 0.060787571768485635,
    "std": 0.04682306171032187,
    "median": 0.049317022785544395,
    "min": 0.0,
    "max": 0.5833333730697632,
    "count": 3178
  },
  "normals.building.inlier_22_5": {
    "mean": 0.1249031595395769,
    "std": 0.054409198097625844,
    "median": 0.1148323193192482,
    "min": 0.0,
    "max": 0.5833333730697632,
    "count": 3178
  },
  "normals.building.inlier_30": {
    "mean": 0.16029887468494883,
    "std": 0.052606913851498155,
    "median": 0.15101367980241776,
    "min": 0.0,
    "max": 0.5833333730697632,
    "count": 3178
  },
  "planarity.building.residual_mean": {
    "mean": 0.3987286077124337,
    "std": 0.1854104864180616,
    "median": 0.402181938290596,
    "min": 0.007520484738051891,
    "max": 3.9533658027648926,
    "count": 3100
  },
  "planarity.building.residual_median": {
    "mean": 0.3700330406208072,