{
  "depth.full.mae": {
    "mean": 3.48856295016408,
    "std": 1.1401171508303973,
    "median": 3.6238635778427124,
    "min": 0.501198947429657,
    "max": 6.625315189361572,
    "count": 4000
  },
  "depth.full.rmse": {
    "mean": 6.362844379991293,
    "std": 1.9609641901829418,
    "median": 6.7227935791015625,
    "min": 0.7388131618499756,
    "max": 11.560470581054688,
    "count": 4000
  },
  "depth.full.abs_rel": {
    "mean": 0.2676561895189807,
    "std": 0.1474680203730095,
    "median": 0.2287786900997162,
    "min": 0.048990119248628616,
    "max": 0.9138631224632263,
    "count": 4000
  },
  "depth.full.sq_rel": {
    "mean": 2.846454394493252,
    "std": 2.2282628492144934,
    "median": 2.299154281616211,
    "min": 0.07833701372146606,
    "max": 22.59935760498047,
    "count": 4000
  },
  "depth.full.delta1": {
    "mean": 0.6911477132625878,
    "std": 0.1849145601942972,
    "median": 0.7362292408943176,
    "min": 0.21136896312236786,
    "max": 0.9819241166114807,
    "count": 4000
  },
  "depth.full.delta2": {
    "mean": 0.884125633880496,
    "std": 0.07455584136008582,
    "median": 0.8948248326778412,
    "min": 0.6302391886711121,
    "max": 0.9998738765716553,
    "count": 4000
  },
  "depth.full.delta3": {
    "mean": 0.9428472740501166,
    "std": 0.04480573824484551,
    "median": 0.9535006284713745,
    "min": 0.7795531749725342,
    "max": 1.0,
    "count": 4000
  },
  "depth.full.rmse_log": {
    "mean": 0.3220803913809359,
    "std": 0.12505481249727135,
    "median": 0.3040810823440552,
    "min": 0.08856721222400665,
    "max": 0.6768482327461243,
    "count": 4000
  },
  "depth.full.si_log": {
    "mean": 0.31816646237671375,
    "std": 0.12512594380414727,
    "median": 0.2996024191379547,
    "min": 0.0854945182800293,
    "max": 0.6768201589584351,
    "count": 4000
  },
  "depth.building.mae": {
    "mean": 8.650080776560888,
    "std": 4.804627723025561,
    "median": 8.200237274169922,
    "min": 0.4793519079685211,
    "max": 50.555938720703125,
    "count": 3322
  },
  "depth.building.rmse": {
    "mean": 10.976748107428438,
    "std": 5.382943785361201,
    "median": 10.862600326538086,
    "min": 0.5311146378517151,
    "max": 50.63859176635742,
    "count": 3322
  },
  "depth.building.abs_rel": {
    "mean": 0.6954998782567325,
    "std": 0.8766945453805443,
    "median": 0.4644184708595276,
    "min": 0.03523006662726402,
    "max": 22.841060638427734,
    "count": 3322
  },
  "depth.building.sq_rel": {
    "mean": 11.799657815910903,
    "std": 20.547516490484313,
    "median": 6.468274354934692,
    "min": 0.0285048745572567,
    "max": 375.8653259277344,
    "count": 3322
  },
  "depth.building.delta1": {
    "mean": 0.4253534179287814,
    "std": 0.22133696835214514,
    "median": 0.38724642992019653,
    "min": 0.0,
    "max": 1.0,
    "count": 3322
  },
  "depth.building.delta2": {
    "mean": 0.6769107357795227,
    "std": 0.2217055819639259,
    "median": 0.6983664035797119,
    "min": 0.0,
    "max": 1.0,
    "count": 3322
  },
  "depth.building.delta3": {
    "mean": 0.81043764170264,
    "std": 0.18704144615321527,
    "median": 0.8566311299800873,
    "min": 0.0,
    "max": 1.0,
    "count": 3322
  },
  "depth.building.rmse_log": {
    "mean": 0.5406906249653155,
    "std": 0.2835258053720374,
    "median": 0.49726319313049316,
    "min": 0.04331484064459801,
    "max": 3.012800693511963,
    "count": 3322
  },
  "depth.building.si_log": {
    "mean": 0.46199489974141417,
    "std": 0.21794893209851665,
    "median": 0.44541017711162567,
    "min": 0.0,
    "max": 1.6762181520462036,
    "count": 3322
  },
  "depth.non_building.mae": {
    "mean": 3.2197794693335893,
    "std": 1.1475531191346549,
    "median": 3.300611972808838,
    "min": 0.3208627998828888,
    "max": 6.519250869750977,
    "count": 4000
  },
  "depth.non_building.rmse": {
    "mean": 5.980038746714592,
    "std": 2.0086443927901256,
    "median": 6.308697700500488,
    "min": 0.5132694840431213,
    "max": 11.560470581054688,
    "count": 4000
  },
  "depth.non_building.abs_rel": {
    "mean": 0.24724804391432553,
    "std": 0.13463341050371005,
    "median": 0.2155662700533867,
    "min": 0.03948361799120903,
    "max": 0.8590806722640991,
    "count": 4000
  },
  "depth.non_building.sq_rel": {
    "mean": 2.4607476983796803,
    "std": 2.0168029776533416,
    "median": 1.9573001265525818,
    "min": 0.027502495795488358,
    "max": 18.073514938354492,
    "count": 4000
  },
  "depth.non_building.delta1": {
    "mean": 0.7077047312557697,
    "std": 0.1867947988799838,
    "median": 0.7553901374340057,
    "min": 0.1656470000743866,
    "max": 0.9965018630027771,
    "count": 4000
  },
  "depth.non_building.delta2": {
    "mean": 0.8965103160440921,
    "std": 0.06843293315509479,
    "median": 0.9063129723072052,
    "min": 0.6302391886711121,
    "max": 0.9999865293502808,
    "count": 4000
  },
  "depth.non_building.delta3": {
    "mean": 0.9499985186755657,
    "std": 0.04041111369739222,
    "median": 0.9593693017959595,
    "min": 0.7804489135742188,
    "max": 1.0,
    "count": 4000
  },
  "depth.non_building.rmse_log": {
    "mean": 0.30422192400321363,
    "std": 0.11873848405286164,
    "median": 0.29264557361602783,
    "min": 0.054524198174476624,
    "max": 0.6422339677810669,
    "count": 4000
  },
  "depth.non_building.si_log": {
    "mean": 0.29893039296474305,
    "std": 0.11849563351403335,
    "median": 0.28669092059135437,
    "min": 0.05167154222726822,
    "max": 0.63701993227005,
    "count": 4000
  },
  "normals.full.angular_mean": {
    "mean": 93.51327550506592,
    "std": 2.086906299041846,
    "median": 93.7666130065918,
    "min": 80.27369689941406,
    "max": 100.57763671875,
    "count": 4000
  },
  "normals.full.angular_median": {
    "mean": 86.949691198349,
    "std": 1.0102529218432503,
    "median": 87.09275817871094,
    "min": 76.1994400024414,
    "max": 89.45777130126953,
    "count": 4000
  },
  "normals.full.inlier_11_25": {
    "mean": 0.0477714002376888,
    "std": 0.012602151247080019,
    "median": 0.04915551096200943,
    "min": 0.008763695135712624,
    "max": 0.08451137691736221,
    "count": 4000
  },
  "normals.full.inlier_22_5": {
    "mean": 0.0958439585659653,
    "std": 0.012873371411017888,
    "median": 0.0971781387925148,
    "min": 0.036812152713537216,
    "max": 0.14079993963241577,
    "count": 4000
  },
  "normals.full.inlier_30": {
    "mean": 0.11716544450074434,
    "std": 0.011183089731491465,
    "median": 0.11806919798254967,
    "min": 0.06673334538936615,
    "max": 0.16529172658920288,
    "count": 4000
  },
  "normals.building.angular_mean": {
    "mean": 82.50077109936846,
    "std": 6.390977428814663,
    "median": 82.75634765625,
    "min": 42.691287994384766,
    "max": 174.866943359375,
    "count": 3322
  },
  "normals.building.angular_median": {
    "mean": 84.81283412339958,
    "std": 5.9670193747779585,
    "median": 84.92934036254883,
    "min": 2.6096956729888916,
    "max": 172.3942108154297,
    "count": 3322
  },
  "normals.building.inlier_11_25": {
    "mean": 0.061101339913737576,
    "std": 0.04929809286137684,
    "median": 0.04802212119102478,
    "min": 0.0,
    "max": 0.5,
    "count": 3322
  },
  "normals.building.inlier_22_5": {
    "mean": 0.12446752207803392,
    "std": 0.05660799228520419,
    "median": 0.11280499398708344,
    "min": 0.0,
    "max": 0.5,
    "count": 3322
  },
  "normals.building.inlier_30": {
    "mean": 0.15935745747218302,
    "std": 0.05472726587824161,
    "median": 0.1498143970966339,
    "min": 0.0,
    "max": 0.550000011920929,
    "count": 3322
  },
  "planarity.building.residual_mean": {
    "mean": 0.40358930124891407,
    "std": 0.3894497376869388,
    "median": 0.4052986204624176,
    "min": 0.007483930326998234,
    "max": 19.330270767211914,
    "count": 3222
  },
  "planarity.building.residual_median": {
    "mean": 0.3749939755005918,
    "std": 0.39224032739982073,