{
  "depth.full.mae": {
    "mean": 3.4388951606824993,
    "std": 1.1575901804051403,
    "median": 3.5887291431427,
    "min": 0.4729108512401581,
    "max": 6.635441303253174,
    "count": 4000
  },
  "depth.full.rmse": {
    "mean": 6.291062614947557,
    "std": 2.016963524577277,
    "median": 6.7173755168914795,
    "min": 0.7074792981147766,
    "max": 11.428010940551758,
    "count": 4000
  },
  "depth.full.abs_rel": {
    "mean": 0.2629347121370956,
    "std": 0.14098941446913052,
    "median": 0.22745979577302933,
    "min": 0.049976423382759094,
    "max": 0.8084332346916199,
    "count": 4000
  },
  "depth.full.sq_rel": {
    "mean": 2.7825208825729786,
    "std": 2.1946864277056606,
    "median": 2.246607184410095,
    "min": 0.07696153223514557,
    "max": 22.725223541259766,
    "count": 4000
  },
  "depth.full.delta1": {
    "mean": 0.6978854562193155,
    "std": 0.17564114397301447,
    "median": 0.7373796701431274,
    "min": 0.21520741283893585,
    "max": 0.987468957901001,
    "count": 4000
  },
  "depth.full.delta2": {
    "mean": 0.8847417071312665,
    "std": 0.0727372823899563,
    "median": 0.8962480127811432,
    "min": 0.5859708189964294,
    "max": 1.0,
    "count": 4000
  },
  "depth.full.delta3": {
    "mean": 0.9432921274900437,
    "std": 0.04373226525759168,
    "median": 0.9535047113895416,
    "min": 0.775034487247467,
    "max": 1.0,
    "count": 4000
  },
  "depth.full.rmse_log": {
    "mean": 0.32003635277971626,
    "std": 0.12176836324851321,
    "median": 0.30434107780456543,
    "min": 0.07342250645160675,
    "max": 0.6460144519805908,
    "count": 4000
  },
  "depth.full.si_log": {
    "mean": 0.31626582546159626,
    "std": 0.12170334990694034,
    "median": 0.30011221766471863,
    "min": 0.07236990332603455,
    "max": 0.6431200504302979,
    "count": 4000
  },
  "depth.building.mae": {
    "mean": 8.473171469081263,
    "std": 4.643199605371721,
    "median": 7.937684535980225,
    "min": 0.4730846881866455,
    "max": 50.12430953979492,
    "count": 3231
  },
  "depth.building.rmse": {
    "mean": 10.834366840203456,
    "std": 5.2122412314954065,
    "median": 10.672707557678223,
    "min": 0.5111516118049622,
    "max": 50.219810485839844,
    "count": 3231
  },
  "depth.building.abs_rel": {
    "mean": 0.6633508878617934,
    "std": 0.8731862055953291,
    "median": 0.46676331758499146,
    "min": 0.032837748527526855,
    "max": 19.572486877441406,
    "count": 3231
  },
  "depth.building.sq_rel": {
    "mean": 10.904779190762548,
    "std": 18.75045681329959,
    "median": 6.299922943115234,
    "min": 0.018177121877670288,
    "max": 333.7724914550781,
    "count": 3231
  },
  "depth.building.delta1": {
    "mean": 0.4263440012919285,
    "std": 0.21664995458047556,
    "median": 0.3809702694416046,
    "min": 0.0,
    "max": 1.0,
    "count": 3231
  },
  "depth.building.delta2": {
    "mean": 0.6789456837145736,
    "std": 0.2124283513613373,
    "median": 0.6903380155563354,
    "min": 0.0,
    "max": 1.0,
    "count": 3231
  },
  "depth.building.delta3": {
    "mean": 0.8153194473174042,
    "std": 0.1729877011995634,
    "median": 0.8499440550804138,
    "min": 0.0,
    "max": 1.0,
    "count": 3231
  },
  "depth.building.rmse_log": {
    "mean": 0.5326310047739727,
    "std": 0.26935520979761157,
    "median": 0.5017096400260925,
    "min": 0.03611458092927933,
    "max": 2.8361904621124268,
    "count": 3231
  },
  "depth.building.si_log": {
    "mean": 0.4667808862133309,
    "std": 0.21886853328607556,
    "median": 0.4545610547065735,
    "min": 0.0012684083776548505,
    "max": 1.674583911895752,
    "count": 3231
  },
  "depth.non_building.mae": {
    "mean": 3.173601783789694,
    "std": 1.162544271094309,
    "median": 3.2841129302978516,
    "min": 0.3161039650440216,
    "max": 6.488171100616455,
    "count": 4000
  },
  "depth.non_building.rmse": {
    "mean": 5.914006903514266,
    "std": 2.0726068149008836,
    "median": 6.3273937702178955,
    "min": 0.4670608937740326,
    "max": 11.30156135559082,
    "count": 4000
  },
  "depth.non_building.abs_rel": {
    "mean": 0.2430136659387499,
    "std": 0.12810902311237884,
    "median": 0.2148980274796486,
    "min": 0.03665413334965706,
    "max": 0.775658130645752,
    "count": 4000
  },
  "depth.non_building.sq_rel": {
    "mean": 2.425809780340176,
    "std": 1.9980866536616955,
    "median": 1.9504458904266357,
    "min": 0.026538189500570297,
    "max": 15.022329330444336,
    "count": 4000
  },
  "depth.non_building.delta1": {
    "mean": 0.7159527925997973,
    "std": 0.1767663468763881,
    "median": 0.7563543915748596,
    "min": 0.16556291282176971,
    "max": 0.9970132112503052,
    "count": 4000
  },
  "depth.non_building.delta2": {
    "mean": 0.8983583604097366,
    "std": 0.06548115343965966,
    "median": 0.9071077108383179,
    "min": 0.5859708189964294,
    "max": 1.0,
    "count": 4000
  },
  "depth.non_building.delta3": {
    "mean": 0.9510102247446776,
    "std": 0.03867464035042317,
    "median": 0.9596734046936035,
    "min": 0.7753518223762512,
    "max": 1.0,
    "count": 4000
  },
  "depth.non_building.rmse_log": {
    "mean": 0.3014519645804539,
    "std": 0.11525046351832544,
    "median": 0.2913755476474762,
    "min": 0.05174418166279793,
    "max": 0.6457039713859558,
    "count": 4000
  },
  "depth.non_building.si_log": {
    "mean": 0.29639358949568123,
    "std": 0.11501978740250066,
    "median": 0.28624698519706726,
    "min": 0.05061769858002663,
    "max": 0.6431200504302979,
    "count": 4000
  },
  "normals.full.angular_mean": {
    "mean": 93.50362984848023,
    "std": 2.1770976684411685,
    "median": 93.83233642578125,
    "min": 80.08961486816406,
    "max": 98.94805145263672,
    "count": 4000
  },
  "normals.full.angular_median": {
    "mean": 86.926829662323,
    "std": 1.0756731646223037,
    "median": 87.07799911499023,
    "min": 76.0248794555664,
    "max": 89.48969268798828,
    "count": 4000
  },
  "normals.full.inlier_11_25": {
    "mean": 0.04733631985867396,
    "std": 0.013114562107198255,
    "median": 0.048860255628824234,
    "min": 0.007817615754902363,
    "max": 0.0974516049027443,
    "count": 4000
  },
  "normals.full.inlier_22_5": {
    "mean": 0.09594148042052984,
    "std": 0.013457204091446092,
    "median": 0.09787819534540176,
    "min": 0.03663027659058571,
    "max": 0.14621274173259735,
    "count": 4000
  },
  "normals.full.inlier_30": {
    "mean": 0.11707336661592126,
    "std": 0.011459724321274222,
    "median": 0.1183338426053524,
    "min": 0.06573979556560516,
    "max": 0.16647425293922424,
    "count": 4000
  },
  "normals.building.angular_mean": {
    "mean": 82.33986050940194,
    "std": 5.890861473328583,
    "median": 82.54597473144531,
    "min": 37.63751220703125,
    "max": 113.2784423828125,
    "count": 3231
  },
  "normals.building.angular_median": {
    "mean": 84.7764405279623,
    "std": 5.548007759066054,
    "median": 84.99089813232422,
    "min": 3.282708168029785,
    "max": 103.71195983886719,
    "count": 3231
  },
  "normals.building.inlier_11_25": {
    "mean": 0.06309486983651084,
    "std": 0.05076079290319271,
    "median": 0.04933900013566017,
    "min": 0.0,
    "max": 0.5833333730697632,
    "count": 3231
  },
  "normals.building.inlier_22_5": {
    "mean": 0.12615959254459252,
    "std": 0.057588287869602864,
    "median": 0.11424202471971512,
    "min": 0.0,
    "max": 0.625,
    "count": 3231
  },
  "normals.building.inlier_30": {
    "mean": 0.16059119756820953,
    "std": 0.05507047933651196,
    "median": 0.15103325247764587,
    "min": 0.0,
    "max": 0.625,
    "count": 3231
  },
  "planarity.building.residual_mean": {
    "mean": 0.3872798287555072,
    "std": 0.17702783661302043,
    "median": 0.3926287889480591,
    "min": 0.007239043712615967,
    "max": 3.4865198135375977,
    "count": 3139
  },
  "planarity.building.residual_median": {
    "mean": 0.35754686144132236,
    "std": 0.1710850268629536,