{
  "depth.full.mae": {
    "mean": 3.496736040018499,
    "std": 1.1969204146170658,
    "median": 3.6360602378845215,
    "min": 0.4732418358325958,
    "max": 8.437500953674316,
    "count": 4000
  },
  "depth.full.rmse": {
    "mean": 6.371157505467534,
    "std": 2.1143428902562933,
    "median": 6.7354371547698975,
    "min": 0.7065525054931641,
    "max": 15.711318016052246,
    "count": 4000
  },
  "depth.full.abs_rel": {
    "mean": 0.26752581497561184,
    "std": 0.14480641496703497,
    "median": 0.23093590885400772,
    "min": 0.04303855076432228,
    "max": 0.8211349844932556,
    "count": 4000
  },
  "depth.full.sq_rel": {
    "mean": 2.8504982763128357,
    "std": 2.1554707257946077,
    "median": 2.3698058128356934,
    "min": 0.04833769053220749,
    "max": 13.87746524810791,
    "count": 4000
  },
  "depth.full.delta1": {
    "mean": 0.6913405563905836,
    "std": 0.18269902831514875,
    "median": 0.7348710596561432,
    "min": 0.21432779729366302,
    "max": 0.994339108467102,
    "count": 4000
  },
  "depth.full.delta2": {
    "mean": 0.8824671685397625,
    "std": 0.07515514319385111,
    "median": 0.8935942649841309,
    "min": 0.5879510641098022,
    "max": 0.9998301863670349,
    "count": 4000
  },
  "depth.full.delta3": {
    "mean": 0.941430732101202,
    "std": 0.045404145109984556,
    "median": 0.9516341090202332,
    "min": 0.7754620909690857,
    "max": 1.0,
    "count": 4000
  },
  "depth.full.rmse_log": {
    "mean": 0.32413843929581343,
    "std": 0.12513046934608602,
    "median": 0.30923064053058624,
    "min": 0.06167389452457428,
    "max": 0.6820054650306702,
    "count": 4000
  },
  "depth.full.si_log": {
    "mean": 0.320335871854797,
    "std": 0.12496715933536562,
    "median": 0.30561621487140656,
    "min": 0.06094196438789368,
    "max": 0.6792858242988586,
    "count": 4000
  },
  "depth.building.mae": {
    "mean": 8.645433549147413,
    "std": 4.644569794969059,
    "median": 8.203329086303711,
    "min": 0.4971618354320526,
    "max": 30.823915481567383,
    "count": 3346
  },
  "depth.building.rmse": {
    "mean": 11.01367426159064,
    "std": 5.205922160441564,
    "median": 10.944693088531494,
    "min": 0.628078043460846,
    "max": 32.017059326171875,
    "count": 3346
  },
  "depth.building.abs_rel": {
    "mean": 0.6409115307511806,
    "std": 0.7118015041683168,
    "median": 0.4646066278219223,
    "min": 0.03378792107105255,
    "max": 12.935552597045898,
    "count": 3346
  },
  "depth.building.sq_rel": {
    "mean": 10.674611068093004,
    "std": 15.787085074898462,
    "median": 6.623616695404053,
    "min": 0.05812111496925354,
    "max": 244.42198181152344,
    "count": 3346
  },
  "depth.building.delta1": {
    "mean": 0.43554202485545684,
    "std": 0.21730646863836164,
    "median": 0.388715922832489,
    "min": 0.0,
    "max": 1.0,
    "count": 3346
  },
  "depth.building.delta2": {
    "mean": 0.6857520545032866,
    "std": 0.2091011265573305,
    "median": 0.6982220709323883,
    "min": 0.0,
    "max": 1.0,
    "count": 3346
  },
  "depth.building.delta3": {
    "mean": 0.8191269226361109,
    "std": 0.16443500026123098,
    "median": 0.8506169021129608,
    "min": 0.0,
    "max": 1.0,
    "count": 3346
  },
  "depth.building.rmse_log": {
    "mean": 0.5265533991683513,
    "std": 0.2601516884548733,
    "median": 0.49760784208774567,
    "min": 0.04640968143939972,
    "max": 2.5150465965270996,
    "count": 3346
  },
  "depth.building.si_log": {
    "mean": 0.4681366079607149,
    "std": 0.21377871843991308,
    "median": 0.45705606043338776,
    "min": 0.004252140410244465,
    "max": 1.6098520755767822,
    "count": 3346
  },
  "depth.non_building.mae": {
    "mean": 3.2149532980099322,
    "std": 1.2037501234646713,
    "median": 3.319620966911316,
    "min": 0.31751641631126404,
    "max": 8.437500953674316,
    "count": 4000
  },
  "depth.non_building.rmse": {
    "mean": 5.969429526083172,
    "std": 2.1648400249909625,
    "median": 6.341717004776001,
    "min": 0.46842625737190247,
    "max": 15.711318016052246,
    "count": 4000
  },
  "depth.non_building.abs_rel": {
    "mean": 0.24686536633595824,
    "std": 0.1326116284182987,
    "median": 0.21633116900920868,
    "min": 0.036612123250961304,
    "max": 0.782107412815094,
    "count": 4000
  },
  "depth.non_building.sq_rel": {
    "mean": 2.464898912725039,
    "std": 1.9886681940099733,
    "median": 2.001968026161194,
    "min": 0.0266005489975214,
    "max": 12.948587417602539,
    "count": 4000
  },
  "depth.non_building.delta1": {
    "mean": 0.708987232208252,
    "std": 0.18475664680143788,
    "median": 0.753507673740387,
    "min": 0.16581518948078156,
    "max": 0.9969783425331116,
    "count": 4000
  },
  "depth.non_building.delta2": {
    "mean": 0.8959000287950039,
    "std": 0.06885874529480049,
    "median": 0.906160831451416,
    "min": 0.5914589166641235,
    "max": 1.0,
    "count": 4000
  },
  "depth.non_building.delta3": {
    "mean": 0.94920489102602,
    "std": 0.04091822332659688,
    "median": 0.9579969644546509,
    "min": 0.7757859826087952,
    "max": 1.0,
    "count": 4000
  },
  "depth.non_building.rmse_log": {
    "mean": 0.3052854863870889,
    "std": 0.11944486751438071,
    "median": 0.29420769214630127,
    "min": 0.0517871230840683,
    "max": 0.668110191822052,
    "count": 4000
  },
  "depth.non_building.si_log": {
    "mean": 0.3001496161688119,
    "std": 0.11907960470945113,
    "median": 0.2890426069498062,
    "min": 0.05071505159139633,
    "max": 0.6638508439064026,
    "count": 4000
  },
  "normals.full.angular_mean": {
    "mean": 93.50311591339111,
    "std": 2.186832697604963,
    "median": 93.76062774658203,
    "min": 80.07687377929688,
    "max": 98.08882904052734,
    "count": 4000
  },
  "normals.full.angular_median": {
    "mean": 86.90307801818848,
    "std": 1.1057282025542428,
    "median": 87.06903839111328,
    "min": 75.9990234375,
    "max": 89.36744689941406,
    "count": 4000
  },
  "normals.full.inlier_11_25": {
    "mean": 0.0474452115977183,
    "std": 0.013118971099394685,
    "median": 0.04913027957081795,
    "min": 0.008458900265395641,
    "max": 0.09302138537168503,
    "count": 4000
  },
  "normals.full.inlier_22_5": {
    "mean": 0.09615436360798776,
    "std": 0.013459343380419505,
    "median": 0.09808836877346039,
    "min": 0.0367615669965744,
    "max": 0.13613775372505188,
    "count": 4000
  },
  "normals.full.inlier_30": {
    "mean": 0.11723762268945574,
    "std": 0.01145645197953164,
    "median": 0.11813196539878845,
    "min": 0.06561394780874252,
    "max": 0.15603725612163544,
    "count": 4000
  },
  "normals.building.angular_mean": {
    "mean": 82.8708697203313,
    "std": 5.380556012251954,
    "median": 82.74487686157227,
    "min": 56.69111633300781,
    "max": 123.38253784179688,
    "count": 3346
  },
  "normals.building.angular_median": {
    "mean": 85.11519305291321,
    "std": 4.4257155077193415,
    "median": 85.1988525390625,
    "min": 55.82503890991211,
    "max": 103.79959869384766,
    "count": 3346
  },
  "normals.building.inlier_11_25": {
    "mean": 0.05802478649402572,
    "std": 0.040928195274746115,
    "median": 0.048505326732993126,
    "min": 0.0,
    "max": 0.35483869910240173,
    "count": 3346
  },
  "normals.building.inlier_22_5": {
    "mean": 0.12113507610433431,
    "std": 0.04983259091621454,
    "median": 0.11335881426930428,
    "min": 0.0,
    "max": 0.43598616123199463,
    "count": 3346
  },
  "normals.building.inlier_30": {
    "mean": 0.15664502354010326,
    "std": 0.048571131995276906,
    "median": 0.15054236352443695,
    "min": 0.0,
    "max": 0.4463667869567871,
    "count": 3346
  },
  "planarity.building.residual_mean": {
    "mean": 0.39548662898243603,
    "std": 0.16725896909279012,
    "median": 0.3991200178861618,
    "min": 0.007244129665195942,
    "max": 3.6337130069732666,
    "count": 3300
  },