{
  "depth.full.mae": {
    "mean": 3.4844686714783313,
    "std": 1.1261287711539194,
    "median": 3.6150293350219727,
    "min": 0.47796764969825745,
    "max": 9.53685188293457,
    "count": 4000
  },
  "depth.full.rmse": {
    "mean": 6.397327939137816,
    "std": 1.9927741664211733,
    "median": 6.736398696899414,
    "min": 0.7177343368530273,
    "max": 15.465394020080566,
    "count": 4000
  },
  "depth.full.abs_rel": {
    "mean": 0.25997875855583696,
    "std": 0.14188504309751257,
    "median": 0.2230852246284485,
    "min": 0.05009783059358597,
    "max": 0.8998509645462036,
    "count": 4000
  },
  "depth.full.sq_rel": {
    "mean": 2.8019808868989347,
    "std": 2.1840153705307137,
    "median": 2.3224226236343384,
    "min": 0.07815372943878174,
    "max": 19.212425231933594,
    "count": 4000
  },
  "depth.full.delta1": {
    "mean": 0.703645982697606,
    "std": 0.17469886447749947,
    "median": 0.7457251250743866,
    "min": 0.2100977599620819,
    "max": 0.9891382455825806,
    "count": 4000
  },
  "depth.full.delta2": {
    "mean": 0.886668102376163,
    "std": 0.07353873370183828,
    "median": 0.8982397019863129,
    "min": 0.48489275574684143,
    "max": 1.0,
    "count": 4000
  },
  "depth.full.delta3": {
    "mean": 0.9441085124909878,
    "std": 0.043874401153632905,
    "median": 0.953945517539978,
    "min": 0.7743335962295532,
    "max": 1.0,
    "count": 4000
  },
  "depth.full.rmse_log": {
    "mean": 0.3175292660482228,
    "std": 0.12185437144589777,
    "median": 0.30212022364139557,
    "min": 0.0739842876791954,
    "max": 0.6824406981468201,
    "count": 4000
  },
  "depth.full.si_log": {
    "mean": 0.3136813226789236,
    "std": 0.12163089635154932,
    "median": 0.2980789989233017,
    "min": 0.07317256927490234,
    "max": 0.6796339154243469,
    "count": 4000
  },
  "depth.building.mae": {
    "mean": 9.02360906738363,
    "std": 5.093191361444394,
    "median": 8.292559623718262,
    "min": 0.4384284019470215,
    "max": 35.89434051513672,
    "count": 3314
  },
  "depth.building.rmse": {
    "mean": 11.409556419052988,
    "std": 5.728310435697695,
    "median": 11.002538204193115,
    "min": 0.47125333547592163,
    "max": 40.65150451660156,
    "count": 3314
  },
  "depth.building.abs_rel": {
    "mean": 0.6516304393082534,
    "std": 0.6350757706503413,
    "median": 0.474907249212265,
    "min": 0.055657029151916504,
    "max": 11.283882141113281,
    "count": 3314
  },
  "depth.building.sq_rel": {
    "mean": 11.313893365721496,
    "std": 17.79684257794794,
    "median": 6.783952474594116,
    "min": 0.02819228172302246,
    "max": 357.53607177734375,
    "count": 3314
  },
  "depth.building.delta1": {
    "mean": 0.413241833669016,
    "std": 0.21933684205924542,
    "median": 0.375,
    "min": 0.0,
    "max": 1.0,
    "count": 3314
  },
  "depth.building.delta2": {
    "mean": 0.6679503074105251,
    "std": 0.21856555623871404,
    "median": 0.6852080225944519,
    "min": 0.0,
    "max": 1.0,
    "count": 3314
  },
  "depth.building.delta3": {
    "mean": 0.8057327923242972,
    "std": 0.17850604082057894,
    "median": 0.8426205515861511,
    "min": 0.0,
    "max": 1.0,
    "count": 3314
  },
  "depth.building.rmse_log": {
    "mean": 0.5386952468029386,
    "std": 0.25857574871198585,
    "median": 0.5068649649620056,
    "min": 0.057812388986349106,
    "max": 2.4665658473968506,
    "count": 3314
  },
  "depth.building.si_log": {
    "mean": 0.4694802995228296,
    "std": 0.21667860791744128,
    "median": 0.4559737294912338,
    "min": 0.0,
    "max": 1.4079508781433105,
    "count": 3314
  },
  "depth.non_building.mae": {
    "mean": 3.228961299277842,
    "std": 1.1298690737716202,
    "median": 3.322118043899536,
    "min": 0.32146432995796204,
    "max": 9.53685188293457,
    "count": 4000
  },
  "depth.non_building.rmse": {
    "mean": 6.03337289634347,
    "std": 2.0422777161681003,
    "median": 6.365862607955933,
    "min": 0.5215829014778137,
    "max": 15.465394020080566,
    "count": 4000
  },
  "depth.non_building.abs_rel": {
    "mean": 0.2414249536283314,
    "std": 0.1294800019066341,
    "median": 0.210655115544796,
    "min": 0.03774166479706764,
    "max": 0.8495626449584961,
    "count": 4000
  },
  "depth.non_building.sq_rel": {
    "mean": 2.449309480657801,
    "std": 1.996982419729631,
    "median": 2.0100338459014893,
    "min": 0.02701662853360176,
    "max": 18.460609436035156,
    "count": 4000
  },
  "depth.non_building.delta1": {
    "mean": 0.7194027005322278,
    "std": 0.17537307203743352,
    "median": 0.7626431286334991,
    "min": 0.21009576320648193,
    "max": 0.9970945715904236,
    "count": 4000
  },
  "depth.non_building.delta2": {
    "mean": 0.8986154121682047,
    "std": 0.0673789726531846,
    "median": 0.9082718789577484,
    "min": 0.4854309856891632,
    "max": 1.0,
    "count": 4000
  },
  "depth.non_building.delta3": {
    "mean": 0.9510314749479294,
    "std": 0.03943157225795483,
    "median": 0.9589148163795471,
    "min": 0.7746915817260742,
    "max": 1.0,
    "count": 4000
  },
  "depth.non_building.rmse_log": {
    "mean": 0.30063935233093797,
    "std": 0.11543337961310045,
    "median": 0.2892620861530304,
    "min": 0.05250990763306618,
    "max": 0.6818148493766785,
    "count": 4000
  },
  "depth.non_building.si_log": {
    "mean": 0.2957844369718805,
    "std": 0.11501376806156478,
    "median": 0.2853665351867676,
    "min": 0.05063684657216072,
    "max": 0.6788561940193176,
    "count": 4000
  },
  "normals.full.angular_mean": {
    "mean": 93.67880632019043,
    "std": 1.9792647768366685,
    "median": 93.926513671875,
    "min": 82.67277526855469,
    "max": 98.9620361328125,
    "count": 4000
  },
  "normals.full.angular_median": {
    "mean": 87.02848636054992,
    "std": 0.8831620145766577,
    "median": 87.125,
    "min": 80.02020263671875,
    "max": 89.51358032226562,
    "count": 4000
  },
  "normals.full.inlier_11_25": {
    "mean": 0.04815640551946126,
    "std": 0.012572103863002523,
    "median": 0.04999187961220741,
    "min": 0.010010609403252602,
    "max": 0.08544093370437622,
    "count": 4000
  },
  "normals.full.inlier_22_5": {
    "mean": 0.09670873750187457,
    "std": 0.012706119314455984,
    "median": 0.09862912446260452,
    "min": 0.048010874539613724,
    "max": 0.13630220293998718,
    "count": 4000
  },
  "normals.full.inlier_30": {
    "mean": 0.1175570353846997,
    "std": 0.010913342081039855,
    "median": 0.11867295578122139,
    "min": 0.0781814381480217,
    "max": 0.15611615777015686,
    "count": 4000
  },
  "normals.building.angular_mean": {
    "mean": 82.45146566424373,
    "std": 6.347053692574095,
    "median": 82.7738037109375,
    "min": 37.790218353271484,
    "max": 174.86819458007812,
    "count": 3314
  },
  "normals.building.angular_median": {
    "mean": 84.90902086051027,
    "std": 5.473229512156508,
    "median": 85.15298080444336,
    "min": 2.7316548824310303,
    "max": 171.11807250976562,
    "count": 3314
  },
  "normals.building.inlier_11_25": {
    "mean": 0.0628507436276245,
    "std": 0.04980248900838905,
    "median": 0.04926386848092079,
    "min": 0.0,
    "max": 0.5833333730697632,
    "count": 3314
  },
  "normals.building.inlier_22_5": {
    "mean": 0.1266792381854529,
    "std": 0.057487144454686896,
    "median": 0.11472903564572334,
    "min": 0.0,
    "max": 0.5833333730697632,
    "count": 3314
  },
  "normals.building.inlier_30": {
    "mean": 0.16189784647398905,
    "std": 0.05593503567351538,
    "median": 0.1522487923502922,
    "min": 0.0,
    "max": 0.5833333730697632,
    "count": 3314
  },
  "planarity.building.residual_mean": {
    "mean": 0.3854494891198785,
    "std": 0.18158778125477504,
    "median": 0.3882811665534973,
    "min": 0.007219353225082159,
    "max": 3.5256261825561523,
    "count": 3223
  },
  "planarity.building.residual_median": {
    "mean": 0.35577034318991285,
    "std": 0.17847745541309953,