{
  "depth.full.mae": {
    "mean": 7.314145554676652,
    "std": 2.087770458252335,
    "median": 7.548780679702759,
    "min": 0.33043745160102844,
    "max": 12.650616645812988,
    "count": 4000
  },
  "depth.full.rmse": {
    "mean": 11.5498582374081,
    "std": 3.5617496363347008,
    "median": 12.051541328430176,
    "min": 0.4364129304885864,
    "max": 20.43772315979004,
    "count": 4000
  },
  "depth.full.abs_rel": {
    "mean": 0.5350296738315373,
    "std": 0.11310633825528604,
    "median": 0.538495272397995,
    "min": 0.06884763389825821,
    "max": 0.9598764181137085,
    "count": 4000
  },
  "depth.full.sq_rel": {
    "mean": 5.16163829855714,
    "std": 1.7323069908502216,
    "median": 5.36150050163269,
    "min": 0.0405602902173996,
    "max": 10.472970962524414,
    "count": 4000
  },
  "depth.full.delta1": {
    "mean": 0.2663246205579489,
    "std": 0.09876602992409957,
    "median": 0.2418321594595909,
    "min": 0.0961960181593895,
    "max": 0.9796937704086304,
    "count": 4000
  },
  "depth.full.delta2": {
    "mean": 0.5064180322885513,
    "std": 0.10743370898232771,
    "median": 0.4821889102458954,
    "min": 0.31925898790359497,
    "max": 1.0,
    "count": 4000
  },
  "depth.full.delta3": {
    "mean": 0.7166494226157665,
    "std": 0.08807688018415055,
    "median": 0.6994839906692505,
    "min": 0.5513425469398499,
    "max": 1.0,
    "count": 4000
  },
  "depth.full.rmse_log": {
    "mean": 0.6295207850784064,
    "std": 0.10996339325347192,
    "median": 0.6516825556755066,
    "min": 0.0912814736366272,
    "max": 0.8581075072288513,
    "count": 4000
  },
  "depth.full.si_log": {
    "mean": 0.6248351249415427,
    "std": 0.11027837955717514,
    "median": 0.6472697257995605,
    "min": 0.09126761555671692,
    "max": 0.8550229072570801,
    "count": 4000
  },
  "depth.building.mae": {
    "mean": 16.046358231716095,
    "std": 10.099509070526079,
    "median": 13.728544235229492,
    "min": 0.3239215016365051,
    "max": 60.747039794921875,
    "count": 3297
  },
  "depth.building.rmse": {
    "mean": 19.342618662822165,
    "std": 10.672217661055099,
    "median": 17.62403678894043,
    "min": 0.3392428457736969,
    "max": 60.7470817565918,
    "count": 3297
  },
  "depth.building.abs_rel": {
    "mean": 0.7562465312884211,
    "std": 1.0023067470680416,
    "median": 0.6128123998641968,
    "min": 0.02886768989264965,
    "max": 36.79801559448242,
    "count": 3297
  },
  "depth.building.sq_rel": {
    "mean": 12.93190975477628,
    "std": 13.53001915201205,
    "median": 10.88599681854248,
    "min": 0.010246284306049347,
    "max": 499.1843566894531,
    "count": 3297
  },
  "depth.building.delta1": {
    "mean": 0.14364452782150813,
    "std": 0.17122063779983088,
    "median": 0.10111621767282486,
    "min": 0.0,
    "max": 1.0,
    "count": 3297
  },
  "depth.building.delta2": {
    "mean": 0.2912206896617742,
    "std": 0.255012834924264,
    "median": 0.24104683101177216,
    "min": 0.0,
    "max": 1.0,
    "count": 3297
  },
  "depth.building.delta3": {
    "mean": 0.4303497804735141,
    "std": 0.2809255332458682,
    "median": 0.41144031286239624,
    "min": 0.0,
    "max": 1.0,
    "count": 3297
  },
  "depth.building.rmse_log": {
    "mean": 0.8987645836728366,
    "std": 0.31347032432451133,
    "median": 0.9030938148498535,
    "min": 0.03070954792201519,
    "max": 3.6105427742004395,
    "count": 3297
  },
  "depth.building.si_log": {
    "mean": 0.5548727645562123,
    "std": 0.2835276549934408,
    "median": 0.5257440209388733,
    "min": 0.0001220703125,
    "max": 1.623806118965149,
    "count": 3297
  },
  "depth.non_building.mae": {
    "mean": 6.879827166706324,
    "std": 2.077892625299085,
    "median": 7.131567716598511,
    "min": 0.33043745160102844,
    "max": 12.650616645812988,
    "count": 4000
  },
  "depth.non_building.rmse": {
    "mean": 10.909646625213325,
    "std": 3.5671800512786267,
    "median": 11.489295482635498,
    "min": 0.4364129304885864,
    "max": 20.43772315979004,
    "count": 4000
  },
  "depth.non_building.abs_rel": {
    "mean": 0.5280927050150931,
    "std": 0.10471346324298704,
    "median": 0.5322597920894623,
    "min": 0.0684581995010376,
    "max": 1.1898442506790161,
    "count": 4000
  },
  "depth.non_building.sq_rel": {
    "mean": 4.824293257785961,
    "std": 1.687992707058396,
    "median": 4.998058319091797,
    "min": 0.0405602902173996,
    "max": 11.169243812561035,
    "count": 4000
  },
  "depth.non_building.delta1": {
    "mean": 0.27206454166956245,
    "std": 0.09438363435323595,
    "median": 0.2504001259803772,
    "min": 0.11680661886930466,
    "max": 0.9796937704086304,
    "count": 4000
  },
  "depth.non_building.delta2": {
    "mean": 0.5185836430415511,
    "std": 0.10547201563703236,
    "median": 0.49486252665519714,
    "min": 0.31991642713546753,
    "max": 1.0,
    "count": 4000
  },
  "depth.non_building.delta3": {
    "mean": 0.7329845200031996,
    "std": 0.08867927605702224,
    "median": 0.7174925208091736,
    "min": 0.5534251928329468,
    "max": 1.0,
    "count": 4000
  },
  "depth.non_building.rmse_log": {
    "mean": 0.6112981707919389,
    "std": 0.10755437926896612,
    "median": 0.6325130760669708,
    "min": 0.08868090063333511,
    "max": 0.8584353923797607,
    "count": 4000
  },
  "depth.non_building.si_log": {
    "mean": 0.60472600270994,
    "std": 0.11372582018692877,
    "median": 0.6295397281646729,
    "min": 0.08862709254026413,
    "max": 0.8555126190185547,
    "count": 4000
  },
  "normals.full.angular_mean": {
    "mean": 78.89051252555848,
    "std": 1.01637830170132,
    "median": 79.0537109375,
    "min": 73.33004760742188,
    "max": 81.21698760986328,
    "count": 4000
  },
  "normals.full.angular_median": {
    "mean": 79.59980969429016,
    "std": 1.2131185266737365,
    "median": 79.72885513305664,
    "min": 71.88325500488281,
    "max": 82.97220611572266,
    "count": 4000
  },
  "normals.full.inlier_11_25": {
    "mean": 0.011350644538761117,
    "std": 0.002801918850580683,
    "median": 0.010660572443157434,
    "min": 0.007538708858191967,
    "max": 0.03611144423484802,
    "count": 4000
  },
  "normals.full.inlier_22_5": {
    "mean": 0.04215195620525628,
    "std": 0.009049394719844304,
    "median": 0.03981923498213291,
    "min": 0.030028128996491432,
    "max": 0.11721604317426682,
    "count": 4000
  },
  "normals.full.inlier_30": {
    "mean": 0.0783268168810755,
    "std": 0.011795181451082593,
    "median": 0.07548080384731293,
    "min": 0.0614016056060791,
    "max": 0.16829970479011536,
    "count": 4000
  },
  "normals.building.angular_mean": {
    "mean": 76.1420495146363,
    "std": 2.7017529248163124,
    "median": 76.05362701416016,
    "min": 45.415069580078125,
    "max": 146.9583740234375,
    "count": 3297
  },
  "normals.building.angular_median": {
    "mean": 75.57639417396663,
    "std": 4.071522169858259,
    "median": 75.81625366210938,
    "min": 16.009092330932617,
    "max": 169.4494171142578,
    "count": 3297
  },
  "normals.building.inlier_11_25": {
    "mean": 0.011689229125458825,
    "std": 0.00964420408675672,
    "median": 0.010793713852763176,
    "min": 0.0,
    "max": 0.25,
    "count": 3297
  },
  "normals.building.inlier_22_5": {
    "mean": 0.04402068273884928,
    "std": 0.019510437624951648,
    "median": 0.041920728981494904,
    "min": 0.0,
    "max": 0.5,
    "count": 3297
  },
  "normals.building.inlier_30": {
    "mean": 0.0777316813356892,
    "std": 0.023462414374477058,
    "median": 0.07476787269115448,
    "min": 0.0,
    "max": 0.5,
    "count": 3297
  },
  "planarity.building.residual_mean": {
    "mean": 0.30866816969378885,
    "std": 0.27253510670567,
    "median": 0.2676328122615814,
    "min": 0.009681959636509418,
    "max": 4.383322238922119,
    "count": 3245
  },
  "planarity.building.residual_median": {
    "mean": 0.2775954706631658,
    "std": 0.27464517071065947,
    "median": 0.2244100570678711,