{
  "depth.full.mae": {
    "mean": 3.425515177100897,
    "std": 1.176117581557225,
    "median": 3.5736477375030518,
    "min": 0.5236179828643799,
    "max": 6.509364604949951,
    "count": 4000
  },
  "depth.full.rmse": {
    "mean": 6.2638454786390065,
    "std": 2.0923053776840126,
    "median": 6.685985088348389,
    "min": 0.734011173248291,
    "max": 13.285117149353027,
    "count": 4000
  },
  "depth.full.abs_rel": {
    "mean": 0.2617661061491817,
    "std": 0.14513659755250202,
    "median": 0.22228248417377472,
    "min": 0.038453470915555954,
    "max": 0.9053675532341003,
    "count": 4000
  },
  "depth.full.sq_rel": {
    "mean": 2.7702709838105366,
    "std": 2.2154113270863656,
    "median": 2.2454187870025635,
    "min": 0.047573208808898926,
    "max": 23.057636260986328,
    "count": 4000
  },
  "depth.full.delta1": {
    "mean": 0.699719878103584,
    "std": 0.1773152509322312,
    "median": 0.7399602830410004,
    "min": 0.21491706371307373,
    "max": 0.9947114586830139,
    "count": 4000
  },
  "depth.full.delta2": {
    "mean": 0.8856256066262722,
    "std": 0.07314919758878208,
    "median": 0.8950594067573547,
    "min": 0.6396841406822205,
    "max": 0.9999461770057678,
    "count": 4000
  },
  "depth.full.delta3": {
    "mean": 0.9432286163121462,
    "std": 0.044625474327667926,
    "median": 0.9530831277370453,
    "min": 0.7758244276046753,
    "max": 1.0,
    "count": 4000
  },
  "depth.full.rmse_log": {
    "mean": 0.3184657912151888,
    "std": 0.12476953566239685,
    "median": 0.3018883764743805,
    "min": 0.06109955161809921,
    "max": 0.6470483541488647,
    "count": 4000
  },
  "depth.full.si_log": {
    "mean": 0.3149636350115761,
    "std": 0.12494656166580174,
    "median": 0.29871492087841034,
    "min": 0.06056027114391327,
    "max": 0.6470166444778442,
    "count": 4000
  },
  "depth.building.mae": {
    "mean": 8.470129833481153,
    "std": 4.692875216921696,
    "median": 7.971758842468262,
    "min": 0.23779666423797607,
    "max": 31.914194107055664,
    "count": 3291
  },
  "depth.building.rmse": {
    "mean": 10.805894076706464,
    "std": 5.343348680911133,
    "median": 10.575735092163086,
    "min": 0.2710593044757843,
    "max": 38.48233413696289,
    "count": 3291
  },
  "depth.building.abs_rel": {
    "mean": 0.6255947323337727,
    "std": 0.6056335056945812,
    "median": 0.4597945511341095,
    "min": 0.03878967836499214,
    "max": 8.376812934875488,
    "count": 3291
  },
  "depth.building.sq_rel": {
    "mean": 10.437074887230924,
    "std": 13.662391909622487,
    "median": 6.334583759307861,
    "min": 0.014696642756462097,
    "max": 159.3595428466797,
    "count": 3291
  },
  "depth.building.delta1": {
    "mean": 0.44163658537309636,
    "std": 0.22003904599841237,
    "median": 0.4000000059604645,
    "min": 0.0,
    "max": 1.0,
    "count": 3291
  },
  "depth.building.delta2": {
    "mean": 0.6908586462696465,
    "std": 0.2070743797572916,
    "median": 0.7079827189445496,
    "min": 0.0,
    "max": 1.0,
    "count": 3291
  },
  "depth.building.delta3": {
    "mean": 0.8218021957988763,
    "std": 0.16446718296711343,
    "median": 0.8536673188209534,
    "min": 0.0,
    "max": 1.0,
    "count": 3291
  },
  "depth.building.rmse_log": {
    "mean": 0.5214823138232526,
    "std": 0.2552556914567098,
    "median": 0.49036794900894165,
    "min": 0.05378621816635132,
    "max": 2.2381510734558105,
    "count": 3291
  },
  "depth.building.si_log": {
    "mean": 0.4595974597665374,
    "std": 0.2164519797627473,
    "median": 0.44262459874153137,
    "min": 0.0005526968743652105,
    "max": 1.675022006034851,
    "count": 3291
  },
  "depth.non_building.mae": {
    "mean": 3.169180229142308,
    "std": 1.1886626922336248,
    "median": 3.2789472341537476,
    "min": 0.3186555802822113,
    "max": 6.046761512756348,
    "count": 4000
  },
  "depth.non_building.rmse": {
    "mean": 5.896350862659514,
    "std": 2.146602706352385,
    "median": 6.322480916976929,
    "min": 0.4636176526546478,
    "max": 12.11640453338623,
    "count": 4000
  },
  "depth.non_building.abs_rel": {
    "mean": 0.24234962473902852,
    "std": 0.13367929270481305,
    "median": 0.20897375792264938,
    "min": 0.03711896762251854,
    "max": 0.853427529335022,
    "count": 4000
  },
  "depth.non_building.sq_rel": {
    "mean": 2.403669999741018,
    "std": 1.995398384299238,
    "median": 1.9422710537910461,
    "min": 0.026981867849826813,
    "max": 18.45332908630371,
    "count": 4000
  },
  "depth.non_building.delta1": {
    "mean": 0.7170051045715808,
    "std": 0.17889168379368636,
    "median": 0.7579178214073181,
    "min": 0.16413328051567078,
    "max": 0.9969202280044556,
    "count": 4000
  },
  "depth.non_building.delta2": {
    "mean": 0.8979272413998842,
    "std": 0.06788126816507786,
    "median": 0.9068383574485779,
    "min": 0.6396841406822205,
    "max": 1.0,
    "count": 4000
  },
  "depth.non_building.delta3": {
    "mean": 0.9502223919779063,
    "std": 0.040844201126150746,
    "median": 0.9585796892642975,
    "min": 0.7761809825897217,
    "max": 1.0,
    "count": 4000
  },
  "depth.non_building.rmse_log": {
    "mean": 0.3004408603608608,
    "std": 0.11972657068318107,
    "median": 0.28861141204833984,
    "min": 0.052307937294244766,
    "max": 0.6446976661682129,
    "count": 4000
  },
  "depth.non_building.si_log": {
    "mean": 0.29580935026519,
    "std": 0.11982155507879766,
    "median": 0.284181147813797,
    "min": 0.05092310532927513,
    "max": 0.6424376368522644,
    "count": 4000
  },
  "normals.full.angular_mean": {
    "mean": 93.46015060806275,
    "std": 2.1105788069052736,
    "median": 93.75802993774414,
    "min": 80.11160278320312,
    "max": 98.02962493896484,
    "count": 4000
  },
  "normals.full.angular_median": {
    "mean": 86.90564882087708,
    "std": 1.0570561780080148,
    "median": 87.0757827758789,
    "min": 76.04279327392578,
    "max": 89.44518280029297,
    "count": 4000
  },
  "normals.full.inlier_11_25": {
    "mean": 0.04695543571014423,
    "std": 0.013219432651700374,
    "median": 0.0484712403267622,
    "min": 0.00761508708819747,
    "max": 0.09245800971984863,
    "count": 4000
  },
  "normals.full.inlier_22_5": {
    "mean": 0.09548260113969445,
    "std": 0.013682753928653734,
    "median": 0.09687754139304161,
    "min": 0.03652524575591087,
    "max": 0.14134898781776428,
    "count": 4000
  },
  "normals.full.inlier_30": {
    "mean": 0.11673960704728961,
    "std": 0.011797186503836614,
    "median": 0.1176273450255394,
    "min": 0.06589876115322113,
    "max": 0.16571567952632904,
    "count": 4000
  },
  "normals.building.angular_mean": {
    "mean": 82.33990127762847,
    "std": 5.637460648171249,
    "median": 82.52290344238281,
    "min": 29.452190399169922,
    "max": 126.69481658935547,
    "count": 3291
  },
  "normals.building.angular_median": {
    "mean": 84.59346900102905,
    "std": 5.282502523618222,
    "median": 84.75886535644531,
    "min": 1.3614250421524048,
    "max": 103.0990219116211,
    "count": 3291
  },
  "normals.building.inlier_11_25": {
    "mean": 0.059626737243050315,
    "std": 0.045697396109021814,
    "median": 0.04859010875225067,
    "min": 0.0,
    "max": 0.5,
    "count": 3291
  },
  "normals.building.inlier_22_5": {
    "mean": 0.1228418384641307,
    "std": 0.0541805375306638,
    "median": 0.11363636702299118,
    "min": 0.0,
    "max": 0.5,
    "count": 3291
  },
  "normals.building.inlier_30": {
    "mean": 0.15861517323599295,
    "std": 0.05276616253105624,
    "median": 0.15007078647613525,
    "min": 0.0,
    "max": 0.5,
    "count": 3291
  },
  "planarity.building.residual_mean": {
    "mean": 0.3872134891750383,
    "std": 0.17982295004336551,
    "median": 0.39188799262046814,
    "min": 0.007298132870346308,
    "max": 3.614015579223633,
    "count": 3221
  },
  "planarity.building.residual_median": {
    "mean": 0.3564153177019189,
    "std": 0.17352163953051442,