{
  "depth.full.mae": {
    "mean": 7.562575440458954,
    "std": 2.073301832358655,
    "median": 7.764302492141724,
    "min": 0.47420912981033325,
    "max": 12.616402626037598,
    "count": 4000
  },
  "depth.full.rmse": {
    "mean": 11.928365112781524,
    "std": 3.4744797619497594,
    "median": 12.360230445861816,
    "min": 0.6383370757102966,
    "max": 20.445810317993164,
    "count": 4000
  },
  "depth.full.abs_rel": {
    "mean": 0.5431456128638238,
    "std": 0.10972373797988175,
    "median": 0.5472055971622467,
    "min": 0.08497774600982666,
    "max": 0.93949294090271,
    "count": 4000
  },
  "depth.full.sq_rel": {
    "mean": 5.391939315361902,
    "std": 1.703828745473915,
    "median": 5.5888800621032715,
    "min": 0.07889606803655624,
    "max": 10.585002899169922,
    "count": 4000
  },
  "depth.full.delta1": {
    "mean": 0.2602053456176072,
    "std": 0.09890925261288028,
    "median": 0.23800816386938095,
    "min": 0.09442589432001114,
    "max": 0.9145776629447937,
    "count": 4000
  },
  "depth.full.delta2": {
    "mean": 0.49410697658360003,
    "std": 0.10739913353557608,
    "median": 0.471949502825737,
    "min": 0.3148217499256134,
    "max": 0.9998746514320374,
    "count": 4000
  },
  "depth.full.delta3": {
    "mean": 0.700363934457302,
    "std": 0.08657457070433322,
    "median": 0.6858068406581879,
    "min": 0.5090351104736328,
    "max": 1.0,
    "count": 4000
  },
  "depth.full.rmse_log": {
    "mean": 0.6479689219221473,
    "std": 0.10785622146804956,
    "median": 0.6697966754436493,
    "min": 0.11323996633291245,
    "max": 0.8539186716079712,
    "count": 4000
  },
  "depth.full.si_log": {
    "mean": 0.6424759034309536,
    "std": 0.10778510911046753,
    "median": 0.6646285653114319,
    "min": 0.11025714874267578,
    "max": 0.8491871953010559,
    "count": 4000
  },
  "depth.non_building.mae": {
    "mean": 7.141560300812126,
    "std": 2.0753517380963094,
    "median": 7.364616870880127,
    "min": 0.39104875922203064,
    "max": 12.606003761291504,
    "count": 4000
  },
  "depth.non_building.rmse": {
    "mean": 11.313107533067464,
    "std": 3.497268898637491,
    "median": 11.846439361572266,
    "min": 0.5190204381942749,
    "max": 20.445810317993164,
    "count": 4000
  },
  "depth.non_building.abs_rel": {
    "mean": 0.5362118295002729,
    "std": 0.10405347721393869,
    "median": 0.5403670072555542,
    "min": 0.06918389350175858,
    "max": 1.212100625038147,
    "count": 4000
  },
  "depth.non_building.sq_rel": {
    "mean": 5.062116606702097,
    "std": 1.6750246168431453,
    "median": 5.236576318740845,
    "min": 0.044559452682733536,
    "max": 11.597647666931152,
    "count": 4000
  },
  "depth.non_building.delta1": {
    "mean": 0.26628814823366703,
    "std": 0.09704991054553225,
    "median": 0.24513471871614456,
    "min": 0.11485543847084045,
    "max": 0.9741172790527344,
    "count": 4000
  },
  "depth.non_building.delta2": {
    "mean": 0.5060119536742568,
    "std": 0.10664446924953283,
    "median": 0.48501475155353546,
    "min": 0.31108227372169495,
    "max": 0.9999999403953552,
    "count": 4000
  },
  "depth.non_building.delta3": {
    "mean": 0.7159893932640553,
    "std": 0.08743669389387518,
    "median": 0.7031562328338623,
    "min": 0.5090351104736328,
    "max": 1.0,
    "count": 4000
  },
  "depth.non_building.rmse_log": {
    "mean": 0.6298777963109314,
    "std": 0.1066890788901819,
    "median": 0.6515561044216156,
    "min": 0.08958626538515091,
    "max": 0.8579539060592651,
    "count": 4000
  },
  "depth.non_building.si_log": {
    "mean": 0.623224508555606,
    "std": 0.1117809718873837,
    "median": 0.6475475430488586,
    "min": 0.08950728178024292,
    "max": 0.8494997024536133,
    "count": 4000
  },
  "normals.full.angular_mean": {
    "mean": 77.64740365982055,
    "std": 0.9145298614193542,
    "median": 77.77055358886719,
    "min": 72.66703796386719,
    "max": 79.94424438476562,
    "count": 4000
  },
  "normals.full.angular_median": {
    "mean": 81.4492836894989,
    "std": 1.1570734000635026,
    "median": 81.63106918334961,
    "min": 73.2197494506836,
    "max": 84.69634246826172,
    "count": 4000
  },
  "normals.full.inlier_11_25": {
    "mean": 0.02011542509915307,
    "std": 0.003323082403263005,
    "median": 0.019428196363151073,
    "min": 0.013773332349956036,
    "max": 0.039495356380939484,
    "count": 4000
  },
  "normals.full.inlier_22_5": {
    "mean": 0.06794511533156038,
    "std": 0.00992929156403834,
    "median": 0.06577044352889061,
    "min": 0.04878322407603264,
    "max": 0.11495011299848557,
    "count": 4000
  },
  "normals.full.inlier_30": {
    "mean": 0.10691394554637372,
    "std": 0.012419203034263948,
    "median": 0.10387606918811798,
    "min": 0.0840173289179802,
    "max": 0.1673223376274109,
    "count": 4000
  },
  "depth.building.mae": {
    "mean": 16.283783073938828,
    "std": 10.522295667921211,
    "median": 13.768304824829102,
    "min": 0.2034512758255005,
    "max": 58.9158821105957,
    "count": 3229
  },
  "depth.building.rmse": {
    "mean": 19.575307056261646,
    "std": 11.104476801672527,
    "median": 17.915821075439453,
    "min": 0.20722483098506927,
    "max": 58.92606735229492,
    "count": 3229
  },
  "depth.building.abs_rel": {
    "mean": 0.7188839666007768,
    "std": 0.504234396491387,
    "median": 0.6294137239456177,
    "min": 0.03115309402346611,
    "max": 7.112288475036621,
    "count": 3229
  },
  "depth.building.sq_rel": {
    "mean": 12.822738603775015,
    "std": 8.90110619130925,
    "median": 11.23655891418457,
    "min": 0.006573855876922607,
    "max": 75.1911849975586,
    "count": 3229
  },
  "depth.building.delta1": {
    "mean": 0.14820764894433028,
    "std": 0.18516460708985283,
    "median": 0.10190124064683914,
    "min": 0.0,
    "max": 1.0,
    "count": 3229
  },
  "depth.building.delta2": {
    "mean": 0.28782628767454327,
    "std": 0.25761910720742104,
    "median": 0.23616363108158112,
    "min": 0.0,
    "max": 1.0,
    "count": 3229
  },
  "depth.building.delta3": {
    "mean": 0.4253419305077802,
    "std": 0.28336667762878254,
    "median": 0.4118262529373169,
    "min": 0.0,
    "max": 1.0,
    "count": 3229
  },
  "depth.building.rmse_log": {
    "mean": 0.9111720702794637,
    "std": 0.3152448902191757,
    "median": 0.9207431077957153,
    "min": 0.03226369619369507,
    "max": 2.0338516235351562,
    "count": 3229
  },
  "depth.building.si_log": {
    "mean": 0.5590104502998487,
    "std": 0.2758659448963323,
    "median": 0.5416018664836884,
    "min": 0.0001726334885461256,
    "max": 1.7128709554672241,
    "count": 3228
  },
  "normals.building.angular_mean": {
    "mean": 75.66854114243031,
    "std": 2.6387872286499423,
    "median": 75.34856414794922,
    "min": 52.94733810424805,
    "max": 134.98104858398438,
    "count": 3229
  },
  "normals.building.angular_median": {
    "mean": 83.81779754003085,
    "std": 2.8874025862793467,
    "median": 83.781982421875,
    "min": 29.936887741088867,
    "max": 115.09673309326172,
    "count": 3229
  },
  "normals.building.inlier_11_25": {
    "mean": 0.03624450585485594,
    "std": 0.013235751497394739,
    "median": 0.03553770110011101,
    "min": 0.0,
    "max": 0.25,
    "count": 3229
  },
  "normals.building.inlier_22_5": {
    "mean": 0.11579641260981985,
    "std": 0.02751878656735484,
    "median": 0.11604685336351395,
    "min": 0.0,
    "max": 0.2857142984867096,
    "count": 3229
  },
  "normals.building.inlier_30": {
    "mean": 0.16516407776696648,
    "std": 0.028887698595819973,
    "median": 0.16806331276893616,
    "min": 0.0,
    "max": 0.5,
    "count": 3229
  },
  "planarity.building.residual_mean": {
    "mean": 0.3033667877600758,
    "std": 0.29850765028437987,
    "median": 0.2619541585445404,
    "min": 0.009431869722902775,
    "max": 7.572986125946045,
    "count": 3145
  },
  "planarity.building.residual_median": {
    "mean": 0.2721766262408494,