{
  "depth.full.mae": {
    "mean": 3.4473913360834123,
    "std": 1.113099122720083,
    "median": 3.590756416320801,
    "min": 0.5964199304580688,
    "max": 9.632925033569336,
    "count": 4000
  },
  "depth.full.rmse": {
    "mean": 6.372568418502808,
    "std": 1.9352572891197535,
    "median": 6.750129222869873,
    "min": 0.8572583794593811,
    "max": 15.633511543273926,
    "count": 4000
  },
  "depth.full.abs_rel": {
    "mean": 0.2527696139002219,
    "std": 0.13697882541596068,
    "median": 0.21525117754936218,
    "min": 0.056619226932525635,
    "max": 0.8038985729217529,
    "count": 4000
  },
  "depth.full.sq_rel": {
    "mean": 2.639889243969694,
    "std": 1.9901213701979843,
    "median": 2.144556760787964,
    "min": 0.07818727940320969,
    "max": 22.290632247924805,
    "count": 4000
  },
  "depth.full.delta1": {
    "mean": 0.706386408701539,
    "std": 0.17325204883375064,
    "median": 0.7453227341175079,
    "min": 0.20499221980571747,
    "max": 0.9845224022865295,
    "count": 4000
  },
  "depth.full.delta2": {
    "mean": 0.8880166255682707,
    "std": 0.071569637433808,
    "median": 0.8987040221691132,
    "min": 0.6361441612243652,
    "max": 0.9999468922615051,
    "count": 4000
  },
  "depth.full.delta3": {
    "mean": 0.9455655776113272,
    "std": 0.04281511382106657,
    "median": 0.9557026028633118,
    "min": 0.7753017544746399,
    "max": 1.0,
    "count": 4000
  },
  "depth.full.rmse_log": {
    "mean": 0.31310756971128284,
    "std": 0.1196787761016318,
    "median": 0.29472093284130096,
    "min": 0.08038555830717087,
    "max": 0.6453197598457336,
    "count": 4000
  },
  "depth.full.si_log": {
    "mean": 0.3091217354070395,
    "std": 0.11942755721082796,
    "median": 0.29124125838279724,
    "min": 0.07916095852851868,
    "max": 0.6422972083091736,
    "count": 4000
  },
  "depth.building.mae": {
    "mean": 8.675510024031004,
    "std": 4.634760435863693,
    "median": 8.09934139251709,
    "min": 0.43784773349761963,
    "max": 29.97295379638672,
    "count": 3282
  },
  "depth.building.rmse": {
    "mean": 11.047285254175238,
    "std": 5.210118751539975,
    "median": 10.81031084060669,
    "min": 0.455812931060791,
    "max": 32.187644958496094,
    "count": 3282
  },
  "depth.building.abs_rel": {
    "mean": 0.6161832535147921,
    "std": 0.6793308429377697,
    "median": 0.44690607488155365,
    "min": 0.06944500654935837,
    "max": 15.565348625183105,
    "count": 3282
  },
  "depth.building.sq_rel": {
    "mean": 10.137056057559898,
    "std": 15.52152879860563,
    "median": 6.2817370891571045,
    "min": 0.041558776050806046,
    "max": 329.50494384765625,
    "count": 3282
  },
  "depth.building.delta1": {
    "mean": 0.4249311015529173,
    "std": 0.2099215332398176,
    "median": 0.38990311324596405,
    "min": 0.0,
    "max": 1.0,
    "count": 3282
  },
  "depth.building.delta2": {
    "mean": 0.6833092854619321,
    "std": 0.21113497028130873,
    "median": 0.7003229260444641,
    "min": 0.0,
    "max": 1.0,
    "count": 3282
  },
  "depth.building.delta3": {
    "mean": 0.8190249633066706,
    "std": 0.17383872938823441,
    "median": 0.8584675490856171,
    "min": 0.0,
    "max": 1.0,
    "count": 3282
  },
  "depth.building.rmse_log": {
    "mean": 0.5213347738001457,
    "std": 0.25057665049628847,
    "median": 0.4887128174304962,
    "min": 0.0767003744840622,
    "max": 2.2292685508728027,
    "count": 3282
  },
  "depth.building.si_log": {
    "mean": 0.4573468666944805,
    "std": 0.20900504928480335,
    "median": 0.4400164932012558,
    "min": 0.006086401641368866,
    "max": 1.6749930381774902,
    "count": 3282
  },
  "depth.non_building.mae": {
    "mean": 3.1719899961352347,
    "std": 1.1160679903190152,
    "median": 3.26553213596344,
    "min": 0.31330522894859314,
    "max": 9.632925033569336,
    "count": 4000
  },
  "depth.non_building.rmse": {
    "mean": 5.9799563037008046,
    "std": 1.991118148110359,
    "median": 6.360520124435425,
    "min": 0.5082405209541321,
    "max": 15.633511543273926,
    "count": 4000
  },
  "depth.non_building.abs_rel": {
    "mean": 0.23333765340782703,
    "std": 0.12396883905922164,
    "median": 0.20266477763652802,
    "min": 0.036232635378837585,
    "max": 0.73906409740448,
    "count": 4000
  },
  "depth.non_building.sq_rel": {
    "mean": 2.280457888732664,
    "std": 1.783869378744352,
    "median": 1.8599606156349182,
    "min": 0.02638430893421173,
    "max": 16.202917098999023,
    "count": 4000
  },
  "depth.non_building.delta1": {
    "mean": 0.7239780488982797,
    "std": 0.17406617653054135,
    "median": 0.7654305696487427,
    "min": 0.16579416394233704,
    "max": 0.9969550967216492,
    "count": 4000
  },
  "depth.non_building.delta2": {
    "mean": 0.9010064110308885,
    "std": 0.06474092030424397,
    "median": 0.9097672402858734,
    "min": 0.6361441612243652,
    "max": 0.9999999403953552,
    "count": 4000
  },
  "depth.non_building.delta3": {
    "mean": 0.9529139548242093,
    "std": 0.03805373172593633,
    "median": 0.9615674316883087,
    "min": 0.7756194472312927,
    "max": 1.0,
    "count": 4000
  },
  "depth.non_building.rmse_log": {
    "mean": 0.29503434285335245,
    "std": 0.11283197821077923,
    "median": 0.28132644295692444,
    "min": 0.05151423066854477,
    "max": 0.645033061504364,
    "count": 4000
  },
  "depth.non_building.si_log": {
    "mean": 0.28970429029036315,
    "std": 0.11220833070351831,
    "median": 0.27547913789749146,
    "min": 0.05073978379368782,
    "max": 0.6422972083091736,
    "count": 4000
  },
  "normals.full.angular_mean": {
    "mean": 93.62470918846131,
    "std": 2.1205485209657664,
    "median": 93.89722442626953,
    "min": 80.10135650634766,
    "max": 100.74310302734375,
    "count": 4000
  },
  "normals.full.angular_median": {
    "mean": 86.95296210098266,
    "std": 1.069890310164471,
    "median": 87.09412002563477,
    "min": 76.0577621459961,
    "max": 89.46487426757812,
    "count": 4000
  },
  "normals.full.inlier_11_25": {
    "mean": 0.04799788003973663,
    "std": 0.012277126418917495,
    "median": 0.04962779954075813,
    "min": 0.008814752101898193,
    "max": 0.0821237564086914,
    "count": 4000
  },
  "normals.full.inlier_22_5": {
    "mean": 0.09701953708007932,
    "std": 0.012729011466041594,
    "median": 0.09892572462558746,
    "min": 0.036695923656225204,
    "max": 0.1351538896560669,
    "count": 4000
  },
  "normals.full.inlier_30": {
    "mean": 0.11786932696215809,
    "std": 0.010944068929663925,
    "median": 0.11895070970058441,
    "min": 0.06552121788263321,
    "max": 0.15599475800991058,
    "count": 4000
  },
  "normals.building.angular_mean": {
    "mean": 82.11542175660259,
    "std": 5.61171942479732,
    "median": 82.62857437133789,
    "min": 42.64021682739258,
    "max": 116.12667846679688,
    "count": 3282
  },
  "normals.building.angular_median": {
    "mean": 84.85326127719763,
    "std": 5.460835050632802,
    "median": 85.09859848022461,
    "min": 2.7050116062164307,
    "max": 103.82821655273438,
    "count": 3282
  },
  "normals.building.inlier_11_25": {
    "mean": 0.06225915854889843,
    "std": 0.047158068553532266,
    "median": 0.0507762786000967,
    "min": 0.0,
    "max": 0.5,
    "count": 3282
  },
  "normals.building.inlier_22_5": {
    "mean": 0.1268925801288997,
    "std": 0.05488294457306575,
    "median": 0.11697009578347206,
    "min": 0.0,
    "max": 0.5,
    "count": 3282
  },
  "normals.building.inlier_30": {
    "mean": 0.16318878102911402,
    "std": 0.05345508440643771,
    "median": 0.15363630652427673,
    "min": 0.0,
    "max": 0.5,
    "count": 3282
  },
  "planarity.building.residual_mean": {
    "mean": 0.39697659244459765,
    "std": 0.193337243088544,
    "median": 0.40016427636146545,
    "min": 0.007222849875688553,
    "max": 3.5103015899658203,
    "count": 3192
  },
  "planarity.building.residual_median": {
    "mean": 0.36762357461132006,