{
  "depth.full.mae": {
    "mean": 3.503930980190635,
    "std": 1.1691451756874092,
    "median": 3.6342557668685913,
    "min": 0.5320760607719421,
    "max": 6.712878227233887,
    "count": 4000
  },
  "depth.full.rmse": {
    "mean": 6.342793369203806,
    "std": 2.0483558549370278,
    "median": 6.770344257354736,
    "min": 0.7683351635932922,
    "max": 11.325201988220215,
    "count": 4000
  },
  "depth.full.abs_rel": {
    "mean": 0.26984291103016583,
    "std": 0.14587903218739504,
    "median": 0.23227866739034653,
    "min": 0.05272198095917702,
    "max": 0.9082607626914978,
    "count": 4000
  },
  "depth.full.sq_rel": {
    "mean": 2.8151459121517837,
    "std": 2.1855830837227876,
    "median": 2.297518491744995,
    "min": 0.08236052840948105,
    "max": 21.103294372558594,
    "count": 4000
  },
  "depth.full.delta1": {
    "mean": 0.6867217796482146,
    "std": 0.17811820114890217,
    "median": 0.7243869304656982,
    "min": 0.20209938287734985,
    "max": 0.9860716462135315,
    "count": 4000
  },
  "depth.full.delta2": {
    "mean": 0.8819421097040177,
    "std": 0.07308291170451622,
    "median": 0.8914078772068024,
    "min": 0.5794674158096313,
    "max": 0.9996535778045654,
    "count": 4000
  },
  "depth.full.delta3": {
    "mean": 0.9423390359580517,
    "std": 0.043713457900295946,
    "median": 0.9519276916980743,
    "min": 0.7803197503089905,
    "max": 1.0,
    "count": 4000
  },
  "depth.full.rmse_log": {
    "mean": 0.3246987188793719,
    "std": 0.12299112534867065,
    "median": 0.3097365200519562,
    "min": 0.08017374575138092,
    "max": 0.684859573841095,
    "count": 4000
  },
  "depth.full.si_log": {
    "mean": 0.3209296107515693,
    "std": 0.1232916319698236,
    "median": 0.3054749667644501,
    "min": 0.0754658654332161,
    "max": 0.684205174446106,
    "count": 4000
  },
  "depth.building.mae": {
    "mean": 8.747357084213151,
    "std": 4.807698504025003,
    "median": 8.267794609069824,
    "min": 0.6035081744194031,
    "max": 30.297805786132812,
    "count": 3377
  },
  "depth.building.rmse": {
    "mean": 11.014883563491695,
    "std": 5.338984446315726,
    "median": 10.839795112609863,
    "min": 0.6991437673568726,
    "max": 32.460914611816406,
    "count": 3377
  },
  "depth.building.abs_rel": {
    "mean": 0.6940631377004662,
    "std": 0.77680480574723,
    "median": 0.4747321307659149,
    "min": 0.05166194215416908,
    "max": 10.9228515625,
    "count": 3377
  },
  "depth.building.sq_rel": {
    "mean": 11.391634356978424,
    "std": 17.57317233389847,
    "median": 6.820067882537842,
    "min": 0.05291299894452095,
    "max": 334.0728454589844,
    "count": 3377
  },
  "depth.building.delta1": {
    "mean": 0.4163016609360511,
    "std": 0.22247326700329195,
    "median": 0.3725952208042145,
    "min": 0.0,
    "max": 1.0,
    "count": 3377
  },
  "depth.building.delta2": {
    "mean": 0.6690198738370086,
    "std": 0.22453544219910035,
    "median": 0.6823520064353943,
    "min": 0.0,
    "max": 1.0,
    "count": 3377
  },
  "depth.building.delta3": {
    "mean": 0.8054204932499488,
    "std": 0.19072429788192996,
    "median": 0.8489766120910645,
    "min": 0.0,
    "max": 1.0,
    "count": 3377
  },
  "depth.building.rmse_log": {
    "mean": 0.5445323590589657,
    "std": 0.2795659073173149,
    "median": 0.5050463080406189,
    "min": 0.07227993756532669,
    "max": 2.4397504329681396,
    "count": 3377
  },
  "depth.building.si_log": {
    "mean": 0.46273747381282904,
    "std": 0.2124670300984145,
    "median": 0.45208093523979187,
    "min": 0.0,
    "max": 1.67720365524292,
    "count": 3377
  },
  "depth.non_building.mae": {
    "mean": 3.220960258319974,
    "std": 1.1708765357609845,
    "median": 3.3234057426452637,
    "min": 0.3465881049633026,
    "max": 6.515219211578369,
    "count": 4000
  },
  "depth.non_building.rmse": {
    "mean": 5.942587340146303,
    "std": 2.086355086053216,
    "median": 6.340925216674805,
    "min": 0.48573604226112366,
    "max": 11.218502044677734,
    "count": 4000
  },
  "depth.non_building.abs_rel": {
    "mean": 0.248485424131155,
    "std": 0.13280358808195922,
    "median": 0.21904125809669495,
    "min": 0.05232011526823044,
    "max": 0.8506460189819336,
    "count": 4000
  },
  "depth.non_building.sq_rel": {
    "mean": 2.430376876500435,
    "std": 1.9843178912930075,
    "median": 1.9634353518486023,
    "min": 0.045510903000831604,
    "max": 17.08538246154785,
    "count": 4000
  },
  "depth.non_building.delta1": {
    "mean": 0.704954648066312,
    "std": 0.18014287336675525,
    "median": 0.7471019923686981,
    "min": 0.16711866855621338,
    "max": 0.9886491894721985,
    "count": 4000
  },
  "depth.non_building.delta2": {
    "mean": 0.8954048212766648,
    "std": 0.06694572697639983,
    "median": 0.9038588404655457,
    "min": 0.5847480893135071,
    "max": 0.9999999403953552,
    "count": 4000
  },
  "depth.non_building.delta3": {
    "mean": 0.9499449576884508,
    "std": 0.0392024503383117,
    "median": 0.9577952027320862,
    "min": 0.7828916311264038,
    "max": 1.0,
    "count": 4000
  },
  "depth.non_building.rmse_log": {
    "mean": 0.30568608779087664,
    "std": 0.11675956002957795,
    "median": 0.29595060646533966,
    "min": 0.07744491845369339,
    "max": 0.6628015637397766,
    "count": 4000
  },
  "depth.non_building.si_log": {
    "mean": 0.3005362988607958,
    "std": 0.1168999952094919,
    "median": 0.29020656645298004,
    "min": 0.06089256331324577,
    "max": 0.6590467691421509,
    "count": 4000
  },
  "normals.full.angular_mean": {
    "mean": 93.3546737499237,
    "std": 2.1075557607392033,
    "median": 93.66394805908203,
    "min": 80.33917999267578,
    "max": 97.94956970214844,
    "count": 4000
  },
  "normals.full.angular_median": {
    "mean": 86.87368785476684,
    "std": 1.0818394044673243,
    "median": 87.0050048828125,
    "min": 76.30036163330078,
    "max": 89.43050384521484,
    "count": 4000
  },
  "normals.full.inlier_11_25": {
    "mean": 0.04594890271639451,
    "std": 0.012057035350398615,
    "median": 0.0471266508102417,
    "min": 0.00891800131648779,
    "max": 0.08324573934078217,
    "count": 4000
  },
  "normals.full.inlier_22_5": {
    "mean": 0.09465717403404415,
    "std": 0.012845145990762783,
    "median": 0.09624502435326576,
    "min": 0.036873165518045425,
    "max": 0.1383257508277893,
    "count": 4000
  },
  "normals.full.inlier_30": {
    "mean": 0.11653841932304204,
    "std": 0.010970263656703071,
    "median": 0.11748987436294556,
    "min": 0.06641564518213272,
    "max": 0.16366542875766754,
    "count": 4000
  },
  "normals.building.angular_mean": {
    "mean": 81.7979504729574,
    "std": 5.664263103557397,
    "median": 82.22815704345703,
    "min": 29.14851188659668,
    "max": 113.33563232421875,
    "count": 3377
  },
  "normals.building.angular_median": {
    "mean": 84.68585682134146,
    "std": 5.644539268436198,
    "median": 84.81891632080078,
    "min": 2.232041597366333,
    "max": 103.712890625,
    "count": 3377
  },
  "normals.building.inlier_11_25": {
    "mean": 0.06147555510083537,
    "std": 0.049207471201146935,
    "median": 0.04865741729736328,
    "min": 0.0,
    "max": 0.5,
    "count": 3377
  },
  "normals.building.inlier_22_5": {
    "mean": 0.12777014466861375,
    "std": 0.05674496244005159,
    "median": 0.1158379390835762,
    "min": 0.0,
    "max": 0.5,
    "count": 3377
  },
  "normals.building.inlier_30": {
    "mean": 0.16422560421801247,
    "std": 0.05455235206420192,
    "median": 0.15414616465568542,
    "min": 0.0,
    "max": 0.5,
    "count": 3377
  },
  "planarity.building.residual_mean": {
    "mean": 0.40127415687810214,
    "std": 0.37505635564385265,
    "median": 0.3979591131210327,
    "min": 0.007868732325732708,
    "max": 18.95491600036621,
    "count": 3291
  },
  "planarity.building.residual_median": {
    "mean": 0.3727824340119677,
    "std": 0.381230295434168,