{
  "depth.full.mae": {
    "mean": 4.221315661638975,
    "std": 1.8800361476509482,
    "median": 4.259236574172974,
    "min": 0.2808572053909302,
    "max": 12.300602912902832,
    "count": 4000
  },
  "depth.full.rmse": {
    "mean": 8.09621905889362,
    "std": 3.4514639516089316,
    "median": 8.3520188331604,
    "min": 0.3638882339000702,
    "max": 24.188432693481445,
    "count": 4000
  },
  "depth.full.abs_rel": {
    "mean": 0.37699375914223493,
    "std": 0.304251108698289,
    "median": 0.2641346603631973,
    "min": 0.0447707399725914,
    "max": 2.01086163520813,
    "count": 4000
  },
  "depth.full.sq_rel": {
    "mean": 7.8807595790578056,
    "std": 9.813524321055823,
    "median": 4.279142618179321,
    "min": 0.020563870668411255,
    "max": 89.07244110107422,
    "count": 4000
  },
  "depth.full.delta1": {
    "mean": 0.6799876878634096,
    "std": 0.21084753056683037,
    "median": 0.7303027212619781,
    "min": 0.1462969183921814,
    "max": 1.0,
    "count": 4000
  },
  "depth.full.delta2": {
    "mean": 0.8642582607641817,
    "std": 0.09872655935125932,
    "median": 0.8814049363136292,
    "min": 0.3243975043296814,
    "max": 1.0,
    "count": 4000
  },
  "depth.full.delta3": {
    "mean": 0.9232613543570042,
    "std": 0.060200458914254025,
    "median": 0.9348993003368378,
    "min": 0.6701329946517944,
    "max": 1.0,
    "count": 4000
  },
  "depth.full.rmse_log": {
    "mean": 0.3862000433029607,
    "std": 0.18771423004210308,
    "median": 0.3514924943447113,
    "min": 0.057909008115530014,
    "max": 1.0563384294509888,
    "count": 4000
  },
  "depth.full.si_log": {
    "mean": 0.38231694004777816,
    "std": 0.18776156236470798,
    "median": 0.34797389805316925,
    "min": 0.057421352714300156,
    "max": 1.0497674942016602,
    "count": 4000
  },
  "depth.building.mae": {
    "mean": 15.394533267696005,
    "std": 10.690613684017414,
    "median": 13.292677402496338,
    "min": 0.016449254006147385,
    "max": 71.78910827636719,
    "count": 2790
  },
  "depth.building.rmse": {
    "mean": 18.13063833882705,
    "std": 10.962319712684339,
    "median": 16.733510971069336,
    "min": 0.019654076546430588,
    "max": 71.79369354248047,
    "count": 2790
  },
  "depth.building.abs_rel": {
    "mean": 2.0440308091828205,
    "std": 3.353620482063588,
    "median": 0.9687885344028473,
    "min": 0.0025205742567777634,
    "max": 58.513336181640625,
    "count": 2790
  },
  "depth.building.sq_rel": {
    "mean": 71.4984506139806,
    "std": 144.66590291819708,
    "median": 23.15946674346924,
    "min": 5.9213627537246794e-05,
    "max": 2696.1279296875,
    "count": 2790
  },
  "depth.building.delta1": {
    "mean": 0.38220205705401766,
    "std": 0.28195642163347545,
    "median": 0.33072127401828766,
    "min": 0.0,
    "max": 1.0,
    "count": 2790
  },
  "depth.building.delta2": {
    "mean": 0.5677980354905302,
    "std": 0.31213254849966704,
    "median": 0.5918071269989014,
    "min": 0.0,
    "max": 1.0,
    "count": 2790
  },
  "depth.building.delta3": {
    "mean": 0.666650753778716,
    "std": 0.3083517815811774,
    "median": 0.7428250014781952,
    "min": 0.0,
    "max": 1.0,
    "count": 2790
  },
  "depth.building.rmse_log": {
    "mean": 0.8424628543083332,
    "std": 0.5870820976488931,
    "median": 0.7221654057502747,
    "min": 0.0030070971697568893,
    "max": 3.997431516647339,
    "count": 2790
  },
  "depth.building.si_log": {
    "mean": 0.5414112011696117,
    "std": 0.3076675700191687,
    "median": 0.5060222446918488,
    "min": 0.0,
    "max": 1.6545826196670532,
    "count": 2790
  },
  "depth.non_building.mae": {
    "mean": 3.9621082353964447,
    "std": 1.8578510828782646,
    "median": 3.939288377761841,
    "min": 0.28082722425460815,
    "max": 12.300602912902832,
    "count": 4000
  },
  "depth.non_building.rmse": {
    "mean": 7.700193270944059,
    "std": 3.4503273206129235,
    "median": 7.98566198348999,
    "min": 0.3638882339000702,
    "max": 24.188432693481445,
    "count": 4000
  },
  "depth.non_building.abs_rel": {
    "mean": 0.3423956065438688,
    "std": 0.27623410902236833,
    "median": 0.24807126075029373,
    "min": 0.04476263374090195,
    "max": 1.9619299173355103,
    "count": 4000
  },
  "depth.non_building.sq_rel": {
    "mean": 6.8524028358631766,
    "std": 9.043278750942537,
    "median": 3.4823150634765625,
    "min": 0.020563870668411255,
    "max": 89.07244110107422,
    "count": 4000
  },
  "depth.non_building.delta1": {
    "mean": 0.6890109221413732,
    "std": 0.2112591758672761,
    "median": 0.7419900000095367,
    "min": 0.1475885808467865,
    "max": 1.0,
    "count": 4000
  },
  "depth.non_building.delta2": {
    "mean": 0.8734248051419854,
    "std": 0.0940910981784816,
    "median": 0.889730840921402,
    "min": 0.3312970697879791,
    "max": 1.0,
    "count": 4000
  },
  "depth.non_building.delta3": {
    "mean": 0.9304058120399713,
    "std": 0.05543289624740075,
    "median": 0.9417316615581512,
    "min": 0.6704322099685669,
    "max": 1.0,
    "count": 4000
  },
  "depth.non_building.rmse_log": {
    "mean": 0.3658709036009386,
    "std": 0.17718274120520577,
    "median": 0.3380283713340759,
    "min": 0.057909008115530014,
    "max": 1.0446983575820923,
    "count": 4000
  },
  "depth.non_building.si_log": {
    "mean": 0.3612432644069195,
    "std": 0.17750147058890903,
    "median": 0.33346275985240936,
    "min": 0.05322972685098648,
    "max": 1.0399433374404907,
    "count": 4000
  },
  "normals.full.angular_mean": {
    "mean": 93.05471657943725,
    "std": 2.5125400589499924,
    "median": 93.51063537597656,
    "min": 76.43013763427734,
    "max": 101.37262725830078,
    "count": 4000
  },
  "normals.full.angular_median": {
    "mean": 88.02431140899658,
    "std": 1.0427817030404045,
    "median": 88.26263046264648,
    "min": 79.15706634521484,
    "max": 90.26165008544922,
    "count": 4000
  },
  "normals.full.inlier_11_25": {
    "mean": 0.05316485141500016,
    "std": 0.014527193791004984,
    "median": 0.05478407256305218,
    "min": 0.0008417005883529782,
    "max": 0.1325899064540863,
    "count": 4000
  },
  "normals.full.inlier_22_5": {
    "mean": 0.09830388459330425,
    "std": 0.015358294253920757,
    "median": 0.09937775880098343,
    "min": 0.01667880453169346,
    "max": 0.1808006763458252,
    "count": 4000
  },
  "normals.full.inlier_30": {
    "mean": 0.11608016102667898,
    "std": 0.013972602155328506,
    "median": 0.1163882464170456,
    "min": 0.02215881273150444,
    "max": 0.19022265076637268,
    "count": 4000
  },
  "normals.building.angular_mean": {
    "mean": 83.73374422408347,
    "std": 6.887168925735826,
    "median": 82.42150497436523,
    "min": 35.4273681640625,
    "max": 118.92898559570312,
    "count": 2790
  },
  "normals.building.angular_median": {
    "mean": 84.38324399199537,
    "std": 6.460630272627552,
    "median": 84.97663497924805,
    "min": 6.3630690574646,
    "max": 119.59396362304688,
    "count": 2790
  },
  "normals.building.inlier_11_25": {
    "mean": 0.03004326124740873,
    "std": 0.02848406861297146,
    "median": 0.02380013931542635,
    "min": 0.0,
    "max": 0.5,
    "count": 2790
  },
  "normals.building.inlier_22_5": {
    "mean": 0.08344288519174728,
    "std": 0.047614342833478554,
    "median": 0.0784253291785717,
    "min": 0.0,
    "max": 0.5,
    "count": 2790
  },
  "normals.building.inlier_30": {
    "mean": 0.1185081714341971,
    "std": 0.0500475386312664,
    "median": 0.11631732061505318,
    "min": 0.0,
    "max": 0.5,
    "count": 2790
  },
  "planarity.building.residual_mean": {
    "mean": 0.6320719933339684,
    "std": 0.5767281324491519,
    "median": 0.5568575859069824,
    "min": 0.00759077537804842,
    "max": 14.173247337341309,
    "count": 2669
  },
  "planarity.building.residual_median": {
    "mean": 0.5177237572066092,
    "std": 0.5588813320476285,
    "median": 0.4681360721588135,
    "min": 0.007549748755991459,