{
  "depth.full.mae": {
    "mean": 3.6147877294570208,
    "std": 1.257732093555593,
    "median": 3.7102088928222656,
    "min": 0.6115480661392212,
    "max": 9.130620002746582,
    "count": 4000
  },
  "depth.full.rmse": {
    "mean": 6.584853310182691,
    "std": 2.180583525401672,
    "median": 6.976363897323608,
    "min": 0.8693397641181946,
    "max": 15.034470558166504,
    "count": 4000
  },
  "depth.full.abs_rel": {
    "mean": 0.27009160635247825,
    "std": 0.15441210267859168,
    "median": 0.22187230736017227,
    "min": 0.04308018460869789,
    "max": 0.8855769634246826,
    "count": 4000
  },
  "depth.full.sq_rel": {
    "mean": 2.97336193896085,
    "std": 2.4132908630546317,
    "median": 2.2635843753814697,
    "min": 0.06724868714809418,
    "max": 23.47404670715332,
    "count": 4000
  },
  "depth.full.delta1": {
    "mean": 0.6929762596562504,
    "std": 0.17521721600822912,
    "median": 0.7315680682659149,
    "min": 0.19163693487644196,
    "max": 0.9923207759857178,
    "count": 4000
  },
  "depth.full.delta2": {
    "mean": 0.8824464530050754,
    "std": 0.07517807393339722,
    "median": 0.8924155831336975,
    "min": 0.4914926290512085,
    "max": 0.9997308850288391,
    "count": 4000
  },
  "depth.full.delta3": {
    "mean": 0.9411218238323927,
    "std": 0.04598176272973718,
    "median": 0.9523628950119019,
    "min": 0.7867099642753601,
    "max": 1.0,
    "count": 4000
  },
  "depth.full.rmse_log": {
    "mean": 0.3240631137378514,
    "std": 0.12742105739392798,
    "median": 0.30248163640499115,
    "min": 0.06756085157394409,
    "max": 0.6864631772041321,
    "count": 4000
  },
  "depth.full.si_log": {
    "mean": 0.32083386260084806,
    "std": 0.12758429897080353,
    "median": 0.29771316051483154,
    "min": 0.06750000268220901,
    "max": 0.6860110759735107,
    "count": 4000
  },
  "depth.building.mae": {
    "mean": 9.879098829110113,
    "std": 5.173323568601575,
    "median": 9.559444427490234,
    "min": 0.4284095764160156,
    "max": 32.6505241394043,
    "count": 2727
  },
  "depth.building.rmse": {
    "mean": 12.065432311645305,
    "std": 5.688163535910376,
    "median": 11.994328498840332,
    "min": 0.4337112009525299,
    "max": 35.83953094482422,
    "count": 2727
  },
  "depth.building.abs_rel": {
    "mean": 0.8547128261708005,
    "std": 1.4257460906468753,
    "median": 0.5363022685050964,
    "min": 0.011588742956519127,
    "max": 42.68430709838867,
    "count": 2727
  },
  "depth.building.sq_rel": {
    "mean": 13.991983372125219,
    "std": 27.571202641575443,
    "median": 8.088172912597656,
    "min": 0.0050877779722213745,
    "max": 794.2046508789062,
    "count": 2727
  },
  "depth.building.delta1": {
    "mean": 0.37295290278596993,
    "std": 0.23308014857674367,
    "median": 0.3418530225753784,
    "min": 0.0,
    "max": 1.0,
    "count": 2727
  },
  "depth.building.delta2": {
    "mean": 0.6158070885993815,
    "std": 0.2598801680504877,
    "median": 0.6415299773216248,
    "min": 0.0,
    "max": 1.0,
    "count": 2727
  },
  "depth.building.delta3": {
    "mean": 0.7604976905801658,
    "std": 0.2309783980648526,
    "median": 0.8184688091278076,
    "min": 0.0,
    "max": 1.0,
    "count": 2727
  },
  "depth.building.rmse_log": {
    "mean": 0.5968785706650005,
    "std": 0.3310106695628523,
    "median": 0.540932834148407,
    "min": 0.011659999378025532,
    "max": 3.7161900997161865,
    "count": 2727
  },
  "depth.building.si_log": {
    "mean": 0.4730239379653696,
    "std": 0.23014180612102225,
    "median": 0.46458500623703003,
    "min": 0.0011960399569943547,
    "max": 1.6842713356018066,
    "count": 2727
  },
  "depth.non_building.mae": {
    "mean": 3.4196987301781774,
    "std": 1.2608581003517432,
    "median": 3.4572960138320923,
    "min": 0.44453519582748413,
    "max": 9.130620002746582,
    "count": 4000
  },
  "depth.non_building.rmse": {
    "mean": 6.312759763300419,
    "std": 2.2066906956367625,
    "median": 6.661064147949219,
    "min": 0.6344515085220337,
    "max": 15.034470558166504,
    "count": 4000
  },
  "depth.non_building.abs_rel": {
    "mean": 0.25400538816582413,
    "std": 0.1437410157896768,
    "median": 0.21045470237731934,
    "min": 0.043077487498521805,
    "max": 0.8022562265396118,
    "count": 4000
  },
  "depth.non_building.sq_rel": {
    "mean": 2.6843811859674753,
    "std": 2.2644037334082356,
    "median": 2.013650894165039,
    "min": 0.06328781694173813,
    "max": 17.215171813964844,
    "count": 4000
  },
  "depth.non_building.delta1": {
    "mean": 0.7042218209803104,
    "std": 0.17588219403535318,
    "median": 0.7451338768005371,
    "min": 0.191222682595253,
    "max": 0.9923207759857178,
    "count": 4000
  },
  "depth.non_building.delta2": {
    "mean": 0.8912556065320969,
    "std": 0.07095289799559625,
    "median": 0.9017880260944366,
    "min": 0.49233192205429077,
    "max": 0.9997308850288391,
    "count": 4000
  },
  "depth.non_building.delta3": {
    "mean": 0.9466404006779194,
    "std": 0.04259702986333169,
    "median": 0.957321435213089,
    "min": 0.7867099642753601,
    "max": 1.0,
    "count": 4000
  },
  "depth.non_building.rmse_log": {
    "mean": 0.3105949134360999,
    "std": 0.12199559321225985,
    "median": 0.29152145981788635,
    "min": 0.06756088882684708,
    "max": 0.6654563546180725,
    "count": 4000
  },
  "depth.non_building.si_log": {
    "mean": 0.30653961185738443,
    "std": 0.12210879170676628,
    "median": 0.2871139496564865,
    "min": 0.06750011444091797,
    "max": 0.6610284447669983,
    "count": 4000
  },
  "normals.full.angular_mean": {
    "mean": 93.34633226966858,
    "std": 1.8659399029450991,
    "median": 93.55084228515625,
    "min": 81.04397583007812,
    "max": 99.92021179199219,
    "count": 4000
  },
  "normals.full.angular_median": {
    "mean": 87.05040082931518,
    "std": 1.0023121707811986,
    "median": 87.15067291259766,
    "min": 77.55923461914062,
    "max": 89.69694519042969,
    "count": 4000
  },
  "normals.full.inlier_11_25": {
    "mean": 0.04406395347160287,
    "std": 0.012227526227825398,
    "median": 0.04507099278271198,
    "min": 0.008312552236020565,
    "max": 0.07806234061717987,
    "count": 4000
  },
  "normals.full.inlier_22_5": {
    "mean": 0.09400508652813733,
    "std": 0.012469823133248415,
    "median": 0.09535183385014534,
    "min": 0.0442463718354702,
    "max": 0.13805127143859863,
    "count": 4000
  },
  "normals.full.inlier_30": {
    "mean": 0.11713401805236935,
    "std": 0.01073895936854569,
    "median": 0.1179635226726532,
    "min": 0.07114607095718384,
    "max": 0.16409021615982056,
    "count": 4000
  },
  "normals.building.angular_mean": {
    "mean": 81.58163041722263,
    "std": 6.6746403450392595,
    "median": 81.93135833740234,
    "min": 44.79100799560547,
    "max": 174.33822631835938,
    "count": 2727
  },
  "normals.building.angular_median": {
    "mean": 85.23046747388794,
    "std": 6.463347490387841,
    "median": 85.49369812011719,
    "min": 2.089097023010254,
    "max": 170.54835510253906,
    "count": 2727
  },
  "normals.building.inlier_11_25": {
    "mean": 0.06339647863804748,
    "std": 0.051501076130733466,
    "median": 0.04831288382411003,
    "min": 0.0,
    "max": 0.5,
    "count": 2727
  },
  "normals.building.inlier_22_5": {
    "mean": 0.13297205871646608,
    "std": 0.06207333820833989,
    "median": 0.11764705926179886,
    "min": 0.0,
    "max": 0.5,
    "count": 2727
  },
  "normals.building.inlier_30": {
    "mean": 0.16940218159538903,
    "std": 0.05994918316583795,
    "median": 0.1573382019996643,
    "min": 0.0,
    "max": 0.625,
    "count": 2727
  },
  "planarity.building.residual_mean": {
    "mean": 0.399008929933088,
    "std": 0.21719723108552022,
    "median": 0.4102211594581604,
    "min": 0.00880411732941866,
    "max": 5.356934070587158,
    "count": 2607
  },
  "planarity.building.residual_median": {
    "mean": 0.3725066638366245,