{
  "depth.full.mae": {
    "mean": 3.6092200928330422,
    "std": 1.2303657114215854,
    "median": 3.7259840965270996,
    "min": 0.5670671463012695,
    "max": 6.846631050109863,
    "count": 4000
  },
  "depth.full.rmse": {
    "mean": 6.567259633660316,
    "std": 2.1338633404304717,
    "median": 6.9728686809539795,
    "min": 0.7245413064956665,
    "max": 11.724732398986816,
    "count": 4000
  },
  "depth.full.abs_rel": {
    "mean": 0.2738359673637897,
    "std": 0.15642081636933539,
    "median": 0.2231258973479271,
    "min": 0.04667636379599571,
    "max": 0.8503076434135437,
    "count": 4000
  },
  "depth.full.sq_rel": {
    "mean": 2.8231070739980786,
    "std": 2.189892599030956,
    "median": 2.2438719272613525,
    "min": 0.05745502561330795,
    "max": 16.068920135498047,
    "count": 4000
  },
  "depth.full.delta1": {
    "mean": 0.6841535861864686,
    "std": 0.1799412077649587,
    "median": 0.7226908802986145,
    "min": 0.18222469091415405,
    "max": 0.9884093403816223,
    "count": 4000
  },
  "depth.full.delta2": {
    "mean": 0.8769738643616438,
    "std": 0.07998153446445842,
    "median": 0.889342188835144,
    "min": 0.4874141216278076,
    "max": 0.9999743700027466,
    "count": 4000
  },
  "depth.full.delta3": {
    "mean": 0.938780814230442,
    "std": 0.048703863986386355,
    "median": 0.9510700702667236,
    "min": 0.7606558799743652,
    "max": 1.0,
    "count": 4000
  },
  "depth.full.rmse_log": {
    "mean": 0.3279961406756192,
    "std": 0.12956073378899322,
    "median": 0.30724726617336273,
    "min": 0.06690872460603714,
    "max": 0.6714937686920166,
    "count": 4000
  },
  "depth.full.si_log": {
    "mean": 0.32458162753470243,
    "std": 0.12960652166352993,
    "median": 0.30264851450920105,
    "min": 0.0669083446264267,
    "max": 0.665926456451416,
    "count": 4000
  },
  "depth.non_building.mae": {
    "mean": 3.4432118648141623,
    "std": 1.2381596407182047,
    "median": 3.530607581138611,
    "min": 0.47123533487319946,
    "max": 6.846631050109863,
    "count": 4000
  },
  "depth.non_building.rmse": {
    "mean": 6.327171190544963,
    "std": 2.15801534367332,
    "median": 6.734339475631714,
    "min": 0.719704806804657,
    "max": 11.724732398986816,
    "count": 4000
  },
  "depth.non_building.abs_rel": {
    "mean": 0.2606410127626732,
    "std": 0.14777089186862793,
    "median": 0.21574947983026505,
    "min": 0.04667636379599571,
    "max": 0.8503323793411255,
    "count": 4000
  },
  "depth.non_building.sq_rel": {
    "mean": 2.6064629910532386,
    "std": 2.11160211684431,
    "median": 2.0425548553466797,
    "min": 0.05745502561330795,
    "max": 16.068920135498047,
    "count": 4000
  },
  "depth.non_building.delta1": {
    "mean": 0.6939381389692426,
    "std": 0.18065762470208527,
    "median": 0.7350443005561829,
    "min": 0.18589310348033905,
    "max": 0.9884093403816223,
    "count": 4000
  },
  "depth.non_building.delta2": {
    "mean": 0.8849721516445279,
    "std": 0.07605346831909085,
    "median": 0.8973082005977631,
    "min": 0.48823466897010803,
    "max": 0.9999743700027466,
    "count": 4000
  },
  "depth.non_building.delta3": {
    "mean": 0.9436333575695753,
    "std": 0.045706977517492614,
    "median": 0.954941600561142,
    "min": 0.773649275302887,
    "max": 1.0,
    "count": 4000
  },
  "depth.non_building.rmse_log": {
    "mean": 0.31673228098638356,
    "std": 0.12533629083878847,
    "median": 0.2971426248550415,
    "min": 0.06690872460603714,
    "max": 0.6715298891067505,
    "count": 4000
  },
  "depth.non_building.si_log": {
    "mean": 0.3126694486979395,
    "std": 0.12520477647892667,
    "median": 0.29313093423843384,
    "min": 0.0669083446264267,
    "max": 0.6648396253585815,
    "count": 4000
  },
  "normals.full.angular_mean": {
    "mean": 93.00060652732849,
    "std": 1.940244575174339,
    "median": 93.25982284545898,
    "min": 81.17239379882812,
    "max": 99.37620544433594,
    "count": 4000
  },
  "normals.full.angular_median": {
    "mean": 86.92313850212098,
    "std": 1.0796828133110576,
    "median": 87.07035064697266,
    "min": 76.34606170654297,
    "max": 89.37190246582031,
    "count": 4000
  },
  "normals.full.inlier_11_25": {
    "mean": 0.043261118452530355,
    "std": 0.012214195797317534,
    "median": 0.044953636825084686,
    "min": 0.007904031313955784,
    "max": 0.0880511999130249,
    "count": 4000
  },
  "normals.full.inlier_22_5": {
    "mean": 0.09323621124029159,
    "std": 0.012601452033378145,
    "median": 0.09485244005918503,
    "min": 0.04627645015716553,
    "max": 0.14074312150478363,
    "count": 4000
  },
  "normals.full.inlier_30": {
    "mean": 0.11695176551304758,
    "std": 0.010491294379441544,
    "median": 0.1178692989051342,
    "min": 0.0776095986366272,
    "max": 0.1672201305627823,
    "count": 4000
  },
  "depth.building.mae": {
    "mean": 10.059543848807982,
    "std": 5.654124341122759,
    "median": 9.279685020446777,
    "min": 0.30035924911499023,
    "max": 54.05326461791992,
    "count": 2631
  },
  "depth.building.rmse": {
    "mean": 12.26806864832255,
    "std": 6.205004555375858,
    "median": 11.834297180175781,
    "min": 0.3384547233581543,
    "max": 54.06501770019531,
    "count": 2631
  },
  "depth.building.abs_rel": {
    "mean": 0.8924181498452619,
    "std": 1.1543391229663955,
    "median": 0.55308997631073,
    "min": 0.01857565902173519,
    "max": 19.847076416015625,
    "count": 2631
  },
  "depth.building.sq_rel": {
    "mean": 13.646966370709697,
    "std": 21.48383793683157,
    "median": 8.150047302246094,
    "min": 0.007084421813488007,
    "max": 326.99639892578125,
    "count": 2631
  },
  "depth.building.delta1": {
    "mean": 0.3455698331704711,
    "std": 0.23961108133120543,
    "median": 0.3099268674850464,
    "min": 0.0,
    "max": 1.0,
    "count": 2631
  },
  "depth.building.delta2": {
    "mean": 0.5802393539269578,
    "std": 0.27597041408865075,
    "median": 0.6042077541351318,
    "min": 0.0,
    "max": 1.0,
    "count": 2631
  },
  "depth.building.delta3": {
    "mean": 0.7326453112333755,
    "std": 0.2532941674721608,
    "median": 0.7947883009910583,
    "min": 0.0,
    "max": 1.0,
    "count": 2631
  },
  "depth.building.rmse_log": {
    "mean": 0.623594433180379,
    "std": 0.34164251903883724,
    "median": 0.5691605806350708,
    "min": 0.02065950073301792,
    "max": 2.965330123901367,
    "count": 2631
  },
  "depth.building.si_log": {
    "mean": 0.4795984628293545,
    "std": 0.2409411477799787,
    "median": 0.4685593545436859,
    "min": 0.0,
    "max": 1.6397985219955444,
    "count": 2631
  },
  "normals.building.angular_mean": {
    "mean": 80.47992120827617,
    "std": 6.51897356593273,
    "median": 80.88874816894531,
    "min": 28.793441772460938,
    "max": 131.8063201904297,
    "count": 2631
  },
  "normals.building.angular_median": {
    "mean": 85.15817240561337,
    "std": 6.708206628193581,
    "median": 85.76785278320312,
    "min": 2.3365728855133057,
    "max": 103.29122161865234,
    "count": 2631
  },
  "normals.building.inlier_11_25": {
    "mean": 0.06803448352683442,
    "std": 0.0532942544091958,
    "median": 0.05364120751619339,
    "min": 0.0,
    "max": 0.5,
    "count": 2631
  },
  "normals.building.inlier_22_5": {
    "mean": 0.1400699723407156,
    "std": 0.061418184511830995,
    "median": 0.12753623723983765,
    "min": 0.0,
    "max": 0.5,
    "count": 2631
  },
  "normals.building.inlier_30": {
    "mean": 0.17756527653144527,
    "std": 0.05943359639070445,
    "median": 0.1682910919189453,
    "min": 0.0,
    "max": 0.75,
    "count": 2631
  },
  "planarity.building.residual_mean": {
    "mean": 0.3673575335286972,
    "std": 0.22802491958131807,
    "median": 0.3611634373664856,
    "min": 0.011223425157368183,
    "max": 5.6783976554870605,
    "count": 2499
  },
  "planarity.building.residual_median": {
    "mean": 0.34038623766142545,
    "std": 0.21849699276264334,