{
  "depth.full.mae": {
    "mean": 4.2834194831103085,
    "std": 1.4101641187486653,
    "median": 4.44464898109436,
    "min": 0.573494553565979,
    "max": 10.124613761901855,
    "count": 4000
  },
  "depth.full.rmse": {
    "mean": 7.967576146543026,
    "std": 2.6497360204980476,
    "median": 8.462738513946533,
    "min": 0.8800349235534668,
    "max": 16.477319717407227,
    "count": 4000
  },
  "depth.full.abs_rel": {
    "mean": 0.2980574436681345,
    "std": 0.17354565673674707,
    "median": 0.23899956047534943,
    "min": 0.056401073932647705,
    "max": 0.9753821492195129,
    "count": 4000
  },
  "depth.full.sq_rel": {
    "mean": 3.122317662931979,
    "std": 2.216990827372965,
    "median": 2.595600724220276,
    "min": 0.08856625854969025,
    "max": 17.053672790527344,
    "count": 4000
  },
  "depth.full.delta1": {
    "mean": 0.6289360374137759,
    "std": 0.2014717732997849,
    "median": 0.6892244517803192,
    "min": 0.14032034575939178,
    "max": 0.9814212918281555,
    "count": 4000
  },
  "depth.full.delta2": {
    "mean": 0.8404625437185168,
    "std": 0.0975367661942484,
    "median": 0.8518228828907013,
    "min": 0.3073013424873352,
    "max": 0.9998403787612915,
    "count": 4000
  },
  "depth.full.delta3": {
    "mean": 0.9169794459939002,
    "std": 0.05843620292024134,
    "median": 0.9269326329231262,
    "min": 0.7223415374755859,
    "max": 1.0,
    "count": 4000
  },
  "depth.full.rmse_log": {
    "mean": 0.3672503704931587,
    "std": 0.13715959031378136,
    "median": 0.3463747352361679,
    "min": 0.08518476784229279,
    "max": 0.7294746041297913,
    "count": 4000
  },
  "depth.full.si_log": {
    "mean": 0.3582187869362533,
    "std": 0.1374302572938044,
    "median": 0.33615317940711975,
    "min": 0.0822322741150856,
    "max": 0.7289944887161255,
    "count": 4000
  },
  "depth.building.mae": {
    "mean": 12.369820109707707,
    "std": 6.334435317243905,
    "median": 11.561171531677246,
    "min": 0.3421337306499481,
    "max": 40.34714126586914,
    "count": 2737
  },
  "depth.building.rmse": {
    "mean": 14.88630874740803,
    "std": 7.001320716628434,
    "median": 14.223503112792969,
    "min": 0.370484858751297,
    "max": 42.304405212402344,
    "count": 2737
  },
  "depth.building.abs_rel": {
    "mean": 1.0585339585898303,
    "std": 1.536314772142739,
    "median": 0.5990868210792542,
    "min": 0.01666572317481041,
    "max": 29.950422286987305,
    "count": 2737
  },
  "depth.building.sq_rel": {
    "mean": 16.914290470492052,
    "std": 27.926427962014813,
    "median": 10.328486442565918,
    "min": 0.006182275712490082,
    "max": 552.4462280273438,
    "count": 2737
  },
  "depth.building.delta1": {
    "mean": 0.2547476937409349,
    "std": 0.21307729379692975,
    "median": 0.21060876548290253,
    "min": 0.0,
    "max": 1.0,
    "count": 2737
  },
  "depth.building.delta2": {
    "mean": 0.47384198778929926,
    "std": 0.27471116970656223,
    "median": 0.46125462651252747,
    "min": 0.0,
    "max": 1.0,
    "count": 2737
  },
  "depth.building.delta3": {
    "mean": 0.6481634038694443,
    "std": 0.27310742273416205,
    "median": 0.6966824531555176,
    "min": 0.0,
    "max": 1.0,
    "count": 2737
  },
  "depth.building.rmse_log": {
    "mean": 0.7157063992319042,
    "std": 0.37056284133533846,
    "median": 0.6544702649116516,
    "min": 0.01654881425201893,
    "max": 3.4266159534454346,
    "count": 2737
  },
  "depth.building.si_log": {
    "mean": 0.5375290730519109,
    "std": 0.282463560336334,
    "median": 0.5207478404045105,
    "min": 0.0,
    "max": 1.7098724842071533,
    "count": 2737
  },
  "depth.non_building.mae": {
    "mean": 4.030508982568979,
    "std": 1.4037599264979075,
    "median": 4.152211904525757,
    "min": 0.5040833353996277,
    "max": 10.124613761901855,
    "count": 4000
  },
  "depth.non_building.rmse": {
    "mean": 7.599160948857665,
    "std": 2.6612705508463472,
    "median": 8.011384010314941,
    "min": 0.6707181930541992,
    "max": 16.477319717407227,
    "count": 4000
  },
  "depth.non_building.abs_rel": {
    "mean": 0.2782391965966672,
    "std": 0.1571505464363918,
    "median": 0.2280554324388504,
    "min": 0.056390129029750824,
    "max": 0.9004256129264832,
    "count": 4000
  },
  "depth.non_building.sq_rel": {
    "mean": 2.7671074515618383,
    "std": 1.9970329218774077,
    "median": 2.315235137939453,
    "min": 0.08535951375961304,
    "max": 14.455225944519043,
    "count": 4000
  },
  "depth.non_building.delta1": {
    "mean": 0.6397085468620062,
    "std": 0.2038162521773614,
    "median": 0.7022803127765656,
    "min": 0.14138339459896088,
    "max": 0.9814212918281555,
    "count": 4000
  },
  "depth.non_building.delta2": {
    "mean": 0.8518692354559898,
    "std": 0.09380039377822696,
    "median": 0.8621870279312134,
    "min": 0.32260945439338684,
    "max": 0.9998403787612915,
    "count": 4000
  },
  "depth.non_building.delta3": {
    "mean": 0.9251372767984867,
    "std": 0.0537132629981061,
    "median": 0.9341814517974854,
    "min": 0.7306553721427917,
    "max": 1.0,
    "count": 4000
  },
  "depth.non_building.rmse_log": {
    "mean": 0.3508624021653086,
    "std": 0.1301705350295619,
    "median": 0.3308742642402649,
    "min": 0.08517652004957199,
    "max": 0.7215787768363953,
    "count": 4000
  },
  "depth.non_building.si_log": {
    "mean": 0.3403669659979641,
    "std": 0.12960643854728116,
    "median": 0.32216110825538635,
    "min": 0.0822322741150856,
    "max": 0.721566379070282,
    "count": 4000
  },
  "normals.full.angular_mean": {
    "mean": 91.40738480186462,
    "std": 1.6064979047775978,
    "median": 91.54224014282227,
    "min": 81.01337432861328,
    "max": 95.55862426757812,
    "count": 4000
  },
  "normals.full.angular_median": {
    "mean": 86.46854600715638,
    "std": 0.7940711189144734,
    "median": 86.49343490600586,
    "min": 74.7934799194336,
    "max": 89.53167724609375,
    "count": 4000
  },
  "normals.full.inlier_11_25": {
    "mean": 0.04025757115380839,
    "std": 0.009025817002873042,
    "median": 0.040679655969142914,
    "min": 0.008344343863427639,
    "max": 0.0794997289776802,
    "count": 4000
  },
  "normals.full.inlier_22_5": {
    "mean": 0.0838508589696139,
    "std": 0.01058114499647967,
    "median": 0.08419107273221016,
    "min": 0.03146527335047722,
    "max": 0.1304444521665573,
    "count": 4000
  },
  "normals.full.inlier_30": {
    "mean": 0.1077928138654679,
    "std": 0.010079429837333103,
    "median": 0.10783787444233894,
    "min": 0.06283503770828247,
    "max": 0.1581679731607437,
    "count": 4000
  },
  "normals.building.angular_mean": {
    "mean": 79.1622627559351,
    "std": 6.175233992295054,
    "median": 78.53756713867188,
    "min": 42.980125427246094,
    "max": 132.13693237304688,
    "count": 2737
  },
  "normals.building.angular_median": {
    "mean": 77.86964565844356,
    "std": 7.310639444890369,
    "median": 77.63050842285156,
    "min": 30.29258918762207,
    "max": 117.23062133789062,
    "count": 2737
  },
  "normals.building.inlier_11_25": {
    "mean": 0.02105741731987182,
    "std": 0.025247721180598804,
    "median": 0.01474688109010458,
    "min": 0.0,
    "max": 0.29411765933036804,
    "count": 2737
  },
  "normals.building.inlier_22_5": {
    "mean": 0.06576894277369959,
    "std": 0.046376549521121975,
    "median": 0.057975608855485916,
    "min": 0.0,
    "max": 0.3819444477558136,
    "count": 2737
  },
  "normals.building.inlier_30": {
    "mean": 0.10605234768790162,
    "std": 0.052808551434993876,
    "median": 0.09784882515668869,
    "min": 0.0,
    "max": 0.4000000059604645,
    "count": 2737
  },
  "planarity.building.residual_mean": {
    "mean": 0.37286361268973567,
    "std": 0.3523975854033431,
    "median": 0.3462417423725128,
    "min": 0.015361134894192219,
    "max": 9.656447410583496,
    "count": 2605
  },
  "planarity.building.residual_median": {
    "mean": 0.32309360198690884,