{
  "depth.full.mae": {
    "mean": 3.5766701868772506,
    "std": 1.2575856305996451,
    "median": 3.6994593143463135,
    "min": 0.5335099697113037,
    "max": 8.087159156799316,
    "count": 4000
  },
  "depth.full.rmse": {
    "mean": 6.544112640991807,
    "std": 2.1786575529711554,
    "median": 6.956573009490967,
    "min": 0.8818425536155701,
    "max": 15.068120002746582,
    "count": 4000
  },
  "depth.full.abs_rel": {
    "mean": 0.271825813697651,
    "std": 0.16022238263333527,
    "median": 0.2263583391904831,
    "min": 0.03773156926035881,
    "max": 0.8909399509429932,
    "count": 4000
  },
  "depth.full.sq_rel": {
    "mean": 3.088198390007019,
    "std": 2.571126058863954,
    "median": 2.4119964838027954,
    "min": 0.04670531675219536,
    "max": 24.863611221313477,
    "count": 4000
  },
  "depth.full.delta1": {
    "mean": 0.6948789939545095,
    "std": 0.18749735657814062,
    "median": 0.7408918142318726,
    "min": 0.19181601703166962,
    "max": 0.993939220905304,
    "count": 4000
  },
  "depth.full.delta2": {
    "mean": 0.8858576000928878,
    "std": 0.07611502337094248,
    "median": 0.8961763679981232,
    "min": 0.4707467555999756,
    "max": 0.9996572732925415,
    "count": 4000
  },
  "depth.full.delta3": {
    "mean": 0.9424398830831051,
    "std": 0.04602721937436056,
    "median": 0.9517272114753723,
    "min": 0.7483131289482117,
    "max": 1.0,
    "count": 4000
  },
  "depth.full.rmse_log": {
    "mean": 0.3230190539015457,
    "std": 0.13089941368613794,
    "median": 0.30594323575496674,
    "min": 0.05981308966875076,
    "max": 0.7028077244758606,
    "count": 4000
  },
  "depth.full.si_log": {
    "mean": 0.31996690393425525,
    "std": 0.13107080003360422,
    "median": 0.30215033888816833,
    "min": 0.05978190153837204,
    "max": 0.7026492953300476,
    "count": 4000
  },
  "depth.building.mae": {
    "mean": 9.943602243059475,
    "std": 5.291546293593325,
    "median": 9.284300804138184,
    "min": 0.022671222686767578,
    "max": 51.761566162109375,
    "count": 2812
  },
  "depth.building.rmse": {
    "mean": 12.205413481138466,
    "std": 5.8098063589286015,
    "median": 11.68110990524292,
    "min": 0.030549928545951843,
    "max": 51.797332763671875,
    "count": 2812
  },
  "depth.building.abs_rel": {
    "mean": 0.9097197788154722,
    "std": 1.2820090516215317,
    "median": 0.5817268788814545,
    "min": 0.0017892768373712897,
    "max": 38.28081512451172,
    "count": 2812
  },
  "depth.building.sq_rel": {
    "mean": 15.874539048638894,
    "std": 27.40465872300734,
    "median": 8.91082763671875,
    "min": 7.365852798102424e-05,
    "max": 680.87060546875,
    "count": 2812
  },
  "depth.building.delta1": {
    "mean": 0.37421774479372105,
    "std": 0.2374122386832793,
    "median": 0.33582209050655365,
    "min": 0.0,
    "max": 1.0,
    "count": 2812
  },
  "depth.building.delta2": {
    "mean": 0.6096032169752007,
    "std": 0.2616840889903157,
    "median": 0.625,
    "min": 0.0,
    "max": 1.0,
    "count": 2812
  },
  "depth.building.delta3": {
    "mean": 0.7487414719598668,
    "std": 0.23548861957015438,
    "median": 0.8041670918464661,
    "min": 0.0,
    "max": 1.0,
    "count": 2812
  },
  "depth.building.rmse_log": {
    "mean": 0.6161674801101259,
    "std": 0.33787877339640265,
    "median": 0.565270334482193,
    "min": 0.002406639978289604,
    "max": 3.595562696456909,
    "count": 2812
  },
  "depth.building.si_log": {
    "mean": 0.48231883588132574,
    "std": 0.23523537001198783,
    "median": 0.4737177938222885,
    "min": 0.000244140625,
    "max": 1.6836731433868408,
    "count": 2812
  },
  "depth.non_building.mae": {
    "mean": 3.3808907048031687,
    "std": 1.2612594245011806,
    "median": 3.4394384622573853,
    "min": 0.38113540410995483,
    "max": 8.087159156799316,
    "count": 4000
  },
  "depth.non_building.rmse": {
    "mean": 6.2642389692366125,
    "std": 2.207429361111901,
    "median": 6.65688681602478,
    "min": 0.5170819759368896,
    "max": 15.068120002746582,
    "count": 4000
  },
  "depth.non_building.abs_rel": {
    "mean": 0.2548852846818045,
    "std": 0.14875044172636054,
    "median": 0.21388281881809235,
    "min": 0.03773156926035881,
    "max": 0.7844462990760803,
    "count": 4000
  },
  "depth.non_building.sq_rel": {
    "mean": 2.7749012149991468,
    "std": 2.3977184708510184,
    "median": 2.0960371494293213,
    "min": 0.04670531675219536,
    "max": 16.933155059814453,
    "count": 4000
  },
  "depth.non_building.delta1": {
    "mean": 0.7063357058055699,
    "std": 0.18806271539076244,
    "median": 0.7547667622566223,
    "min": 0.19038468599319458,
    "max": 0.993939220905304,
    "count": 4000
  },
  "depth.non_building.delta2": {
    "mean": 0.8948359260112048,
    "std": 0.07184274122496632,
    "median": 0.9053225517272949,
    "min": 0.4714124798774719,
    "max": 1.0,
    "count": 4000
  },
  "depth.non_building.delta3": {
    "mean": 0.9481207080632448,
    "std": 0.04260674251172239,
    "median": 0.9575828015804291,
    "min": 0.7483131289482117,
    "max": 1.0,
    "count": 4000
  },
  "depth.non_building.rmse_log": {
    "mean": 0.30882800617907197,
    "std": 0.12544745124113688,
    "median": 0.29325100779533386,
    "min": 0.05981308966875076,
    "max": 0.6644778251647949,
    "count": 4000
  },
  "depth.non_building.si_log": {
    "mean": 0.3049583626454696,
    "std": 0.12568216269339957,
    "median": 0.28870029747486115,
    "min": 0.05978190153837204,
    "max": 0.6642426252365112,
    "count": 4000
  },
  "normals.full.angular_mean": {
    "mean": 93.57466066360473,
    "std": 1.8941200430581353,
    "median": 93.7489242553711,
    "min": 81.7263412475586,
    "max": 100.3217544555664,
    "count": 4000
  },
  "normals.full.angular_median": {
    "mean": 87.0116115474701,
    "std": 0.9916491313390091,
    "median": 87.11718368530273,
    "min": 77.93377685546875,
    "max": 90.0,
    "count": 4000
  },
  "normals.full.inlier_11_25": {
    "mean": 0.04652885534230154,
    "std": 0.012518436546100232,
    "median": 0.04755519516766071,
    "min": 0.006643535569310188,
    "max": 0.08322428911924362,
    "count": 4000
  },
  "normals.full.inlier_22_5": {
    "mean": 0.09640594436973333,
    "std": 0.012701263318374413,
    "median": 0.09782970696687698,
    "min": 0.03545084223151207,
    "max": 0.1350008249282837,
    "count": 4000
  },
  "normals.full.inlier_30": {
    "mean": 0.11814678881317377,
    "std": 0.010898691345451466,
    "median": 0.11918793246150017,
    "min": 0.06658253818750381,
    "max": 0.15593023598194122,
    "count": 4000
  },
  "normals.building.angular_mean": {
    "mean": 81.24981585539253,
    "std": 6.484247715506769,
    "median": 81.5596923828125,
    "min": 52.76396942138672,
    "max": 148.9430694580078,
    "count": 2812
  },
  "normals.building.angular_median": {
    "mean": 85.16897173185606,
    "std": 6.247989025588878,
    "median": 85.49610900878906,
    "min": 9.040593147277832,
    "max": 171.90252685546875,
    "count": 2812
  },
  "normals.building.inlier_11_25": {
    "mean": 0.06516830114019137,
    "std": 0.052606043952407346,
    "median": 0.04974633455276489,
    "min": 0.0,
    "max": 0.5,
    "count": 2812
  },
  "normals.building.inlier_22_5": {
    "mean": 0.13463622035927658,
    "std": 0.06252303670746392,
    "median": 0.12027647718787193,
    "min": 0.0,
    "max": 0.5,
    "count": 2812
  },
  "normals.building.inlier_30": {
    "mean": 0.17118758086319139,
    "std": 0.05974813042874128,
    "median": 0.16056331992149353,
    "min": 0.0,
    "max": 0.5,
    "count": 2812
  },
  "planarity.building.residual_mean": {
    "mean": 0.3997879636484379,
    "std": 0.4364457550000824,
    "median": 0.38893838226795197,
    "min": 0.010068305768072605,
    "max": 19.6688175201416,
    "count": 2680
  },
  "planarity.building.residual_median": {
    "mean": 0.3739772606807858,
    "std": 0.4457690441386422,
    "median": 0.3586121201515198,