{
  "depth.full.mae": {
    "mean": 3.656710449025035,
    "std": 1.2531335618963453,
    "median": 3.7798019647598267,
    "min": 0.6060813665390015,
    "max": 9.221479415893555,
    "count": 4000
  },
  "depth.full.rmse": {
    "mean": 6.617719018936158,
    "std": 2.1530669459884497,
    "median": 6.97519063949585,
    "min": 0.9124734997749329,
    "max": 15.049676895141602,
    "count": 4000
  },
  "depth.full.abs_rel": {
    "mean": 0.28464621827378866,
    "std": 0.16006902186744099,
    "median": 0.23861698806285858,
    "min": 0.036407023668289185,
    "max": 0.9857657551765442,
    "count": 4000
  },
  "depth.full.sq_rel": {
    "mean": 3.2382382869329303,
    "std": 2.5721325426406856,
    "median": 2.597829580307007,
    "min": 0.06623085588216782,
    "max": 20.620620727539062,
    "count": 4000
  },
  "depth.full.delta1": {
    "mean": 0.6793133937604725,
    "std": 0.18886463314002644,
    "median": 0.7313560545444489,
    "min": 0.19353795051574707,
    "max": 0.9879931807518005,
    "count": 4000
  },
  "depth.full.delta2": {
    "mean": 0.879876603871584,
    "std": 0.07604927507148848,
    "median": 0.8904665112495422,
    "min": 0.6127710342407227,
    "max": 0.9998326301574707,
    "count": 4000
  },
  "depth.full.delta3": {
    "mean": 0.9395139434337616,
    "std": 0.04635805354427476,
    "median": 0.9489454925060272,
    "min": 0.7900396585464478,
    "max": 1.0,
    "count": 4000
  },
  "depth.full.rmse_log": {
    "mean": 0.33324680116865785,
    "std": 0.13052666505160077,
    "median": 0.3166242986917496,
    "min": 0.061186984181404114,
    "max": 0.6980211138725281,
    "count": 4000
  },
  "depth.full.si_log": {
    "mean": 0.32964195319171996,
    "std": 0.13080538134848887,
    "median": 0.3126782178878784,
    "min": 0.06089753285050392,
    "max": 0.6977770924568176,
    "count": 4000
  },
  "depth.building.mae": {
    "mean": 9.606702086432227,
    "std": 5.376931323378961,
    "median": 9.09404468536377,
    "min": 0.4673379063606262,
    "max": 36.59317398071289,
    "count": 2755
  },
  "depth.building.rmse": {
    "mean": 11.813692819098595,
    "std": 5.989257051923289,
    "median": 11.634049415588379,
    "min": 0.5347968935966492,
    "max": 40.917320251464844,
    "count": 2755
  },
  "depth.building.abs_rel": {
    "mean": 0.8769926085892369,
    "std": 1.0552768819775435,
    "median": 0.5488699674606323,
    "min": 0.034025322645902634,
    "max": 17.44271469116211,
    "count": 2755
  },
  "depth.building.sq_rel": {
    "mean": 14.827330360433152,
    "std": 23.64520321018212,
    "median": 8.145158767700195,
    "min": 0.053487010300159454,
    "max": 333.4739685058594,
    "count": 2755
  },
  "depth.building.delta1": {
    "mean": 0.36890066166496255,
    "std": 0.22920828251606196,
    "median": 0.3436872065067291,
    "min": 0.0,
    "max": 1.0,
    "count": 2755
  },
  "depth.building.delta2": {
    "mean": 0.6152041410156839,
    "std": 0.2599804522091591,
    "median": 0.6460526585578918,
    "min": 0.0,
    "max": 1.0,
    "count": 2755
  },
  "depth.building.delta3": {
    "mean": 0.760261680812874,
    "std": 0.23411544530052786,
    "median": 0.8158690333366394,
    "min": 0.0,
    "max": 1.0,
    "count": 2755
  },
  "depth.building.rmse_log": {
    "mean": 0.6089227911024042,
    "std": 0.3298391103118301,
    "median": 0.5517564415931702,
    "min": 0.03527292609214783,
    "max": 2.815014600753784,
    "count": 2755
  },
  "depth.building.si_log": {
    "mean": 0.4756898968371507,
    "std": 0.24671333923377683,
    "median": 0.4544430375099182,
    "min": 0.0,
    "max": 1.6211880445480347,
    "count": 2755
  },
  "depth.non_building.mae": {
    "mean": 3.478563227199018,
    "std": 1.267150259372068,
    "median": 3.5588091611862183,
    "min": 0.4374212920665741,
    "max": 9.221479415893555,
    "count": 4000
  },
  "depth.non_building.rmse": {
    "mean": 6.362162073686719,
    "std": 2.1911879463322324,
    "median": 6.666997194290161,
    "min": 0.6263094544410706,
    "max": 15.049676895141602,
    "count": 4000
  },
  "depth.non_building.abs_rel": {
    "mean": 0.2687282900288701,
    "std": 0.1498499637577436,
    "median": 0.22928635776042938,
    "min": 0.036407023668289185,
    "max": 0.9126996994018555,
    "count": 4000
  },
  "depth.non_building.sq_rel": {
    "mean": 2.943447616973892,
    "std": 2.4325061986810566,
    "median": 2.3313926458358765,
    "min": 0.06158314645290375,
    "max": 19.550256729125977,
    "count": 4000
  },
  "depth.non_building.delta1": {
    "mean": 0.6893699367940426,
    "std": 0.1898708600577886,
    "median": 0.7425589561462402,
    "min": 0.19162000715732574,
    "max": 0.9879928231239319,
    "count": 4000
  },
  "depth.non_building.delta2": {
    "mean": 0.8882466144859791,
    "std": 0.07208206097786003,
    "median": 0.8978844881057739,
    "min": 0.6127710342407227,
    "max": 0.9999999403953552,
    "count": 4000
  },
  "depth.non_building.delta3": {
    "mean": 0.9446630488634109,
    "std": 0.043359915588200716,
    "median": 0.9530978500843048,
    "min": 0.7900396585464478,
    "max": 1.0,
    "count": 4000
  },
  "depth.non_building.rmse_log": {
    "mean": 0.32029713469929993,
    "std": 0.12564738394125005,
    "median": 0.30711565911769867,
    "min": 0.061186984181404114,
    "max": 0.6552735567092896,
    "count": 4000
  },
  "depth.non_building.si_log": {
    "mean": 0.31593994161859157,
    "std": 0.1258051096327203,
    "median": 0.30292271077632904,
    "min": 0.06089755892753601,
    "max": 0.6483685374259949,
    "count": 4000
  },
  "normals.full.angular_mean": {
    "mean": 93.60651294517517,
    "std": 1.9145207962958657,
    "median": 93.8479118347168,
    "min": 80.57951354980469,
    "max": 98.4896011352539,
    "count": 4000
  },
  "normals.full.angular_median": {
    "mean": 87.10793301200867,
    "std": 0.9972193301743019,
    "median": 87.2044906616211,
    "min": 76.22888946533203,
    "max": 89.22468566894531,
    "count": 4000
  },
  "normals.full.inlier_11_25": {
    "mean": 0.04704802481550723,
    "std": 0.012297963190116574,
    "median": 0.0480546485632658,
    "min": 0.008418451994657516,
    "max": 0.0833100974559784,
    "count": 4000
  },
  "normals.full.inlier_22_5": {
    "mean": 0.09687525744363666,
    "std": 0.012092297694867382,
    "median": 0.09795812144875526,
    "min": 0.04541066661477089,
    "max": 0.14170271158218384,
    "count": 4000
  },
  "normals.full.inlier_30": {
    "mean": 0.11855054161697626,
    "std": 0.010363818941434056,
    "median": 0.11919589713215828,
    "min": 0.07242562621831894,
    "max": 0.16674648225307465,
    "count": 4000
  },
  "normals.building.angular_mean": {
    "mean": 80.98876826481897,
    "std": 7.481835593170567,
    "median": 81.50397491455078,
    "min": 7.8495612144470215,
    "max": 174.54635620117188,
    "count": 2755
  },
  "normals.building.angular_median": {
    "mean": 84.74206079683806,
    "std": 7.553899287140931,
    "median": 85.37824249267578,
    "min": 4.177764415740967,
    "max": 170.774169921875,
    "count": 2755
  },
  "normals.building.inlier_11_25": {
    "mean": 0.07112967158353359,
    "std": 0.06471951131896869,
    "median": 0.05138339847326279,
    "min": 0.0,
    "max": 1.0,
    "count": 2755
  },
  "normals.building.inlier_22_5": {
    "mean": 0.13964091458116165,
    "std": 0.07218749749175594,
    "median": 0.12277983874082565,
    "min": 0.0,
    "max": 1.0,
    "count": 2755
  },
  "normals.building.inlier_30": {
    "mean": 0.17439115887572026,
    "std": 0.06823446391224698,
    "median": 0.16003260016441345,
    "min": 0.0,
    "max": 1.0,
    "count": 2755
  },
  "planarity.building.residual_mean": {
    "mean": 0.38578221850211,
    "std": 0.4383738644972166,
    "median": 0.37989816069602966,
    "min": 0.014659993350505829,
    "max": 19.565887451171875,
    "count": 2553
  },
  "planarity.building.residual_median": {
    "mean": 0.3580241673175483,
    "std": 0.4465005015607845,