{
  "depth.full.mae": {
    "mean": 3.529749191969633,
    "std": 1.2597933323609134,
    "median": 3.64412522315979,
    "min": 0.557098925113678,
    "max": 9.230128288269043,
    "count": 4000
  },
  "depth.full.rmse": {
    "mean": 6.476738243609667,
    "std": 2.2066237227910634,
    "median": 6.847951650619507,
    "min": 0.7679459452629089,
    "max": 15.123258590698242,
    "count": 4000
  },
  "depth.full.abs_rel": {
    "mean": 0.2644601191617548,
    "std": 0.15545879919374372,
    "median": 0.21823622286319733,
    "min": 0.04212990775704384,
    "max": 0.791955292224884,
    "count": 4000
  },
  "depth.full.sq_rel": {
    "mean": 2.923491703523323,
    "std": 2.378730899469736,
    "median": 2.3019955158233643,
    "min": 0.07303579151630402,
    "max": 17.816139221191406,
    "count": 4000
  },
  "depth.full.delta1": {
    "mean": 0.7036709224730731,
    "std": 0.1798236348300411,
    "median": 0.7499317228794098,
    "min": 0.20835357904434204,
    "max": 0.9879451394081116,
    "count": 4000
  },
  "depth.full.delta2": {
    "mean": 0.8878221261426806,
    "std": 0.0768114736213703,
    "median": 0.9009072184562683,
    "min": 0.46235018968582153,
    "max": 0.9997940063476562,
    "count": 4000
  },
  "depth.full.delta3": {
    "mean": 0.9440900161266327,
    "std": 0.04660076234967877,
    "median": 0.9567486047744751,
    "min": 0.7663549780845642,
    "max": 1.0,
    "count": 4000
  },
  "depth.full.rmse_log": {
    "mean": 0.3171490475460887,
    "std": 0.12975091953823867,
    "median": 0.29753732681274414,
    "min": 0.06875226646661758,
    "max": 0.6646153330802917,
    "count": 4000
  },
  "depth.full.si_log": {
    "mean": 0.3138387973885983,
    "std": 0.12987121493737766,
    "median": 0.2931314706802368,
    "min": 0.06875168532133102,
    "max": 0.6645124554634094,
    "count": 4000
  },
  "depth.non_building.mae": {
    "mean": 3.3421598556488754,
    "std": 1.2815522995053081,
    "median": 3.3894399404525757,
    "min": 0.38866356015205383,
    "max": 9.230128288269043,
    "count": 4000
  },
  "depth.non_building.rmse": {
    "mean": 6.199975565478206,
    "std": 2.2633213167719672,
    "median": 6.560136795043945,
    "min": 0.5260798335075378,
    "max": 15.123258590698242,
    "count": 4000
  },
  "depth.non_building.abs_rel": {
    "mean": 0.24955104852747173,
    "std": 0.1461710435922365,
    "median": 0.20812636613845825,
    "min": 0.04212990775704384,
    "max": 0.7918740510940552,
    "count": 4000
  },
  "depth.non_building.sq_rel": {
    "mean": 2.647094697116874,
    "std": 2.247788620468413,
    "median": 2.057684302330017,
    "min": 0.05993763729929924,
    "max": 17.816139221191406,
    "count": 4000
  },
  "depth.non_building.delta1": {
    "mean": 0.7152257104255259,
    "std": 0.18147303992528815,
    "median": 0.7619771659374237,
    "min": 0.193987175822258,
    "max": 0.9879451394081116,
    "count": 4000
  },
  "depth.non_building.delta2": {
    "mean": 0.8962568480297923,
    "std": 0.07329395113736191,
    "median": 0.9083822667598724,
    "min": 0.4630796015262604,
    "max": 0.9999735355377197,
    "count": 4000
  },
  "depth.non_building.delta3": {
    "mean": 0.9490348509848118,
    "std": 0.04360378116226062,
    "median": 0.9613246619701385,
    "min": 0.770256519317627,
    "max": 1.0,
    "count": 4000
  },
  "depth.non_building.rmse_log": {
    "mean": 0.30398182273842395,
    "std": 0.12577257630798347,
    "median": 0.2862726300954819,
    "min": 0.06875226646661758,
    "max": 0.6639590263366699,
    "count": 4000
  },
  "depth.non_building.si_log": {
    "mean": 0.29990936910174787,
    "std": 0.12608567410425744,
    "median": 0.28232520818710327,
    "min": 0.06539463996887207,
    "max": 0.6638320088386536,
    "count": 4000
  },
  "normals.full.angular_mean": {
    "mean": 93.41799008369446,
    "std": 2.0430497747538694,
    "median": 93.6501350402832,
    "min": 80.77398681640625,
    "max": 98.66510009765625,
    "count": 4000
  },
  "normals.full.angular_median": {
    "mean": 86.98604594612121,
    "std": 1.1194182881005472,
    "median": 87.13360977172852,
    "min": 76.22506713867188,
    "max": 89.52820587158203,
    "count": 4000
  },
  "normals.full.inlier_11_25": {
    "mean": 0.04616724502039142,
    "std": 0.012662107797365397,
    "median": 0.047219716012477875,
    "min": 0.006827530916780233,
    "max": 0.08253784477710724,
    "count": 4000
  },
  "normals.full.inlier_22_5": {
    "mean": 0.09574520126916468,
    "std": 0.012788486820282219,
    "median": 0.09707894176244736,
    "min": 0.036224909126758575,
    "max": 0.13989195227622986,
    "count": 4000
  },
  "normals.full.inlier_30": {
    "mean": 0.11805481897294522,
    "std": 0.010978358005241775,
    "median": 0.11886373162269592,
    "min": 0.06752572953701019,
    "max": 0.16534726321697235,
    "count": 4000
  },
  "depth.building.mae": {
    "mean": 9.836845056028977,
    "std": 5.518291415834075,
    "median": 9.235583305358887,
    "min": 0.30061912536621094,
    "max": 36.99298858642578,
    "count": 2827
  },
  "depth.building.rmse": {
    "mean": 12.03922005064672,
    "std": 6.0150416879621185,
    "median": 11.660707473754883,
    "min": 0.3096642792224884,
    "max": 39.30992126464844,
    "count": 2827
  },
  "depth.building.abs_rel": {
    "mean": 0.8478911043637932,
    "std": 1.3399258202673336,
    "median": 0.5126551985740662,
    "min": 0.00813138298690319,
    "max": 41.482940673828125,
    "count": 2827
  },
  "depth.building.sq_rel": {
    "mean": 14.608647043021646,
    "std": 27.72374916462745,
    "median": 7.875642776489258,
    "min": 0.002593311946839094,
    "max": 760.53515625,
    "count": 2827
  },
  "depth.building.delta1": {
    "mean": 0.38413446713019056,
    "std": 0.2395743838228514,
    "median": 0.3481382727622986,
    "min": 0.0,
    "max": 1.0,
    "count": 2827
  },
  "depth.building.delta2": {
    "mean": 0.6259831780864918,
    "std": 0.2638507386720043,
    "median": 0.6585227847099304,
    "min": 0.0,
    "max": 1.0,
    "count": 2827
  },
  "depth.building.delta3": {
    "mean": 0.7699058222090104,
    "std": 0.23509598329060394,
    "median": 0.8347985744476318,
    "min": 0.0,
    "max": 1.0,
    "count": 2827
  },
  "depth.building.rmse_log": {
    "mean": 0.5865482723766685,
    "std": 0.33752831233334685,
    "median": 0.5286319851875305,
    "min": 0.008336659520864487,
    "max": 3.685246229171753,
    "count": 2827
  },
  "depth.building.si_log": {
    "mean": 0.4604492951341612,
    "std": 0.2306660628716594,
    "median": 0.4441811740398407,
    "min": 0.0007475249585695565,
    "max": 1.68386709690094,
    "count": 2827
  },
  "normals.building.angular_mean": {
    "mean": 81.49091629362967,
    "std": 6.932152751497375,
    "median": 81.82255554199219,
    "min": 49.48904800415039,
    "max": 174.41213989257812,
    "count": 2827
  },
  "normals.building.angular_median": {
    "mean": 85.19517265717217,
    "std": 6.363637703709761,
    "median": 85.40924835205078,
    "min": 4.903687000274658,
    "max": 170.76174926757812,
    "count": 2827
  },
  "normals.building.inlier_11_25": {
    "mean": 0.06466343441939718,
    "std": 0.05335066058685681,
    "median": 0.04850585013628006,
    "min": 0.0,
    "max": 0.5,
    "count": 2827
  },
  "normals.building.inlier_22_5": {
    "mean": 0.1340326218057699,
    "std": 0.06498958439312491,
    "median": 0.11793380975723267,
    "min": 0.0,
    "max": 0.5,
    "count": 2827
  },
  "normals.building.inlier_30": {
    "mean": 0.1702270162636747,
    "std": 0.0619935336326253,
    "median": 0.15628111362457275,
    "min": 0.0,
    "max": 0.5,
    "count": 2827
  },
  "photometric.building.error": {
    "mean": 0.13150381099240852,
    "std": 0.09130538828657848,
    "median": 0.1114589162170887,
    "min": 0.0035343258641660213,
    "max": 0.852996289730072,
    "count": 2466
  },
  "photometric.building.inlier_ratio": {
    "mean": 0.487302758941874,
    "std": 0.23194116890087216,