{
  "depth.full.mae": {
    "mean": 3.616889546766877,
    "std": 1.2151840710480233,
    "median": 3.708251953125,
    "min": 0.5690836310386658,
    "max": 8.05587387084961,
    "count": 4000
  },
  "depth.full.rmse": {
    "mean": 6.603388122782111,
    "std": 2.1005816403099855,
    "median": 6.941618919372559,
    "min": 0.7888891696929932,
    "max": 14.992420196533203,
    "count": 4000
  },
  "depth.full.abs_rel": {
    "mean": 0.27450535383075475,
    "std": 0.15631961082100593,
    "median": 0.22798820585012436,
    "min": 0.044909656047821045,
    "max": 0.8796700835227966,
    "count": 4000
  },
  "depth.full.sq_rel": {
    "mean": 3.0543980122525243,
    "std": 2.3859853740138197,
    "median": 2.4000532627105713,
    "min": 0.07466819882392883,
    "max": 24.4625301361084,
    "count": 4000
  },
  "depth.full.delta1": {
    "mean": 0.6883594827316701,
    "std": 0.1860855091442933,
    "median": 0.7350059747695923,
    "min": 0.2064480036497116,
    "max": 0.9874265193939209,
    "count": 4000
  },
  "depth.full.delta2": {
    "mean": 0.8827737689912319,
    "std": 0.07406039827329698,
    "median": 0.892875075340271,
    "min": 0.6120107173919678,
    "max": 0.9996572732925415,
    "count": 4000
  },
  "depth.full.delta3": {
    "mean": 0.9412796304821968,
    "std": 0.04575072813222121,
    "median": 0.9514018893241882,
    "min": 0.7483652830123901,
    "max": 1.0,
    "count": 4000
  },
  "depth.full.rmse_log": {
    "mean": 0.32634226175397635,
    "std": 0.12824465628980955,
    "median": 0.30603983998298645,
    "min": 0.07291088998317719,
    "max": 0.6983629465103149,
    "count": 4000
  },
  "depth.full.si_log": {
    "mean": 0.3230403931736946,
    "std": 0.12834386135992268,
    "median": 0.30142295360565186,
    "min": 0.07008135318756104,
    "max": 0.6981195211410522,
    "count": 4000
  },
  "depth.building.mae": {
    "mean": 9.65467938659619,
    "std": 5.27317978572583,
    "median": 9.1439847946167,
    "min": 0.5882887840270996,
    "max": 51.77215576171875,
    "count": 2681
  },
  "depth.building.rmse": {
    "mean": 11.845637127251289,
    "std": 5.836249790905623,
    "median": 11.58707046508789,
    "min": 0.6847629547119141,
    "max": 51.808433532714844,
    "count": 2681
  },
  "depth.building.abs_rel": {
    "mean": 0.855749894021074,
    "std": 1.0170487201370422,
    "median": 0.5574468970298767,
    "min": 0.03380217030644417,
    "max": 11.628950119018555,
    "count": 2681
  },
  "depth.building.sq_rel": {
    "mean": 14.141258586410688,
    "std": 21.959071963497163,
    "median": 7.850424289703369,
    "min": 0.05274172127246857,
    "max": 318.0403747558594,
    "count": 2681
  },
  "depth.building.delta1": {
    "mean": 0.3666298724591964,
    "std": 0.22019549597052998,
    "median": 0.34285715222358704,
    "min": 0.0,
    "max": 1.0,
    "count": 2681
  },
  "depth.building.delta2": {
    "mean": 0.6154310365861607,
    "std": 0.2503953263133046,
    "median": 0.6408145427703857,
    "min": 0.0,
    "max": 1.0,
    "count": 2681
  },
  "depth.building.delta3": {
    "mean": 0.7591713864404218,
    "std": 0.22692151967394775,
    "median": 0.8155339956283569,
    "min": 0.0,
    "max": 1.0,
    "count": 2681
  },
  "depth.building.rmse_log": {
    "mean": 0.6055715439722348,
    "std": 0.3202668817152125,
    "median": 0.543169379234314,
    "min": 0.03502098098397255,
    "max": 2.415764570236206,
    "count": 2681
  },
  "depth.building.si_log": {
    "mean": 0.4744719489918225,
    "std": 0.21962797415545585,
    "median": 0.4596834182739258,
    "min": 0.0011708573438227177,
    "max": 1.4968998432159424,
    "count": 2681
  },
  "depth.non_building.mae": {
    "mean": 3.4407849533632398,
    "std": 1.2342005706557155,
    "median": 3.492570400238037,
    "min": 0.43475306034088135,
    "max": 8.05587387084961,
    "count": 4000
  },
  "depth.non_building.rmse": {
    "mean": 6.357708785533905,
    "std": 2.138702801822365,
    "median": 6.68149995803833,
    "min": 0.6241431832313538,
    "max": 14.992420196533203,
    "count": 4000
  },
  "depth.non_building.abs_rel": {
    "mean": 0.26013157768920064,
    "std": 0.14703048908386723,
    "median": 0.2165205329656601,
    "min": 0.044909656047821045,
    "max": 0.816167950630188,
    "count": 4000
  },
  "depth.non_building.sq_rel": {
    "mean": 2.7944606427671386,
    "std": 2.250956757165915,
    "median": 2.1505573987960815,
    "min": 0.06113339588046074,
    "max": 14.304396629333496,
    "count": 4000
  },
  "depth.non_building.delta1": {
    "mean": 0.6993397245444357,
    "std": 0.18737779649742475,
    "median": 0.7492098808288574,
    "min": 0.20428568124771118,
    "max": 0.9874265193939209,
    "count": 4000
  },
  "depth.non_building.delta2": {
    "mean": 0.8908536357581616,
    "std": 0.07057793700344338,
    "median": 0.9004082381725311,
    "min": 0.6120107173919678,
    "max": 0.9999999403953552,
    "count": 4000
  },
  "depth.non_building.delta3": {
    "mean": 0.9461012852787971,
    "std": 0.04305501413192043,
    "median": 0.9563294947147369,
    "min": 0.7483652830123901,
    "max": 1.0,
    "count": 4000
  },
  "depth.non_building.rmse_log": {
    "mean": 0.31411545382998884,
    "std": 0.12403333446932575,
    "median": 0.29434582591056824,
    "min": 0.07291088998317719,
    "max": 0.6555798053741455,
    "count": 4000
  },
  "depth.non_building.si_log": {
    "mean": 0.3100495311226696,
    "std": 0.12413665990948368,
    "median": 0.2899300456047058,
    "min": 0.07008135318756104,
    "max": 0.6486676335334778,
    "count": 4000
  },
  "normals.full.angular_mean": {
    "mean": 93.58031546401978,
    "std": 1.997885887973937,
    "median": 93.84953308105469,
    "min": 80.5772705078125,
    "max": 98.45219421386719,
    "count": 4000
  },
  "normals.full.angular_median": {
    "mean": 87.06658386230468,
    "std": 1.0500593301686507,
    "median": 87.1988296508789,
    "min": 76.21829223632812,
    "max": 90.0,
    "count": 4000
  },
  "normals.full.inlier_11_25": {
    "mean": 0.04655045976885595,
    "std": 0.01252769290018678,
    "median": 0.0477561354637146,
    "min": 0.0076483748853206635,
    "max": 0.09394118189811707,
    "count": 4000
  },
  "normals.full.inlier_22_5": {
    "mean": 0.09619043926429004,
    "std": 0.012678354713608205,
    "median": 0.09781403839588165,
    "min": 0.038024719804525375,
    "max": 0.1440766453742981,
    "count": 4000
  },
  "normals.full.inlier_30": {
    "mean": 0.11800775666721165,
    "std": 0.010899054225404013,
    "median": 0.11884269490838051,
    "min": 0.06754966825246811,
    "max": 0.16574382781982422,
    "count": 4000
  },
  "normals.building.angular_mean": {
    "mean": 81.10780529689539,
    "std": 6.897941239674222,
    "median": 81.52049255371094,
    "min": 7.716911315917969,
    "max": 174.56451416015625,
    "count": 2681
  },
  "normals.building.angular_median": {
    "mean": 85.30209706168439,
    "std": 6.435580134877837,
    "median": 85.62757110595703,
    "min": 1.531740427017212,
    "max": 170.82217407226562,
    "count": 2681
  },
  "normals.building.inlier_11_25": {
    "mean": 0.06940663039848606,
    "std": 0.0573991508909288,
    "median": 0.052785925567150116,
    "min": 0.0,
    "max": 1.0,
    "count": 2681
  },
  "normals.building.inlier_22_5": {
    "mean": 0.13893734550236245,
    "std": 0.06434572315825943,
    "median": 0.12350316345691681,
    "min": 0.0,
    "max": 1.0,
    "count": 2681
  },
  "normals.building.inlier_30": {
    "mean": 0.17447365191374328,
    "std": 0.06187882912588923,
    "median": 0.1620897501707077,
    "min": 0.0,
    "max": 1.0,
    "count": 2681
  },
  "planarity.building.residual_mean": {
    "mean": 0.38779031087116206,
    "std": 0.44578598419247467,
    "median": 0.38171498477458954,
    "min": 0.01232353039085865,
    "max": 19.559465408325195,
    "count": 2532
  },
  "planarity.building.residual_median": {
    "mean": 0.36239983300688733,
    "std": 0.45562358143677234,