{
  "depth.full.mae": {
    "mean": 8.162733440622688,
    "std": 2.3535517631915837,
    "median": 8.415846824645996,
    "min": 0.39124205708503723,
    "max": 14.45871353149414,
    "count": 4000
  },
  "depth.full.rmse": {
    "mean": 12.4880497084558,
    "std": 3.843454524148898,
    "median": 12.958365440368652,
    "min": 0.5300257802009583,
    "max": 24.469331741333008,
    "count": 4000
  },
  "depth.full.abs_rel": {
    "mean": 0.6029623646903783,
    "std": 0.12093585733488962,
    "median": 0.6157104671001434,
    "min": 0.08267956972122192,
    "max": 1.0546848773956299,
    "count": 4000
  },
  "depth.full.sq_rel": {
    "mean": 6.208628452666104,
    "std": 2.0592185787598822,
    "median": 6.479454278945923,
    "min": 0.05531483143568039,
    "max": 13.404158592224121,
    "count": 4000
  },
  "depth.full.delta1": {
    "mean": 0.2339706431310624,
    "std": 0.09945081252152646,
    "median": 0.20690657198429108,
    "min": 0.08176983892917633,
    "max": 0.9480981826782227,
    "count": 4000
  },
  "depth.full.delta2": {
    "mean": 0.44360351651906965,
    "std": 0.1144598507616693,
    "median": 0.4153861552476883,
    "min": 0.25787755846977234,
    "max": 1.0,
    "count": 4000
  },
  "depth.full.delta3": {
    "mean": 0.6414082526192069,
    "std": 0.10177524780848676,
    "median": 0.6188644170761108,
    "min": 0.47015389800071716,
    "max": 1.0,
    "count": 4000
  },
  "depth.full.rmse_log": {
    "mean": 0.69566221071966,
    "std": 0.11922560676531832,
    "median": 0.7259663045406342,
    "min": 0.11036383360624313,
    "max": 0.964341938495636,
    "count": 4000
  },
  "depth.full.si_log": {
    "mean": 0.6905465727895498,
    "std": 0.11966604320100141,
    "median": 0.7216240465641022,
    "min": 0.10987712442874908,
    "max": 0.9604060649871826,
    "count": 4000
  },
  "depth.building.mae": {
    "mean": 17.18548173876159,
    "std": 11.337345323985746,
    "median": 14.652315139770508,
    "min": 0.2277674674987793,
    "max": 62.042015075683594,
    "count": 2763
  },
  "depth.building.rmse": {
    "mean": 20.501170273232496,
    "std": 12.003861893425851,
    "median": 19.010295867919922,
    "min": 0.22805295884609222,
    "max": 62.04210662841797,
    "count": 2763
  },
  "depth.building.abs_rel": {
    "mean": 0.8491471107257715,
    "std": 1.0682708129062617,
    "median": 0.6553736925125122,
    "min": 0.019588235765695572,
    "max": 20.088228225708008,
    "count": 2763
  },
  "depth.building.sq_rel": {
    "mean": 14.750717837572465,
    "std": 13.090828356677536,
    "median": 12.25399112701416,
    "min": 0.004472881555557251,
    "max": 216.80734252929688,
    "count": 2763
  },
  "depth.building.delta1": {
    "mean": 0.13084658946580474,
    "std": 0.17237199570270823,
    "median": 0.0753573626279831,
    "min": 0.0,
    "max": 1.0,
    "count": 2763
  },
  "depth.building.delta2": {
    "mean": 0.26230638973347736,
    "std": 0.2562013467507226,
    "median": 0.19999998807907104,
    "min": 0.0,
    "max": 1.0,
    "count": 2763
  },
  "depth.building.delta3": {
    "mean": 0.38952965612637525,
    "std": 0.2955532988275234,
    "median": 0.3608630895614624,
    "min": 0.0,
    "max": 1.0,
    "count": 2763
  },
  "depth.building.rmse_log": {
    "mean": 0.98685262392272,
    "std": 0.35862761562825046,
    "median": 0.9870185256004333,
    "min": 0.01942269504070282,
    "max": 2.977501630783081,
    "count": 2763
  },
  "depth.building.si_log": {
    "mean": 0.5632872413085521,
    "std": 0.3066128593904575,
    "median": 0.5365002155303955,
    "min": 0.0,
    "max": 1.758893609046936,
    "count": 2761
  },
  "depth.non_building.mae": {
    "mean": 7.883789180889726,
    "std": 2.3343122169685606,
    "median": 8.103843212127686,
    "min": 0.39110493659973145,
    "max": 14.45871353149414,
    "count": 4000
  },
  "depth.non_building.rmse": {
    "mean": 12.077379385501146,
    "std": 3.8302007278643986,
    "median": 12.602599620819092,
    "min": 0.5236932635307312,
    "max": 24.469331741333008,
    "count": 4000
  },
  "depth.non_building.abs_rel": {
    "mean": 0.6018951161801815,
    "std": 0.11883598154804545,
    "median": 0.6136672496795654,
    "min": 0.06881482154130936,
    "max": 1.3263906240463257,
    "count": 4000
  },
  "depth.non_building.sq_rel": {
    "mean": 6.010534613291733,
    "std": 2.0188304985924375,
    "median": 6.244999408721924,
    "min": 0.044758040457963943,
    "max": 13.350336074829102,
    "count": 4000
  },
  "depth.non_building.delta1": {
    "mean": 0.23736242176778616,
    "std": 0.09971247766389878,
    "median": 0.2105359211564064,
    "min": 0.10058329999446869,
    "max": 0.9699281454086304,
    "count": 4000
  },
  "depth.non_building.delta2": {
    "mean": 0.4492833845540881,
    "std": 0.11256291799910614,
    "median": 0.42192406952381134,
    "min": 0.25787755846977234,
    "max": 1.0,
    "count": 4000
  },
  "depth.non_building.delta3": {
    "mean": 0.6494524371400475,
    "std": 0.10124649358853699,
    "median": 0.6284588575363159,
    "min": 0.46256256103515625,
    "max": 1.0,
    "count": 4000
  },
  "depth.non_building.rmse_log": {
    "mean": 0.685012506974861,
    "std": 0.1177220681082184,
    "median": 0.7133620977401733,
    "min": 0.09012964367866516,
    "max": 0.9503973126411438,
    "count": 4000
  },
  "depth.non_building.si_log": {
    "mean": 0.6785992476772517,
    "std": 0.12183938962604966,
    "median": 0.70989128947258,
    "min": 0.0901276171207428,
    "max": 0.9448129534721375,
    "count": 4000
  },
  "normals.full.angular_mean": {
    "mean": 72.31070641708374,
    "std": 0.5104941092434707,
    "median": 72.39247512817383,
    "min": 68.96873474121094,
    "max": 73.51317596435547,
    "count": 4000
  },
  "normals.full.angular_median": {
    "mean": 82.1817455997467,
    "std": 0.5994438645532916,
    "median": 82.24493408203125,
    "min": 78.52701568603516,
    "max": 83.72467041015625,
    "count": 4000
  },
  "normals.full.inlier_11_25": {
    "mean": 0.05231176112964749,
    "std": 0.003471217904975377,
    "median": 0.05201498419046402,
    "min": 0.0375133715569973,
    "max": 0.07018893957138062,
    "count": 4000
  },
  "normals.full.inlier_22_5": {
    "mean": 0.1591672779507935,
    "std": 0.005293283859402336,
    "median": 0.15870126336812973,
    "min": 0.13550108671188354,
    "max": 0.18204320967197418,
    "count": 4000
  },
  "normals.full.inlier_30": {
    "mean": 0.20660959781333804,
    "std": 0.003288195596170065,
    "median": 0.2065051645040512,
    "min": 0.1944449096918106,
    "max": 0.22090892493724823,
    "count": 4000
  },
  "normals.building.angular_mean": {
    "mean": 74.81774408076062,
    "std": 2.839447982897293,
    "median": 74.50990295410156,
    "min": 55.91850280761719,
    "max": 149.98377990722656,
    "count": 2763
  },
  "normals.building.angular_median": {
    "mean": 84.81279647087128,
    "std": 3.410206480989504,
    "median": 84.79531860351562,
    "min": 40.94938278198242,
    "max": 176.50901794433594,
    "count": 2763
  },
  "normals.building.inlier_11_25": {
    "mean": 0.04847981639046638,
    "std": 0.015731944457498346,
    "median": 0.04944320768117905,
    "min": 0.0,
    "max": 0.1666666716337204,
    "count": 2763
  },
  "normals.building.inlier_22_5": {
    "mean": 0.14756312166413793,
    "std": 0.027111469537603402,
    "median": 0.1499897837638855,
    "min": 0.0,
    "max": 0.3333333432674408,
    "count": 2763
  },
  "normals.building.inlier_30": {
    "mean": 0.19590543408298725,
    "std": 0.024164092062105104,
    "median": 0.19889093935489655,
    "min": 0.0,
    "max": 0.3333333432674408,
    "count": 2763
  },
  "planarity.building.residual_mean": {
    "mean": 0.2868933672673909,
    "std": 0.37338325579647647,
    "median": 0.23314165323972702,
    "min": 0.008977841585874557,
    "max": 7.697371482849121,
    "count": 2608
  },
  "planarity.building.residual_median": {
    "mean": 0.2618030666011568,