{
  "depth.full.mae": {
    "mean": 3.7383987086340786,
    "std": 1.2881123265739174,
    "median": 3.8129440546035767,
    "min": 0.49087631702423096,
    "max": 8.04081916809082,
    "count": 4000
  },
  "depth.full.rmse": {
    "mean": 6.697837577208877,
    "std": 2.1586882760129567,
    "median": 7.082095384597778,
    "min": 0.6069596409797668,
    "max": 15.005110740661621,
    "count": 4000
  },
  "depth.full.abs_rel": {
    "mean": 0.294407715363428,
    "std": 0.1756440759525745,
    "median": 0.23384403437376022,
    "min": 0.05429365485906601,
    "max": 0.934535026550293,
    "count": 4000
  },
  "depth.full.sq_rel": {
    "mean": 3.1992464064005763,
    "std": 2.4845124290017777,
    "median": 2.545623540878296,
    "min": 0.06018528342247009,
    "max": 16.402151107788086,
    "count": 4000
  },
  "depth.full.delta1": {
    "mean": 0.6639342955350875,
    "std": 0.20463278164847826,
    "median": 0.72460076212883,
    "min": 0.1684824377298355,
    "max": 0.9883688688278198,
    "count": 4000
  },
  "depth.full.delta2": {
    "mean": 0.8747836070433259,
    "std": 0.0867259591209754,
    "median": 0.8895920515060425,
    "min": 0.3826635181903839,
    "max": 0.9999611377716064,
    "count": 4000
  },
  "depth.full.delta3": {
    "mean": 0.9359019473493099,
    "std": 0.052577208735710965,
    "median": 0.9491834044456482,
    "min": 0.7283486127853394,
    "max": 1.0,
    "count": 4000
  },
  "depth.full.rmse_log": {
    "mean": 0.3401703738924116,
    "std": 0.14064948678253889,
    "median": 0.31521138548851013,
    "min": 0.07715095579624176,
    "max": 0.7338405251502991,
    "count": 4000
  },
  "depth.full.si_log": {
    "mean": 0.33692145522497596,
    "std": 0.1411527037888771,
    "median": 0.31310349702835083,
    "min": 0.07702793180942535,
    "max": 0.7325568199157715,
    "count": 4000
  },
  "depth.building.mae": {
    "mean": 10.371990719044613,
    "std": 5.201306583276175,
    "median": 9.99344539642334,
    "min": 0.3264530599117279,
    "max": 37.36949157714844,
    "count": 2859
  },
  "depth.building.rmse": {
    "mean": 12.52588594353837,
    "std": 5.737395184171366,
    "median": 12.209686279296875,
    "min": 0.353080689907074,
    "max": 41.358097076416016,
    "count": 2859
  },
  "depth.building.abs_rel": {
    "mean": 1.0406891095858222,
    "std": 1.5079856312894817,
    "median": 0.606705904006958,
    "min": 0.03897249698638916,
    "max": 24.05295753479004,
    "count": 2859
  },
  "depth.building.sq_rel": {
    "mean": 16.648911141365996,
    "std": 25.71447390219393,
    "median": 9.605405807495117,
    "min": 0.021181726828217506,
    "max": 372.2218017578125,
    "count": 2859
  },
  "depth.building.delta1": {
    "mean": 0.3518872547906077,
    "std": 0.23576011252119186,
    "median": 0.3176802098751068,
    "min": 0.0,
    "max": 1.0,
    "count": 2859
  },
  "depth.building.delta2": {
    "mean": 0.5827197506497723,
    "std": 0.27831960066051686,
    "median": 0.6149589419364929,
    "min": 0.0,
    "max": 1.0,
    "count": 2859
  },
  "depth.building.delta3": {
    "mean": 0.7231071143500356,
    "std": 0.26235770928399116,
    "median": 0.7924365997314453,
    "min": 0.0,
    "max": 1.0,
    "count": 2859
  },
  "depth.building.rmse_log": {
    "mean": 0.65465498992267,
    "std": 0.3845127169895959,
    "median": 0.5847634673118591,
    "min": 0.03990038111805916,
    "max": 3.202376365661621,
    "count": 2859
  },
  "depth.building.si_log": {
    "mean": 0.5035318051977384,
    "std": 0.2500995503719161,
    "median": 0.4824739992618561,
    "min": 0.0005033087800256908,
    "max": 1.652846097946167,
    "count": 2859
  },
  "depth.non_building.mae": {
    "mean": 3.5332998355478047,
    "std": 1.301332989607678,
    "median": 3.5734970569610596,
    "min": 0.4159541428089142,
    "max": 8.04081916809082,
    "count": 4000
  },
  "depth.non_building.rmse": {
    "mean": 6.411439604133368,
    "std": 2.1866718036747006,
    "median": 6.745971918106079,
    "min": 0.5455701351165771,
    "max": 15.005110740661621,
    "count": 4000
  },
  "depth.non_building.abs_rel": {
    "mean": 0.27587370925582944,
    "std": 0.1629532295799375,
    "median": 0.2223983258008957,
    "min": 0.05429365485906601,
    "max": 0.8556053638458252,
    "count": 4000
  },
  "depth.non_building.sq_rel": {
    "mean": 2.8750925598759203,
    "std": 2.3353720017934045,
    "median": 2.2054271697998047,
    "min": 0.06018528342247009,
    "max": 15.361113548278809,
    "count": 4000
  },
  "depth.non_building.delta1": {
    "mean": 0.674781603615731,
    "std": 0.20662479150062343,
    "median": 0.7376660108566284,
    "min": 0.16476325690746307,
    "max": 0.9883688688278198,
    "count": 4000
  },
  "depth.non_building.delta2": {
    "mean": 0.8839403202459216,
    "std": 0.08246195185397706,
    "median": 0.8979960083961487,
    "min": 0.38669639825820923,
    "max": 0.9999842643737793,
    "count": 4000
  },
  "depth.non_building.delta3": {
    "mean": 0.9419433366209269,
    "std": 0.048583207848213905,
    "median": 0.9549624919891357,
    "min": 0.7357911467552185,
    "max": 1.0,
    "count": 4000
  },
  "depth.non_building.rmse_log": {
    "mean": 0.32553928822278977,
    "std": 0.1349954395897492,
    "median": 0.30289891362190247,
    "min": 0.07715095579624176,
    "max": 0.7249411940574646,
    "count": 4000
  },
  "depth.non_building.si_log": {
    "mean": 0.3214119741860777,
    "std": 0.1352074816720496,
    "median": 0.29936450719833374,
    "min": 0.07603422552347183,
    "max": 0.7194997668266296,
    "count": 4000
  },
  "normals.full.angular_mean": {
    "mean": 92.69302365493775,
    "std": 1.6366147429730487,
    "median": 92.9138069152832,
    "min": 81.61773681640625,
    "max": 97.50959777832031,
    "count": 4000
  },
  "normals.full.angular_median": {
    "mean": 87.06825339889527,
    "std": 1.0307898758171508,
    "median": 87.201171875,
    "min": 77.72601318359375,
    "max": 90.0,
    "count": 4000
  },
  "normals.full.inlier_11_25": {
    "mean": 0.04403914085985161,
    "std": 0.011651497658630204,
    "median": 0.04543074406683445,
    "min": 0.007922882214188576,
    "max": 0.07812600582838058,
    "count": 4000
  },
  "normals.full.inlier_22_5": {
    "mean": 0.09251672899257392,
    "std": 0.012240580791878146,
    "median": 0.0945068895816803,
    "min": 0.035086579620838165,
    "max": 0.13016711175441742,
    "count": 4000
  },
  "normals.full.inlier_30": {
    "mean": 0.11655700572766364,
    "std": 0.010478561195525603,
    "median": 0.11787368357181549,
    "min": 0.06614672392606735,
    "max": 0.15460024774074554,
    "count": 4000
  },
  "normals.building.angular_mean": {
    "mean": 81.08422391570586,
    "std": 6.6808566209942715,
    "median": 81.29706573486328,
    "min": 8.648386001586914,
    "max": 149.9975128173828,
    "count": 2859
  },
  "normals.building.angular_median": {
    "mean": 84.95771357503627,
    "std": 6.575650950899357,
    "median": 85.24755096435547,
    "min": 3.26680588722229,
    "max": 173.6764678955078,
    "count": 2859
  },
  "normals.building.inlier_11_25": {
    "mean": 0.05706037775965667,
    "std": 0.04737496407815234,
    "median": 0.045359253883361816,
    "min": 0.0,
    "max": 1.0,
    "count": 2859
  },
  "normals.building.inlier_22_5": {
    "mean": 0.12879156774439598,
    "std": 0.059225955255772476,
    "median": 0.11653729528188705,
    "min": 0.0,
    "max": 1.0,
    "count": 2859
  },
  "normals.building.inlier_30": {
    "mean": 0.1684311666799857,
    "std": 0.058515711425193614,
    "median": 0.15804806351661682,
    "min": 0.0,
    "max": 1.0,
    "count": 2859
  },
  "planarity.building.residual_mean": {
    "mean": 0.40432000597178075,
    "std": 0.2737143220806107,
    "median": 0.3943658173084259,
    "min": 0.006803638767451048,
    "max": 7.68721342086792,
    "count": 2742
  },
  "planarity.building.residual_median": {
    "mean": 0.3720820881796554,
    "std": 0.2741815500846342,