{
  "depth.full.mae": {
    "mean": 3.5751048136502503,
    "std": 1.2200445714329997,
    "median": 3.7082302570343018,
    "min": 0.6045939922332764,
    "max": 6.867188453674316,
    "count": 4000
  },
  "depth.full.rmse": {
    "mean": 6.527701423376799,
    "std": 2.111031136866902,
    "median": 6.92011833190918,
    "min": 0.7894200086593628,
    "max": 12.04830265045166,
    "count": 4000
  },
  "depth.full.abs_rel": {
    "mean": 0.2706781520014629,
    "std": 0.14976897731019403,
    "median": 0.2315375655889511,
    "min": 0.04500282555818558,
    "max": 0.8777209520339966,
    "count": 4000
  },
  "depth.full.sq_rel": {
    "mean": 2.987964865060523,
    "std": 2.3494307391410394,
    "median": 2.434958338737488,
    "min": 0.07730161398649216,
    "max": 24.190420150756836,
    "count": 4000
  },
  "depth.full.delta1": {
    "mean": 0.6912401491552591,
    "std": 0.18251232976857817,
    "median": 0.7328816056251526,
    "min": 0.19271142780780792,
    "max": 0.9866685271263123,
    "count": 4000
  },
  "depth.full.delta2": {
    "mean": 0.8838277644962073,
    "std": 0.07422098861380978,
    "median": 0.8914657533168793,
    "min": 0.6140588521957397,
    "max": 0.9996572732925415,
    "count": 4000
  },
  "depth.full.delta3": {
    "mean": 0.9421032692939043,
    "std": 0.04491907490993446,
    "median": 0.9504581689834595,
    "min": 0.7486259937286377,
    "max": 1.0,
    "count": 4000
  },
  "depth.full.rmse_log": {
    "mean": 0.32428397229127587,
    "std": 0.125357132767677,
    "median": 0.30976809561252594,
    "min": 0.07423963397741318,
    "max": 0.6807051301002502,
    "count": 4000
  },
  "depth.full.si_log": {
    "mean": 0.3209576467182487,
    "std": 0.12546637177888378,
    "median": 0.3058009445667267,
    "min": 0.07148520648479462,
    "max": 0.6805101633071899,
    "count": 4000
  },
  "depth.non_building.mae": {
    "mean": 3.3772221042364836,
    "std": 1.2275878596707508,
    "median": 3.452873706817627,
    "min": 0.5099362134933472,
    "max": 6.867188453674316,
    "count": 4000
  },
  "depth.non_building.rmse": {
    "mean": 6.238592515319586,
    "std": 2.137508783008957,
    "median": 6.629124402999878,
    "min": 0.6917392015457153,
    "max": 12.04830265045166,
    "count": 4000
  },
  "depth.non_building.abs_rel": {
    "mean": 0.25618126783613115,
    "std": 0.1411947953608645,
    "median": 0.21876656264066696,
    "min": 0.04500282555818558,
    "max": 0.7786946296691895,
    "count": 4000
  },
  "depth.non_building.sq_rel": {
    "mean": 2.70095692230016,
    "std": 2.1920586103397017,
    "median": 2.147843837738037,
    "min": 0.07142582535743713,
    "max": 17.656700134277344,
    "count": 4000
  },
  "depth.non_building.delta1": {
    "mean": 0.7019931564740837,
    "std": 0.18374553620303913,
    "median": 0.7463663816452026,
    "min": 0.1781141459941864,
    "max": 0.9866685271263123,
    "count": 4000
  },
  "depth.non_building.delta2": {
    "mean": 0.8920945779234171,
    "std": 0.07064990549253944,
    "median": 0.9002170562744141,
    "min": 0.6140588521957397,
    "max": 0.9996572732925415,
    "count": 4000
  },
  "depth.non_building.delta3": {
    "mean": 0.9470121642202138,
    "std": 0.04218248976283507,
    "median": 0.9551438093185425,
    "min": 0.7486259937286377,
    "max": 1.0,
    "count": 4000
  },
  "depth.non_building.rmse_log": {
    "mean": 0.3116852494850755,
    "std": 0.1212786943186324,
    "median": 0.29850374162197113,
    "min": 0.07423963397741318,
    "max": 0.6534948348999023,
    "count": 4000
  },
  "depth.non_building.si_log": {
    "mean": 0.3074081501848996,
    "std": 0.12141949727957302,
    "median": 0.29373183846473694,
    "min": 0.0633995532989502,
    "max": 0.6464647650718689,
    "count": 4000
  },
  "normals.full.angular_mean": {
    "mean": 93.61997263336181,
    "std": 1.9544420582965463,
    "median": 93.87811279296875,
    "min": 80.58795928955078,
    "max": 100.33511352539062,
    "count": 4000
  },
  "normals.full.angular_median": {
    "mean": 87.09128729438781,
    "std": 1.0228696990583426,
    "median": 87.21066284179688,
    "min": 76.14205932617188,
    "max": 90.0,
    "count": 4000
  },
  "normals.full.inlier_11_25": {
    "mean": 0.046350392126478256,
    "std": 0.01223978547292208,
    "median": 0.04753478243947029,
    "min": 0.006919528357684612,
    "max": 0.09386264532804489,
    "count": 4000
  },
  "normals.full.inlier_22_5": {
    "mean": 0.0961378261204809,
    "std": 0.012364454909922537,
    "median": 0.09747582674026489,
    "min": 0.035522397607564926,
    "max": 0.14416302740573883,
    "count": 4000
  },
  "normals.full.inlier_30": {
    "mean": 0.11791727037914097,
    "std": 0.010619538398069337,
    "median": 0.11879836767911911,
    "min": 0.06659554690122604,
    "max": 0.16525699198246002,
    "count": 4000
  },
  "depth.building.mae": {
    "mean": 9.872834611104535,
    "std": 5.277957778979599,
    "median": 9.311882972717285,
    "min": 0.028731107711791992,
    "max": 37.14971160888672,
    "count": 2809
  },
  "depth.building.rmse": {
    "mean": 12.14670280644444,
    "std": 5.8202912191093406,
    "median": 11.739876747131348,
    "min": 0.034968841820955276,
    "max": 39.89641189575195,
    "count": 2809
  },
  "depth.building.abs_rel": {
    "mean": 0.8432852438629143,
    "std": 1.029829516514929,
    "median": 0.5361578464508057,
    "min": 0.002267539966851473,
    "max": 17.60660743713379,
    "count": 2809
  },
  "depth.building.sq_rel": {
    "mean": 14.756635832673927,
    "std": 23.992017245044018,
    "median": 8.125773429870605,
    "min": 9.650838183006272e-05,
    "max": 327.3343200683594,
    "count": 2809
  },
  "depth.building.delta1": {
    "mean": 0.37960039934620193,
    "std": 0.23108128651609988,
    "median": 0.34536081552505493,
    "min": 0.0,
    "max": 1.0,
    "count": 2809
  },
  "depth.building.delta2": {
    "mean": 0.6218782333003495,
    "std": 0.25476910137061215,
    "median": 0.6421594023704529,
    "min": 0.0,
    "max": 1.0,
    "count": 2809
  },
  "depth.building.delta3": {
    "mean": 0.7643557428818325,
    "std": 0.2280954887429895,
    "median": 0.821289598941803,
    "min": 0.0,
    "max": 1.0,
    "count": 2809
  },
  "depth.building.rmse_log": {
    "mean": 0.598273051061262,
    "std": 0.32051766404238485,
    "median": 0.5378280282020569,
    "min": 0.0027652124408632517,
    "max": 2.8248205184936523,
    "count": 2809
  },
  "depth.building.si_log": {
    "mean": 0.478181386700274,
    "std": 0.2335751236116433,
    "median": 0.4691924452781677,
    "min": 0.000244140625,
    "max": 1.6233640909194946,
    "count": 2809
  },
  "normals.building.angular_mean": {
    "mean": 81.27067842412224,
    "std": 6.771501309445788,
    "median": 81.73868560791016,
    "min": 42.59253692626953,
    "max": 132.09024047851562,
    "count": 2809
  },
  "normals.building.angular_median": {
    "mean": 85.24001940088621,
    "std": 6.50801776546014,
    "median": 85.55477905273438,
    "min": 4.664552688598633,
    "max": 107.95580291748047,
    "count": 2809
  },
  "normals.building.inlier_11_25": {
    "mean": 0.06791966553436292,
    "std": 0.05659498749333217,
    "median": 0.05253623425960541,
    "min": 0.0,
    "max": 0.5,
    "count": 2809
  },
  "normals.building.inlier_22_5": {
    "mean": 0.1372854685216569,
    "std": 0.06454046372760348,
    "median": 0.12219282984733582,
    "min": 0.0,
    "max": 0.5,
    "count": 2809
  },
  "normals.building.inlier_30": {
    "mean": 0.1731717814802434,
    "std": 0.06242514527578938,
    "median": 0.15982650220394135,
    "min": 0.0,
    "max": 0.550000011920929,
    "count": 2809
  },
  "planarity.building.residual_mean": {
    "mean": 0.3997626693790987,
    "std": 0.4450575568373334,
    "median": 0.3853819966316223,
    "min": 0.009671954438090324,
    "max": 19.357709884643555,
    "count": 2671
  },
  "planarity.building.residual_median": {
    "mean": 0.3722217821033873,
    "std": 0.4489187197772908,