{
  "depth.full.mae": {
    "mean": 3.613005548581481,
    "std": 1.2480504626099849,
    "median": 3.6783103942871094,
    "min": 0.6249539256095886,
    "max": 6.924853801727295,
    "count": 4000
  },
  "depth.full.rmse": {
    "mean": 6.58125813396275,
    "std": 2.146710917682801,
    "median": 6.949887752532959,
    "min": 0.883679211139679,
    "max": 13.338091850280762,
    "count": 4000
  },
  "depth.full.abs_rel": {
    "mean": 0.26913413043506446,
    "std": 0.1570531538713198,
    "median": 0.22172055393457413,
    "min": 0.03807317465543747,
    "max": 0.891124963760376,
    "count": 4000
  },
  "depth.full.sq_rel": {
    "mean": 2.930706910479814,
    "std": 2.375722962822448,
    "median": 2.2604167461395264,
    "min": 0.07039380073547363,
    "max": 17.186105728149414,
    "count": 4000
  },
  "depth.full.delta1": {
    "mean": 0.6857302058488131,
    "std": 0.19517964186404113,
    "median": 0.7424485683441162,
    "min": 0.18899205327033997,
    "max": 0.9868040084838867,
    "count": 4000
  },
  "depth.full.delta2": {
    "mean": 0.8846968610286713,
    "std": 0.07605227251741882,
    "median": 0.8977441191673279,
    "min": 0.4408182203769684,
    "max": 0.9994905591011047,
    "count": 4000
  },
  "depth.full.delta3": {
    "mean": 0.9431550787389278,
    "std": 0.045598554582154026,
    "median": 0.9550301730632782,
    "min": 0.7842887043952942,
    "max": 1.0,
    "count": 4000
  },
  "depth.full.rmse_log": {
    "mean": 0.32172365161776545,
    "std": 0.12822797724673918,
    "median": 0.2988775819540024,
    "min": 0.06430186331272125,
    "max": 0.7096680998802185,
    "count": 4000
  },
  "depth.full.si_log": {
    "mean": 0.3181715513467789,
    "std": 0.12846734887587022,
    "median": 0.2961496412754059,
    "min": 0.06311774253845215,
    "max": 0.7094321846961975,
    "count": 4000
  },
  "depth.building.mae": {
    "mean": 9.88705081683758,
    "std": 5.121757482016073,
    "median": 9.47139310836792,
    "min": 0.344158411026001,
    "max": 34.19122314453125,
    "count": 2776
  },
  "depth.building.rmse": {
    "mean": 12.118505629568604,
    "std": 5.707392873039943,
    "median": 11.90742301940918,
    "min": 0.3468046486377716,
    "max": 38.95855712890625,
    "count": 2776
  },
  "depth.building.abs_rel": {
    "mean": 0.8185796930430516,
    "std": 0.9878450947278093,
    "median": 0.5206616520881653,
    "min": 0.02716195210814476,
    "max": 13.16724681854248,
    "count": 2776
  },
  "depth.building.sq_rel": {
    "mean": 13.040911060082928,
    "std": 18.411615259494916,
    "median": 7.922042369842529,
    "min": 0.009492319077253342,
    "max": 329.8379821777344,
    "count": 2776
  },
  "depth.building.delta1": {
    "mean": 0.3717059792621297,
    "std": 0.23692688644229673,
    "median": 0.33895424008369446,
    "min": 0.0,
    "max": 1.0,
    "count": 2776
  },
  "depth.building.delta2": {
    "mean": 0.616483197728996,
    "std": 0.25772268637603973,
    "median": 0.6457902491092682,
    "min": 0.0,
    "max": 1.0,
    "count": 2776
  },
  "depth.building.delta3": {
    "mean": 0.7655875435228505,
    "std": 0.2285467902210467,
    "median": 0.8278073072433472,
    "min": 0.0,
    "max": 1.0,
    "count": 2776
  },
  "depth.building.rmse_log": {
    "mean": 0.5897890326932008,
    "std": 0.31570698235132183,
    "median": 0.5279710590839386,
    "min": 0.027761276811361313,
    "max": 2.6282060146331787,
    "count": 2776
  },
  "depth.building.si_log": {
    "mean": 0.4695131785778704,
    "std": 0.22588153516740941,
    "median": 0.45208561420440674,
    "min": 0.0012084344634786248,
    "max": 1.518736720085144,
    "count": 2776
  },
  "depth.non_building.mae": {
    "mean": 3.4228571625053883,
    "std": 1.2466704700363078,
    "median": 3.4217315912246704,
    "min": 0.4299284815788269,
    "max": 6.924107074737549,
    "count": 4000
  },
  "depth.non_building.rmse": {
    "mean": 6.308809691235423,
    "std": 2.1609153041876223,
    "median": 6.630042791366577,
    "min": 0.6078639030456543,
    "max": 13.338091850280762,
    "count": 4000
  },
  "depth.non_building.abs_rel": {
    "mean": 0.2538766432357952,
    "std": 0.14718132452186913,
    "median": 0.21107915043830872,
    "min": 0.03807317465543747,
    "max": 0.7880052328109741,
    "count": 4000
  },
  "depth.non_building.sq_rel": {
    "mean": 2.659035911364481,
    "std": 2.2747801979291746,
    "median": 2.0085612535476685,
    "min": 0.06619416922330856,
    "max": 16.401397705078125,
    "count": 4000
  },
  "depth.non_building.delta1": {
    "mean": 0.6962891189269722,
    "std": 0.19653367880370473,
    "median": 0.7553162276744843,
    "min": 0.18846306204795837,
    "max": 0.9868035912513733,
    "count": 4000
  },
  "depth.non_building.delta2": {
    "mean": 0.8935447510406375,
    "std": 0.07171209528382322,
    "median": 0.9061994254589081,
    "min": 0.441202312707901,
    "max": 0.9998696446418762,
    "count": 4000
  },
  "depth.non_building.delta3": {
    "mean": 0.9486389559805393,
    "std": 0.04217307126715138,
    "median": 0.9597947001457214,
    "min": 0.7930746674537659,
    "max": 1.0,
    "count": 4000
  },
  "depth.non_building.rmse_log": {
    "mean": 0.3085140220131725,
    "std": 0.12340944559734661,
    "median": 0.2886234372854233,
    "min": 0.0643017590045929,
    "max": 0.6661791205406189,
    "count": 4000
  },
  "depth.non_building.si_log": {
    "mean": 0.3039901762139052,
    "std": 0.12346489704599915,
    "median": 0.28376781940460205,
    "min": 0.06311792880296707,
    "max": 0.666026771068573,
    "count": 4000
  },
  "normals.full.angular_mean": {
    "mean": 93.42680234146118,
    "std": 1.8887213895750823,
    "median": 93.74861526489258,
    "min": 81.67913818359375,
    "max": 97.75616455078125,
    "count": 4000
  },
  "normals.full.angular_median": {
    "mean": 87.0743875656128,
    "std": 0.9757785902911222,
    "median": 87.19508361816406,
    "min": 77.65668487548828,
    "max": 89.68778228759766,
    "count": 4000
  },
  "normals.full.inlier_11_25": {
    "mean": 0.045867647931561804,
    "std": 0.012433474001736276,
    "median": 0.04795754514634609,
    "min": 0.006873529404401779,
    "max": 0.08271660655736923,
    "count": 4000
  },
  "normals.full.inlier_22_5": {
    "mean": 0.09514934227708727,
    "std": 0.012996593557741042,
    "median": 0.09734533354640007,
    "min": 0.03623141348361969,
    "max": 0.1410416215658188,
    "count": 4000
  },
  "normals.full.inlier_30": {
    "mean": 0.11765603347681462,
    "std": 0.011088002641713527,
    "median": 0.11896313354372978,
    "min": 0.0672134980559349,
    "max": 0.16597390174865723,
    "count": 4000
  },
  "normals.building.angular_mean": {
    "mean": 81.01880683541641,
    "std": 6.715678411247009,
    "median": 81.33487701416016,
    "min": 8.026905059814453,
    "max": 147.77206420898438,
    "count": 2776
  },
  "normals.building.angular_median": {
    "mean": 85.28634725214769,
    "std": 6.761829236994851,
    "median": 85.55423355102539,
    "min": 2.042485237121582,
    "max": 167.80413818359375,
    "count": 2776
  },
  "normals.building.inlier_11_25": {
    "mean": 0.0641597032736801,
    "std": 0.057257175155887775,
    "median": 0.0494806170463562,
    "min": 0.0,
    "max": 1.0,
    "count": 2776
  },
  "normals.building.inlier_22_5": {
    "mean": 0.1350448391677393,
    "std": 0.06617080173559703,
    "median": 0.12098943069577217,
    "min": 0.0,
    "max": 1.0,
    "count": 2776
  },
  "normals.building.inlier_30": {
    "mean": 0.17285883664260873,
    "std": 0.06339084470833388,
    "median": 0.16092247515916824,
    "min": 0.0,
    "max": 1.0,
    "count": 2776
  },
  "planarity.building.residual_mean": {
    "mean": 0.38127468425513944,
    "std": 0.20112806589637058,
    "median": 0.3750123679637909,
    "min": 0.011136793531477451,
    "max": 3.5665249824523926,
    "count": 2655
  },
  "planarity.building.residual_median": {
    "mean": 0.3559499720114997,
    "std": 0.20134459975665364,