{
  "depth.full.mae": {
    "mean": 3.6770415038764477,
    "std": 1.2576254807673377,
    "median": 3.73244047164917,
    "min": 0.5477079749107361,
    "max": 7.227747440338135,
    "count": 4000
  },
  "depth.full.rmse": {
    "mean": 6.594291472703218,
    "std": 2.121096580642121,
    "median": 7.039284944534302,
    "min": 0.7050600051879883,
    "max": 12.20509147644043,
    "count": 4000
  },
  "depth.full.abs_rel": {
    "mean": 0.29796851169504224,
    "std": 0.17894971241513105,
    "median": 0.23645766824483871,
    "min": 0.044621407985687256,
    "max": 0.9279842972755432,
    "count": 4000
  },
  "depth.full.sq_rel": {
    "mean": 3.378894381372258,
    "std": 2.774996274322247,
    "median": 2.5378081798553467,
    "min": 0.07077955454587936,
    "max": 18.787324905395508,
    "count": 4000
  },
  "depth.full.delta1": {
    "mean": 0.6730969194918871,
    "std": 0.19668342390555518,
    "median": 0.7344899475574493,
    "min": 0.18270356953144073,
    "max": 0.9768019318580627,
    "count": 4000
  },
  "depth.full.delta2": {
    "mean": 0.8776158059164881,
    "std": 0.08500823760157757,
    "median": 0.8935351967811584,
    "min": 0.41163238883018494,
    "max": 0.9999679327011108,
    "count": 4000
  },
  "depth.full.delta3": {
    "mean": 0.936722277879715,
    "std": 0.05214367135079711,
    "median": 0.9508655965328217,
    "min": 0.7506279349327087,
    "max": 1.0,
    "count": 4000
  },
  "depth.full.rmse_log": {
    "mean": 0.3390527303554118,
    "std": 0.14014463008858186,
    "median": 0.31033065915107727,
    "min": 0.07220204919576645,
    "max": 0.7309896349906921,
    "count": 4000
  },
  "depth.full.si_log": {
    "mean": 0.33568139909394085,
    "std": 0.1409635703343526,
    "median": 0.3067070096731186,
    "min": 0.07134735584259033,
    "max": 0.7292281985282898,
    "count": 4000
  },
  "depth.non_building.mae": {
    "mean": 3.4996040627360343,
    "std": 1.278563659410397,
    "median": 3.506390929222107,
    "min": 0.3511422574520111,
    "max": 7.227747440338135,
    "count": 4000
  },
  "depth.non_building.rmse": {
    "mean": 6.336917634367943,
    "std": 2.1699989019650596,
    "median": 6.737893104553223,
    "min": 0.5685598254203796,
    "max": 12.20509147644043,
    "count": 4000
  },
  "depth.non_building.abs_rel": {
    "mean": 0.28227180025167764,
    "std": 0.16968916158470435,
    "median": 0.2263549417257309,
    "min": 0.0438452810049057,
    "max": 0.9171012043952942,
    "count": 4000
  },
  "depth.non_building.sq_rel": {
    "mean": 3.093657536393963,
    "std": 2.645765645773207,
    "median": 2.26543128490448,
    "min": 0.03775031864643097,
    "max": 18.08702278137207,
    "count": 4000
  },
  "depth.non_building.delta1": {
    "mean": 0.6827922972403466,
    "std": 0.19869919862527957,
    "median": 0.7452718019485474,
    "min": 0.1792280375957489,
    "max": 0.9916093945503235,
    "count": 4000
  },
  "depth.non_building.delta2": {
    "mean": 0.8856748220324516,
    "std": 0.08173394474172371,
    "median": 0.9030352234840393,
    "min": 0.41594070196151733,
    "max": 0.9999679327011108,
    "count": 4000
  },
  "depth.non_building.delta3": {
    "mean": 0.9419877679347992,
    "std": 0.048928623348633196,
    "median": 0.9565074443817139,
    "min": 0.7566714882850647,
    "max": 1.0,
    "count": 4000
  },
  "depth.non_building.rmse_log": {
    "mean": 0.32627668216079475,
    "std": 0.13645790998198856,
    "median": 0.298324316740036,
    "min": 0.06470920890569687,
    "max": 0.7205773591995239,
    "count": 4000
  },
  "depth.non_building.si_log": {
    "mean": 0.3222452232185751,
    "std": 0.13741704166627264,
    "median": 0.2943740040063858,
    "min": 0.058755118399858475,
    "max": 0.7178905010223389,
    "count": 4000
  },
  "normals.full.angular_mean": {
    "mean": 92.9639633769989,
    "std": 1.7859995582694446,
    "median": 93.17377853393555,
    "min": 81.64230346679688,
    "max": 98.00695037841797,
    "count": 4000
  },
  "normals.full.angular_median": {
    "mean": 86.97113911247253,
    "std": 1.088290120741317,
    "median": 87.11100387573242,
    "min": 76.0872573852539,
    "max": 89.3970718383789,
    "count": 4000
  },
  "normals.full.inlier_11_25": {
    "mean": 0.043842616936890406,
    "std": 0.011373967214515588,
    "median": 0.04558573663234711,
    "min": 0.007412621285766363,
    "max": 0.07609549164772034,
    "count": 4000
  },
  "normals.full.inlier_22_5": {
    "mean": 0.09247277408838273,
    "std": 0.011870659959728126,
    "median": 0.09434489905834198,
    "min": 0.04251542314887047,
    "max": 0.13446849584579468,
    "count": 4000
  },
  "normals.full.inlier_30": {
    "mean": 0.11628419431298971,
    "std": 0.01006946169462714,
    "median": 0.11737348139286041,
    "min": 0.07427596300840378,
    "max": 0.161698579788208,
    "count": 4000
  },
  "depth.building.mae": {
    "mean": 10.28823403438772,
    "std": 5.4606868215371,
    "median": 9.728681564331055,
    "min": 0.04382514953613281,
    "max": 37.00926208496094,
    "count": 2792
  },
  "depth.building.rmse": {
    "mean": 12.418490960775078,
    "std": 6.05926587275116,
    "median": 11.921889781951904,
    "min": 0.046094417572021484,
    "max": 40.77101516723633,
    "count": 2792
  },
  "depth.building.abs_rel": {
    "mean": 1.019955905245495,
    "std": 1.25538276343753,
    "median": 0.6029876470565796,
    "min": 0.0016502942889928818,
    "max": 17.50997543334961,
    "count": 2792
  },
  "depth.building.sq_rel": {
    "mean": 17.51638868103206,
    "std": 26.5581377285301,
    "median": 9.566749572753906,
    "min": 8.000823436304927e-05,
    "max": 417.5538635253906,
    "count": 2792
  },
  "depth.building.delta1": {
    "mean": 0.36142501257373993,
    "std": 0.2440740367790322,
    "median": 0.34050267934799194,
    "min": 0.0,
    "max": 1.0,
    "count": 2792
  },
  "depth.building.delta2": {
    "mean": 0.5806089291883764,
    "std": 0.2910982385439635,
    "median": 0.6207586228847504,
    "min": 0.0,
    "max": 1.0,
    "count": 2792
  },
  "depth.building.delta3": {
    "mean": 0.7161398157321436,
    "std": 0.272399431520311,
    "median": 0.7962743639945984,
    "min": 0.0,
    "max": 1.0,
    "count": 2792
  },
  "depth.building.rmse_log": {
    "mean": 0.6518732587586975,
    "std": 0.36756281504940574,
    "median": 0.5743752717971802,
    "min": 0.0017344894586130977,
    "max": 2.918300151824951,
    "count": 2792
  },
  "depth.building.si_log": {
    "mean": 0.4867914049235667,
    "std": 0.25164051346540145,
    "median": 0.4618100970983505,
    "min": 0.0,
    "max": 1.543884038925171,
    "count": 2792
  },
  "normals.building.angular_mean": {
    "mean": 80.71413464054338,
    "std": 6.666358493064312,
    "median": 80.937744140625,
    "min": 30.5448055267334,
    "max": 173.88882446289062,
    "count": 2792
  },
  "normals.building.angular_median": {
    "mean": 84.69060084437231,
    "std": 6.727745276725914,
    "median": 85.07561111450195,
    "min": 4.678348541259766,
    "max": 170.00115966796875,
    "count": 2792
  },
  "normals.building.inlier_11_25": {
    "mean": 0.06040004219229061,
    "std": 0.04693002152405012,
    "median": 0.04833109490573406,
    "min": 0.0,
    "max": 0.5833333730697632,
    "count": 2792
  },
  "normals.building.inlier_22_5": {
    "mean": 0.13307957936853523,
    "std": 0.059101949863330026,
    "median": 0.12144922465085983,
    "min": 0.0,
    "max": 0.5833333730697632,
    "count": 2792
  },
  "normals.building.inlier_30": {
    "mean": 0.17171097026315962,
    "std": 0.05744194215367703,
    "median": 0.1628689169883728,
    "min": 0.0,
    "max": 0.5833333730697632,
    "count": 2792
  },
  "planarity.building.residual_mean": {
    "mean": 0.4107450114810903,
    "std": 0.2483139849277938,
    "median": 0.40999355912208557,
    "min": 0.00966719537973404,
    "max": 7.613329887390137,
    "count": 2676
  },
  "planarity.building.residual_median": {
    "mean": 0.3803652923888985,