{
  "depth.full.mae": {
    "mean": 3.641052696585655,
    "std": 1.2747861013639723,
    "median": 3.734152674674988,
    "min": 0.5620515942573547,
    "max": 9.122488021850586,
    "count": 4000
  },
  "depth.full.rmse": {
    "mean": 6.581422849476337,
    "std": 2.1593688523335444,
    "median": 6.9652111530303955,
    "min": 0.7294944524765015,
    "max": 15.024630546569824,
    "count": 4000
  },
  "depth.full.abs_rel": {
    "mean": 0.2799932096330449,
    "std": 0.162745436135696,
    "median": 0.22980014979839325,
    "min": 0.04614007845520973,
    "max": 1.026310682296753,
    "count": 4000
  },
  "depth.full.sq_rel": {
    "mean": 3.015642707665451,
    "std": 2.363039947867302,
    "median": 2.43874728679657,
    "min": 0.06014024093747139,
    "max": 20.22262191772461,
    "count": 4000
  },
  "depth.full.delta1": {
    "mean": 0.6783792343772947,
    "std": 0.19314113817251632,
    "median": 0.7337358593940735,
    "min": 0.18379910290241241,
    "max": 0.9906150102615356,
    "count": 4000
  },
  "depth.full.delta2": {
    "mean": 0.8796454348191619,
    "std": 0.08003732204626925,
    "median": 0.8936612010002136,
    "min": 0.4886264503002167,
    "max": 0.9999679327011108,
    "count": 4000
  },
  "depth.full.delta3": {
    "mean": 0.9397365006506443,
    "std": 0.047890473404663673,
    "median": 0.951209306716919,
    "min": 0.7616490721702576,
    "max": 1.0,
    "count": 4000
  },
  "depth.full.rmse_log": {
    "mean": 0.3294420486073941,
    "std": 0.13226527460246684,
    "median": 0.30857688188552856,
    "min": 0.06687319278717041,
    "max": 0.7145742774009705,
    "count": 4000
  },
  "depth.full.si_log": {
    "mean": 0.3262960328347981,
    "std": 0.13244992590368054,
    "median": 0.30470986664295197,
    "min": 0.0668506845831871,
    "max": 0.7133289575576782,
    "count": 4000
  },
  "depth.building.mae": {
    "mean": 10.022337621518714,
    "std": 5.173682193688843,
    "median": 9.305266380310059,
    "min": 0.4878478944301605,
    "max": 34.237586975097656,
    "count": 2793
  },
  "depth.building.rmse": {
    "mean": 12.138941716644187,
    "std": 5.690245843538366,
    "median": 11.590922355651855,
    "min": 0.5813510417938232,
    "max": 34.76728820800781,
    "count": 2793
  },
  "depth.building.abs_rel": {
    "mean": 0.9252666010852467,
    "std": 1.2016893135604327,
    "median": 0.583142876625061,
    "min": 0.031878888607025146,
    "max": 15.331544876098633,
    "count": 2793
  },
  "depth.building.sq_rel": {
    "mean": 15.076884228386708,
    "std": 23.67328239212404,
    "median": 8.681098937988281,
    "min": 0.02232656255364418,
    "max": 335.1966857910156,
    "count": 2793
  },
  "depth.building.delta1": {
    "mean": 0.3590695350254178,
    "std": 0.23511369468841808,
    "median": 0.3294062316417694,
    "min": 0.0,
    "max": 1.0,
    "count": 2793
  },
  "depth.building.delta2": {
    "mean": 0.5922735882247773,
    "std": 0.27648512739149816,
    "median": 0.6112841963768005,
    "min": 0.0,
    "max": 1.0,
    "count": 2793
  },
  "depth.building.delta3": {
    "mean": 0.7392791202873714,
    "std": 0.2509250660908401,
    "median": 0.7931034564971924,
    "min": 0.0,
    "max": 1.0,
    "count": 2793
  },
  "depth.building.rmse_log": {
    "mean": 0.6222756532141909,
    "std": 0.3466843897432961,
    "median": 0.5703698396682739,
    "min": 0.032725200057029724,
    "max": 2.7930750846862793,
    "count": 2793
  },
  "depth.building.si_log": {
    "mean": 0.4804206480489231,
    "std": 0.24425710974777073,
    "median": 0.46193280816078186,
    "min": 0.0,
    "max": 1.6867693662643433,
    "count": 2793
  },
  "depth.non_building.mae": {
    "mean": 3.4456622488498687,
    "std": 1.2772225911999293,
    "median": 3.4951798915863037,
    "min": 0.48690375685691833,
    "max": 9.122488021850586,
    "count": 4000
  },
  "depth.non_building.rmse": {
    "mean": 6.3054903087764975,
    "std": 2.1873219107790254,
    "median": 6.593081474304199,
    "min": 0.7009660005569458,
    "max": 15.024630546569824,
    "count": 4000
  },
  "depth.non_building.abs_rel": {
    "mean": 0.2627076136888936,
    "std": 0.15071442733548496,
    "median": 0.21959685534238815,
    "min": 0.04614007845520973,
    "max": 0.9322815537452698,
    "count": 4000
  },
  "depth.non_building.sq_rel": {
    "mean": 2.7157261305572464,
    "std": 2.2284232885927207,
    "median": 2.112646698951721,
    "min": 0.06014024093747139,
    "max": 18.643842697143555,
    "count": 4000
  },
  "depth.non_building.delta1": {
    "mean": 0.6884284359700977,
    "std": 0.1938750399133966,
    "median": 0.7447436153888702,
    "min": 0.18036392331123352,
    "max": 0.9906150102615356,
    "count": 4000
  },
  "depth.non_building.delta2": {
    "mean": 0.88887691578269,
    "std": 0.07452974491229813,
    "median": 0.9012289345264435,
    "min": 0.49443715810775757,
    "max": 0.9999679327011108,
    "count": 4000
  },
  "depth.non_building.delta3": {
    "mean": 0.9457298907041549,
    "std": 0.04385307971015759,
    "median": 0.9562336802482605,
    "min": 0.7675544619560242,
    "max": 1.0,
    "count": 4000
  },
  "depth.non_building.rmse_log": {
    "mean": 0.3156345380153507,
    "std": 0.12592563130671847,
    "median": 0.2983134239912033,
    "min": 0.06687319278717041,
    "max": 0.703755795955658,
    "count": 4000
  },
  "depth.non_building.si_log": {
    "mean": 0.31146343116462233,
    "std": 0.12564798024016766,
    "median": 0.29475121200084686,
    "min": 0.0668506845831871,
    "max": 0.7017271518707275,
    "count": 4000
  },
  "normals.full.angular_mean": {
    "mean": 93.13847051811219,
    "std": 1.6428604555190256,
    "median": 93.31705474853516,
    "min": 81.4065933227539,
    "max": 98.18820190429688,
    "count": 4000
  },
  "normals.full.angular_median": {
    "mean": 87.0941478176117,
    "std": 0.9405131120636073,
    "median": 87.19116973876953,
    "min": 76.18364715576172,
    "max": 89.4101791381836,
    "count": 4000
  },
  "normals.full.inlier_11_25": {
    "mean": 0.0432915829163976,
    "std": 0.011732799209342878,
    "median": 0.04452069662511349,
    "min": 0.007609509862959385,
    "max": 0.08795696496963501,
    "count": 4000
  },
  "normals.full.inlier_22_5": {
    "mean": 0.09225410941895097,
    "std": 0.012198208193292271,
    "median": 0.09364624321460724,
    "min": 0.03624442219734192,
    "max": 0.13842226564884186,
    "count": 4000
  },
  "normals.full.inlier_30": {
    "mean": 0.11600566243939102,
    "std": 0.010486412456030741,
    "median": 0.11676986888051033,
    "min": 0.06746067851781845,
    "max": 0.16209997236728668,
    "count": 4000
  },
  "normals.building.angular_mean": {
    "mean": 81.06714250979097,
    "std": 6.92123192282454,
    "median": 81.37914276123047,
    "min": 8.545005798339844,
    "max": 147.25790405273438,
    "count": 2793
  },
  "normals.building.angular_median": {
    "mean": 85.04951753114399,
    "std": 6.185794803926854,
    "median": 85.42888641357422,
    "min": 7.454379081726074,
    "max": 164.43853759765625,
    "count": 2793
  },
  "normals.building.inlier_11_25": {
    "mean": 0.06161319239208767,
    "std": 0.051800224607807976,
    "median": 0.04784625396132469,
    "min": 0.0,
    "max": 1.0,
    "count": 2793
  },
  "normals.building.inlier_22_5": {
    "mean": 0.13390017075032648,
    "std": 0.06251456902936703,
    "median": 0.12015025317668915,
    "min": 0.0,
    "max": 1.0,
    "count": 2793
  },
  "normals.building.inlier_30": {
    "mean": 0.17198031659965293,
    "std": 0.06152137654509957,
    "median": 0.15981733798980713,
    "min": 0.0,
    "max": 1.0,
    "count": 2793
  },
  "planarity.building.residual_mean": {
    "mean": 0.3937505249606024,
    "std": 0.2631568454709989,
    "median": 0.38706594705581665,
    "min": 0.00952626671642065,
    "max": 7.227593421936035,
    "count": 2636
  },
  "planarity.building.residual_median": {
    "mean": 0.3682924161703299,
    "std": 0.2609113463553967,