{
  "depth.full.mae": {
    "mean": 3.7093015692979097,
    "std": 1.2971318905108684,
    "median": 3.8180270195007324,
    "min": 0.5449063181877136,
    "max": 7.791350841522217,
    "count": 4000
  },
  "depth.full.rmse": {
    "mean": 6.6678136402070525,
    "std": 2.1790353784708696,
    "median": 7.052063465118408,
    "min": 0.6776571273803711,
    "max": 14.544797897338867,
    "count": 4000
  },
  "depth.full.abs_rel": {
    "mean": 0.2910369110926986,
    "std": 0.17349624752491982,
    "median": 0.23253218829631805,
    "min": 0.0458654947578907,
    "max": 1.0732721090316772,
    "count": 4000
  },
  "depth.full.sq_rel": {
    "mean": 3.3200614816900345,
    "std": 2.6921884730220027,
    "median": 2.584385633468628,
    "min": 0.07020945101976395,
    "max": 25.576824188232422,
    "count": 4000
  },
  "depth.full.delta1": {
    "mean": 0.6734085958749055,
    "std": 0.20063880479832516,
    "median": 0.7355638444423676,
    "min": 0.17328962683677673,
    "max": 0.982320249080658,
    "count": 4000
  },
  "depth.full.delta2": {
    "mean": 0.8784424057379365,
    "std": 0.08321883662249166,
    "median": 0.8936338126659393,
    "min": 0.4708811640739441,
    "max": 0.9999679327011108,
    "count": 4000
  },
  "depth.full.delta3": {
    "mean": 0.9375346111804247,
    "std": 0.050822352178010635,
    "median": 0.9493815004825592,
    "min": 0.759192943572998,
    "max": 1.0,
    "count": 4000
  },
  "depth.full.rmse_log": {
    "mean": 0.3354331957791001,
    "std": 0.13888934992383647,
    "median": 0.3106260448694229,
    "min": 0.07483495771884918,
    "max": 0.71353679895401,
    "count": 4000
  },
  "depth.full.si_log": {
    "mean": 0.33202592046931384,
    "std": 0.13966738030235434,
    "median": 0.30673956871032715,
    "min": 0.07426399737596512,
    "max": 0.7135215401649475,
    "count": 4000
  },
  "depth.building.mae": {
    "mean": 10.195372872259592,
    "std": 5.385208485859035,
    "median": 9.803522109985352,
    "min": 0.05185556411743164,
    "max": 36.90586471557617,
    "count": 2871
  },
  "depth.building.rmse": {
    "mean": 12.285021179546746,
    "std": 5.890429266926036,
    "median": 12.169046401977539,
    "min": 0.0554533414542675,
    "max": 41.48573303222656,
    "count": 2871
  },
  "depth.building.abs_rel": {
    "mean": 0.9780181144715006,
    "std": 1.3272520607778928,
    "median": 0.5590736269950867,
    "min": 0.0019526903051882982,
    "max": 26.107715606689453,
    "count": 2871
  },
  "depth.building.sq_rel": {
    "mean": 16.67003163043741,
    "std": 26.26397032119951,
    "median": 8.931272506713867,
    "min": 0.00011579596321098506,
    "max": 362.3099060058594,
    "count": 2871
  },
  "depth.building.delta1": {
    "mean": 0.373199893047814,
    "std": 0.24894904447272004,
    "median": 0.34350261092185974,
    "min": 0.0,
    "max": 1.0,
    "count": 2871
  },
  "depth.building.delta2": {
    "mean": 0.5965438624396298,
    "std": 0.2901249193400983,
    "median": 0.6382456421852112,
    "min": 0.0,
    "max": 1.0,
    "count": 2871
  },
  "depth.building.delta3": {
    "mean": 0.7313460369711338,
    "std": 0.2705748347350334,
    "median": 0.8140161633491516,
    "min": 0.0,
    "max": 1.0,
    "count": 2871
  },
  "depth.building.rmse_log": {
    "mean": 0.6309010062003569,
    "std": 0.3738635855096343,
    "median": 0.5468090176582336,
    "min": 0.0020863108802586794,
    "max": 3.0590274333953857,
    "count": 2871
  },
  "depth.building.si_log": {
    "mean": 0.47297802543239953,
    "std": 0.25567381027840275,
    "median": 0.44445493817329407,
    "min": 0.0006459353608079255,
    "max": 1.652305245399475,
    "count": 2871
  },
  "depth.non_building.mae": {
    "mean": 3.5085925281494856,
    "std": 1.3228992317551311,
    "median": 3.583768844604492,
    "min": 0.36178064346313477,
    "max": 7.791350841522217,
    "count": 4000
  },
  "depth.non_building.rmse": {
    "mean": 6.37766771261394,
    "std": 2.2394119652775792,
    "median": 6.697066783905029,
    "min": 0.5989558696746826,
    "max": 14.544797897338867,
    "count": 4000
  },
  "depth.non_building.abs_rel": {
    "mean": 0.27329537095315753,
    "std": 0.16061581880100023,
    "median": 0.22196581959724426,
    "min": 0.04499320313334465,
    "max": 0.969162106513977,
    "count": 4000
  },
  "depth.non_building.sq_rel": {
    "mean": 2.993866213215515,
    "std": 2.498067465457778,
    "median": 2.3032549619674683,
    "min": 0.04141118749976158,
    "max": 20.23704719543457,
    "count": 4000
  },
  "depth.non_building.delta1": {
    "mean": 0.68352005167678,
    "std": 0.20341433199408498,
    "median": 0.748621255159378,
    "min": 0.16918253898620605,
    "max": 0.9901338219642639,
    "count": 4000
  },
  "depth.non_building.delta2": {
    "mean": 0.8869822794795036,
    "std": 0.07896794065051563,
    "median": 0.9024764895439148,
    "min": 0.4713175296783447,
    "max": 0.9999679327011108,
    "count": 4000
  },
  "depth.non_building.delta3": {
    "mean": 0.9432449196577072,
    "std": 0.0469108708118905,
    "median": 0.9547025263309479,
    "min": 0.7805449962615967,
    "max": 1.0,
    "count": 4000
  },
  "depth.non_building.rmse_log": {
    "mean": 0.32137477732263503,
    "std": 0.1334620057363069,
    "median": 0.29906295239925385,
    "min": 0.0671878531575203,
    "max": 0.7020764350891113,
    "count": 4000
  },
  "depth.non_building.si_log": {
    "mean": 0.31712039649579676,
    "std": 0.13401383367594005,
    "median": 0.29550397396087646,
    "min": 0.061373401433229446,
    "max": 0.6985635161399841,
    "count": 4000
  },
  "normals.full.angular_mean": {
    "mean": 92.87512215805053,
    "std": 1.695300595332763,
    "median": 93.05057525634766,
    "min": 81.87310791015625,
    "max": 98.99058532714844,
    "count": 4000
  },
  "normals.full.angular_median": {
    "mean": 87.09064731216431,
    "std": 0.9896355502772789,
    "median": 87.1849594116211,
    "min": 77.78659057617188,
    "max": 89.5491714477539,
    "count": 4000
  },
  "normals.full.inlier_11_25": {
    "mean": 0.0445654124179855,
    "std": 0.011517635721033447,
    "median": 0.04599144123494625,
    "min": 0.008596318773925304,
    "max": 0.07879815250635147,
    "count": 4000
  },
  "normals.full.inlier_22_5": {
    "mean": 0.09289239827357233,
    "std": 0.012036944705914265,
    "median": 0.09477810189127922,
    "min": 0.04146108403801918,
    "max": 0.13957150280475616,
    "count": 4000
  },
  "normals.full.inlier_30": {
    "mean": 0.11679636719636619,
    "std": 0.010470316285030838,
    "median": 0.11794285476207733,
    "min": 0.07495463639497757,
    "max": 0.16672761738300323,
    "count": 4000
  },
  "normals.building.angular_mean": {
    "mean": 80.97992362431307,
    "std": 7.14288435327786,
    "median": 81.2245864868164,
    "min": 29.801559448242188,
    "max": 173.52606201171875,
    "count": 2871
  },
  "normals.building.angular_median": {
    "mean": 84.83433341614588,
    "std": 7.140368654301581,
    "median": 85.2431640625,
    "min": 4.135501384735107,
    "max": 172.2418212890625,
    "count": 2871
  },
  "normals.building.inlier_11_25": {
    "mean": 0.0591654185251437,
    "std": 0.04910860930521421,
    "median": 0.04702087864279747,
    "min": 0.0,
    "max": 0.5,
    "count": 2871
  },
  "normals.building.inlier_22_5": {
    "mean": 0.1304941968726353,
    "std": 0.06011844489966533,
    "median": 0.1182871162891388,
    "min": 0.0,
    "max": 0.5,
    "count": 2871
  },
  "normals.building.inlier_30": {
    "mean": 0.16930388603768193,
    "std": 0.05855607991598702,
    "median": 0.15987135469913483,
    "min": 0.0,
    "max": 0.5,
    "count": 2871
  },
  "planarity.building.residual_mean": {
    "mean": 0.42594101830568065,
    "std": 0.2554731593812501,
    "median": 0.4221929907798767,
    "min": 0.0084675969555974,
    "max": 5.878918647766113,
    "count": 2726
  },
  "planarity.building.residual_median": {
    "mean": 0.3941389373978511,
    "std": 0.25767626205836625,