{
  "depth.full.mae": {
    "mean": 3.535398121058941,
    "std": 1.23570845005604,
    "median": 3.6203759908676147,
    "min": 0.5531219244003296,
    "max": 8.172215461730957,
    "count": 4000
  },
  "depth.full.rmse": {
    "mean": 6.515430260568857,
    "std": 2.1642344132324425,
    "median": 6.872295141220093,
    "min": 0.7680777311325073,
    "max": 15.216012001037598,
    "count": 4000
  },
  "depth.full.abs_rel": {
    "mean": 0.2564603960765526,
    "std": 0.1494063589784882,
    "median": 0.21431869268417358,
    "min": 0.039308011531829834,
    "max": 0.8373963832855225,
    "count": 4000
  },
  "depth.full.sq_rel": {
    "mean": 2.7628609506916253,
    "std": 2.2671900124988245,
    "median": 2.1697250604629517,
    "min": 0.06341157108545303,
    "max": 14.952845573425293,
    "count": 4000
  },
  "depth.full.delta1": {
    "mean": 0.7052771579399705,
    "std": 0.17393940009847672,
    "median": 0.7443190813064575,
    "min": 0.21283575892448425,
    "max": 0.9923139810562134,
    "count": 4000
  },
  "depth.full.delta2": {
    "mean": 0.8871368387639522,
    "std": 0.07536776814356838,
    "median": 0.8984155654907227,
    "min": 0.4795146584510803,
    "max": 0.9998133182525635,
    "count": 4000
  },
  "depth.full.delta3": {
    "mean": 0.9449724761098623,
    "std": 0.045215124377470606,
    "median": 0.9560811221599579,
    "min": 0.7675744295120239,
    "max": 1.0,
    "count": 4000
  },
  "depth.full.rmse_log": {
    "mean": 0.313369596330449,
    "std": 0.12456987300050275,
    "median": 0.2949913591146469,
    "min": 0.06370784342288971,
    "max": 0.6899877786636353,
    "count": 4000
  },
  "depth.full.si_log": {
    "mean": 0.3098692210186273,
    "std": 0.1244896493318813,
    "median": 0.2909685969352722,
    "min": 0.0635407343506813,
    "max": 0.6887813210487366,
    "count": 4000
  },
  "depth.non_building.mae": {
    "mean": 3.3564106720611453,
    "std": 1.242904038701508,
    "median": 3.3776206970214844,
    "min": 0.3288785517215729,
    "max": 8.172215461730957,
    "count": 4000
  },
  "depth.non_building.rmse": {
    "mean": 6.256035579651594,
    "std": 2.1936787965891833,
    "median": 6.583937644958496,
    "min": 0.5106448531150818,
    "max": 15.216012001037598,
    "count": 4000
  },
  "depth.non_building.abs_rel": {
    "mean": 0.24285299269016833,
    "std": 0.14082257596311215,
    "median": 0.20430497080087662,
    "min": 0.039308011531829834,
    "max": 0.8200596570968628,
    "count": 4000
  },
  "depth.non_building.sq_rel": {
    "mean": 2.508652573747095,
    "std": 2.140657977207485,
    "median": 1.9456507563591003,
    "min": 0.028190379962325096,
    "max": 14.952845573425293,
    "count": 4000
  },
  "depth.non_building.delta1": {
    "mean": 0.7162321775853634,
    "std": 0.17494181135938267,
    "median": 0.7568557858467102,
    "min": 0.2145368605852127,
    "max": 0.9962732791900635,
    "count": 4000
  },
  "depth.non_building.delta2": {
    "mean": 0.8949077752232552,
    "std": 0.07225177649051455,
    "median": 0.9070065319538116,
    "min": 0.48031091690063477,
    "max": 0.9998133182525635,
    "count": 4000
  },
  "depth.non_building.delta3": {
    "mean": 0.949563977137208,
    "std": 0.04262254282878393,
    "median": 0.9603270292282104,
    "min": 0.7714083790779114,
    "max": 1.0,
    "count": 4000
  },
  "depth.non_building.rmse_log": {
    "mean": 0.30145903729926793,
    "std": 0.12060933434715569,
    "median": 0.28454604744911194,
    "min": 0.05635819584131241,
    "max": 0.6778581738471985,
    "count": 4000
  },
  "depth.non_building.si_log": {
    "mean": 0.29730407981574536,
    "std": 0.12041857956662387,
    "median": 0.279363214969635,
    "min": 0.053816936910152435,
    "max": 0.6757933497428894,
    "count": 4000
  },
  "normals.full.angular_mean": {
    "mean": 93.38278162384033,
    "std": 2.0080264798232377,
    "median": 93.67345809936523,
    "min": 80.90896606445312,
    "max": 97.70880126953125,
    "count": 4000
  },
  "normals.full.angular_median": {
    "mean": 86.98281729316712,
    "std": 1.0085141046909913,
    "median": 87.13388061523438,
    "min": 77.86326599121094,
    "max": 89.38468170166016,
    "count": 4000
  },
  "normals.full.inlier_11_25": {
    "mean": 0.04550456266570836,
    "std": 0.012712133335696508,
    "median": 0.04760276712477207,
    "min": 0.0067815319634974,
    "max": 0.0924176350235939,
    "count": 4000
  },
  "normals.full.inlier_22_5": {
    "mean": 0.09524839660711587,
    "std": 0.012810875666776494,
    "median": 0.09692013636231422,
    "min": 0.0357370525598526,
    "max": 0.1430007517337799,
    "count": 4000
  },
  "normals.full.inlier_30": {
    "mean": 0.1178093246780336,
    "std": 0.010997731914785135,
    "median": 0.11873805150389671,
    "min": 0.06674515455961227,
    "max": 0.16568396985530853,
    "count": 4000
  },
  "depth.building.mae": {
    "mean": 10.135891591670488,
    "std": 5.555916890729084,
    "median": 9.291228294372559,
    "min": 0.06312847137451172,
    "max": 52.162750244140625,
    "count": 2679
  },
  "depth.building.rmse": {
    "mean": 12.42160819940333,
    "std": 6.065392567695078,
    "median": 11.814397811889648,
    "min": 0.0744301825761795,
    "max": 52.19099044799805,
    "count": 2679
  },
  "depth.building.abs_rel": {
    "mean": 0.7763031313968276,
    "std": 0.9283014834528927,
    "median": 0.5020381808280945,
    "min": 0.013403603807091713,
    "max": 18.87254524230957,
    "count": 2679
  },
  "depth.building.sq_rel": {
    "mean": 13.0463791758554,
    "std": 18.74089504313597,
    "median": 7.9059062004089355,
    "min": 0.0011762359645217657,
    "max": 308.7197570800781,
    "count": 2679
  },
  "depth.building.delta1": {
    "mean": 0.37810475075588407,
    "std": 0.22986617498531775,
    "median": 0.35096994042396545,
    "min": 0.0,
    "max": 1.0,
    "count": 2679
  },
  "depth.building.delta2": {
    "mean": 0.6221290268712253,
    "std": 0.25290924892792,
    "median": 0.6494126915931702,
    "min": 0.0,
    "max": 1.0,
    "count": 2679
  },
  "depth.building.delta3": {
    "mean": 0.7715764647942785,
    "std": 0.21921783239154835,
    "median": 0.8262807726860046,
    "min": 0.0,
    "max": 1.0,
    "count": 2679
  },
  "depth.building.rmse_log": {
    "mean": 0.5811913732519932,
    "std": 0.3046751396831551,
    "median": 0.5243027806282043,
    "min": 0.01598033495247364,
    "max": 2.9006423950195312,
    "count": 2679
  },
  "depth.building.si_log": {
    "mean": 0.4736669919082979,
    "std": 0.22696443260971963,
    "median": 0.45975974202156067,
    "min": 0.0035723168402910233,
    "max": 1.6276979446411133,
    "count": 2679
  },
  "normals.building.angular_mean": {
    "mean": 81.24065542986429,
    "std": 6.589218449815033,
    "median": 81.65640258789062,
    "min": 39.53554153442383,
    "max": 148.64395141601562,
    "count": 2679
  },
  "normals.building.angular_median": {
    "mean": 85.28065560263633,
    "std": 6.106642434182104,
    "median": 85.55912017822266,
    "min": 3.8422141075134277,
    "max": 171.2173614501953,
    "count": 2679
  },
  "normals.building.inlier_11_25": {
    "mean": 0.06759613635523934,
    "std": 0.054226952842373465,
    "median": 0.05287989228963852,
    "min": 0.0,
    "max": 0.5833333730697632,
    "count": 2679
  },
  "normals.building.inlier_22_5": {
    "mean": 0.13763063269020373,
    "std": 0.0622754527103746,
    "median": 0.125,
    "min": 0.0,
    "max": 0.5833333730697632,
    "count": 2679
  },
  "normals.building.inlier_30": {
    "mean": 0.17355994708744302,
    "std": 0.05980795489518127,
    "median": 0.1627136468887329,
    "min": 0.0,
    "max": 0.5833333730697632,
    "count": 2679
  },
  "planarity.building.residual_mean": {
    "mean": 0.376139482944035,
    "std": 0.20267747988569,
    "median": 0.3669545650482178,
    "min": 0.013028215616941452,
    "max": 4.603652477264404,
    "count": 2569
  },
  "planarity.building.residual_median": {
    "mean": 0.34951436364462796,