{
  "depth.full.mae": {
    "mean": 3.776405527025461,
    "std": 1.2644711500277501,
    "median": 3.835749387741089,
    "min": 0.5165659189224243,
    "max": 7.655192852020264,
    "count": 4000
  },
  "depth.full.rmse": {
    "mean": 6.7464431431442495,
    "std": 2.074472647937904,
    "median": 7.009411096572876,
    "min": 0.6756359934806824,
    "max": 13.327033042907715,
    "count": 4000
  },
  "depth.full.abs_rel": {
    "mean": 0.3034751858888194,
    "std": 0.18032903633492084,
    "median": 0.2433905377984047,
    "min": 0.050085555762052536,
    "max": 0.9944383502006531,
    "count": 4000
  },
  "depth.full.sq_rel": {
    "mean": 3.400207215156406,
    "std": 2.798760770571187,
    "median": 2.5921671390533447,
    "min": 0.06284114718437195,
    "max": 24.322025299072266,
    "count": 4000
  },
  "depth.full.delta1": {
    "mean": 0.6593527874089777,
    "std": 0.20012061211717638,
    "median": 0.7198759317398071,
    "min": 0.15799766778945923,
    "max": 0.9896593689918518,
    "count": 4000
  },
  "depth.full.delta2": {
    "mean": 0.8708505704849958,
    "std": 0.08938361329648276,
    "median": 0.8871520459651947,
    "min": 0.35737019777297974,
    "max": 0.9997583627700806,
    "count": 4000
  },
  "depth.full.delta3": {
    "mean": 0.9341513454169035,
    "std": 0.05277427051207625,
    "median": 0.9474002122879028,
    "min": 0.75175940990448,
    "max": 1.0,
    "count": 4000
  },
  "depth.full.rmse_log": {
    "mean": 0.34667045648023487,
    "std": 0.14044489259724455,
    "median": 0.3191579133272171,
    "min": 0.07122975587844849,
    "max": 0.7132630944252014,
    "count": 4000
  },
  "depth.full.si_log": {
    "mean": 0.3431284971013665,
    "std": 0.14103451144388068,
    "median": 0.31508083641529083,
    "min": 0.07121534645557404,
    "max": 0.7115728855133057,
    "count": 4000
  },
  "depth.building.mae": {
    "mean": 10.635210383119643,
    "std": 5.123815698600105,
    "median": 10.15112590789795,
    "min": 0.6058945655822754,
    "max": 36.647300720214844,
    "count": 2828
  },
  "depth.building.rmse": {
    "mean": 12.755179717293723,
    "std": 5.523377231986796,
    "median": 12.416711807250977,
    "min": 0.873319149017334,
    "max": 38.22846984863281,
    "count": 2828
  },
  "depth.building.abs_rel": {
    "mean": 1.0767061384513321,
    "std": 1.5409299992646557,
    "median": 0.6288380920886993,
    "min": 0.03506893664598465,
    "max": 22.90222930908203,
    "count": 2828
  },
  "depth.building.sq_rel": {
    "mean": 18.448505523484172,
    "std": 30.764531141631355,
    "median": 10.169453144073486,
    "min": 0.05518804490566254,
    "max": 426.9860534667969,
    "count": 2828
  },
  "depth.building.delta1": {
    "mean": 0.3479583267827421,
    "std": 0.2297715986439013,
    "median": 0.3226202577352524,
    "min": 0.0,
    "max": 1.0,
    "count": 2828
  },
  "depth.building.delta2": {
    "mean": 0.5735205329651318,
    "std": 0.2788495763607552,
    "median": 0.610479325056076,
    "min": 0.0,
    "max": 1.0,
    "count": 2828
  },
  "depth.building.delta3": {
    "mean": 0.7123234189977712,
    "std": 0.2672095501612395,
    "median": 0.7837935090065002,
    "min": 0.0,
    "max": 1.0,
    "count": 2828
  },
  "depth.building.rmse_log": {
    "mean": 0.6652901515106459,
    "std": 0.380665683920948,
    "median": 0.5908016860485077,
    "min": 0.03581251949071884,
    "max": 3.165229082107544,
    "count": 2828
  },
  "depth.building.si_log": {
    "mean": 0.4996362612229134,
    "std": 0.24365953613115868,
    "median": 0.4792959839105606,
    "min": 0.0005320921773090959,
    "max": 1.6163653135299683,
    "count": 2828
  },
  "depth.non_building.mae": {
    "mean": 3.5629252595230936,
    "std": 1.2745374505454856,
    "median": 3.5429028272628784,
    "min": 0.46866658329963684,
    "max": 7.655192852020264,
    "count": 4000
  },
  "depth.non_building.rmse": {
    "mean": 6.439212511822581,
    "std": 2.113734252150086,
    "median": 6.617771625518799,
    "min": 0.6342962384223938,
    "max": 12.4541654586792,
    "count": 4000
  },
  "depth.non_building.abs_rel": {
    "mean": 0.2840923305256292,
    "std": 0.16717279855658973,
    "median": 0.23024024814367294,
    "min": 0.050085555762052536,
    "max": 0.9730737209320068,
    "count": 4000
  },
  "depth.non_building.sq_rel": {
    "mean": 3.0422621150948106,
    "std": 2.6167330244135627,
    "median": 2.239422082901001,
    "min": 0.06284114718437195,
    "max": 19.46759796142578,
    "count": 4000
  },
  "depth.non_building.delta1": {
    "mean": 0.6689788930229843,
    "std": 0.20177100373492937,
    "median": 0.7329786121845245,
    "min": 0.16050750017166138,
    "max": 0.9896593689918518,
    "count": 4000
  },
  "depth.non_building.delta2": {
    "mean": 0.8802240569144487,
    "std": 0.08541371222958542,
    "median": 0.8965859413146973,
    "min": 0.3574358820915222,
    "max": 0.9997583627700806,
    "count": 4000
  },
  "depth.non_building.delta3": {
    "mean": 0.9407266871631146,
    "std": 0.04891649027033559,
    "median": 0.9536302983760834,
    "min": 0.7672159671783447,
    "max": 1.0,
    "count": 4000
  },
  "depth.non_building.rmse_log": {
    "mean": 0.33157364053092897,
    "std": 0.13459197272675133,
    "median": 0.30529095232486725,
    "min": 0.07122975587844849,
    "max": 0.7105702757835388,
    "count": 4000
  },
  "depth.non_building.si_log": {
    "mean": 0.32712495043314993,
    "std": 0.13491455922978046,
    "median": 0.30019547045230865,
    "min": 0.07121534645557404,
    "max": 0.7074573636054993,
    "count": 4000
  },
  "normals.full.angular_mean": {
    "mean": 92.59054682350158,
    "std": 1.7184909971639128,
    "median": 92.78999710083008,
    "min": 81.65640258789062,
    "max": 99.112060546875,
    "count": 4000
  },
  "normals.full.angular_median": {
    "mean": 87.12116061973572,
    "std": 1.0843545124937692,
    "median": 87.26496505737305,
    "min": 76.69561004638672,
    "max": 89.36982727050781,
    "count": 4000
  },
  "normals.full.inlier_11_25": {
    "mean": 0.04465526003262494,
    "std": 0.011569395530816276,
    "median": 0.04583442956209183,
    "min": 0.007261126767843962,
    "max": 0.07651034742593765,
    "count": 4000
  },
  "normals.full.inlier_22_5": {
    "mean": 0.09262098249513656,
    "std": 0.012210002684509471,
    "median": 0.09402880072593689,
    "min": 0.038173481822013855,
    "max": 0.13288837671279907,
    "count": 4000
  },
  "normals.full.inlier_30": {
    "mean": 0.11669192997924983,
    "std": 0.01052078821635769,
    "median": 0.11758790910243988,
    "min": 0.07085683941841125,
    "max": 0.16086527705192566,
    "count": 4000
  },
  "normals.building.angular_mean": {
    "mean": 81.17752247989768,
    "std": 6.633463186829328,
    "median": 81.09729766845703,
    "min": 42.81843566894531,
    "max": 150.98658752441406,
    "count": 2828
  },
  "normals.building.angular_median": {
    "mean": 84.69162254741539,
    "std": 6.924657892056563,
    "median": 84.93233871459961,
    "min": 5.1422038078308105,
    "max": 176.4705352783203,
    "count": 2828
  },
  "normals.building.inlier_11_25": {
    "mean": 0.053274219854204795,
    "std": 0.04221607528982028,
    "median": 0.04231460951268673,
    "min": 0.0,
    "max": 0.5,
    "count": 2828
  },
  "normals.building.inlier_22_5": {
    "mean": 0.1255538244196576,
    "std": 0.05648941273918235,
    "median": 0.11329635977745056,
    "min": 0.0,
    "max": 0.5,
    "count": 2828
  },
  "normals.building.inlier_30": {
    "mean": 0.16547506796907438,
    "std": 0.05671251935598753,
    "median": 0.15625718981027603,
    "min": 0.0,
    "max": 0.5,
    "count": 2828
  },
  "planarity.building.residual_mean": {
    "mean": 0.42721842382647196,
    "std": 0.4637499305440134,
    "median": 0.42312198877334595,
    "min": 0.022356374189257622,
    "max": 21.148265838623047,
    "count": 2705
  },
  "planarity.building.residual_median": {
    "mean": 0.38860941245366926,