{
  "depth.full.mae": {
    "mean": 3.627767903983593,
    "std": 1.2608504290013467,
    "median": 3.7266170978546143,
    "min": 0.527714729309082,
    "max": 7.9984450340271,
    "count": 4000
  },
  "depth.full.rmse": {
    "mean": 6.577968233257532,
    "std": 2.178925731984402,
    "median": 6.964549541473389,
    "min": 0.7097562551498413,
    "max": 13.217912673950195,
    "count": 4000
  },
  "depth.full.abs_rel": {
    "mean": 0.2740726240221411,
    "std": 0.1589687174271017,
    "median": 0.22442704439163208,
    "min": 0.05271551385521889,
    "max": 0.8964431881904602,
    "count": 4000
  },
  "depth.full.sq_rel": {
    "mean": 2.9261688833404333,
    "std": 2.3285169702352304,
    "median": 2.30278480052948,
    "min": 0.06541517376899719,
    "max": 21.765403747558594,
    "count": 4000
  },
  "depth.full.delta1": {
    "mean": 0.6836358632072806,
    "std": 0.1862629021829642,
    "median": 0.7316614091396332,
    "min": 0.1773269921541214,
    "max": 0.9900305867195129,
    "count": 4000
  },
  "depth.full.delta2": {
    "mean": 0.8807090853154659,
    "std": 0.07823458640147586,
    "median": 0.8939331471920013,
    "min": 0.5135393142700195,
    "max": 0.9999871850013733,
    "count": 4000
  },
  "depth.full.delta3": {
    "mean": 0.9401361155211926,
    "std": 0.048688044626448795,
    "median": 0.9521270990371704,
    "min": 0.7560250163078308,
    "max": 1.0,
    "count": 4000
  },
  "depth.full.rmse_log": {
    "mean": 0.3265366361606866,
    "std": 0.13037893943301088,
    "median": 0.3063999116420746,
    "min": 0.07670547068119049,
    "max": 0.704747200012207,
    "count": 4000
  },
  "depth.full.si_log": {
    "mean": 0.32315500212833287,
    "std": 0.13090436844529768,
    "median": 0.30269870162010193,
    "min": 0.07547817379236221,
    "max": 0.7033923864364624,
    "count": 4000
  },
  "depth.building.mae": {
    "mean": 9.95255210902307,
    "std": 5.400762054513991,
    "median": 9.080849647521973,
    "min": 0.00816965103149414,
    "max": 54.03021240234375,
    "count": 2777
  },
  "depth.building.rmse": {
    "mean": 12.12793096808229,
    "std": 5.929447011059565,
    "median": 11.55343246459961,
    "min": 0.00861792266368866,
    "max": 54.0419807434082,
    "count": 2777
  },
  "depth.building.abs_rel": {
    "mean": 0.8375956648190197,
    "std": 0.9996561894069634,
    "median": 0.5201528072357178,
    "min": 0.0012833692599087954,
    "max": 19.868244171142578,
    "count": 2777
  },
  "depth.building.sq_rel": {
    "mean": 13.060128693062458,
    "std": 17.990888661380925,
    "median": 8.138680458068848,
    "min": 1.1666841601254418e-05,
    "max": 267.178955078125,
    "count": 2777
  },
  "depth.building.delta1": {
    "mean": 0.3650980930633542,
    "std": 0.23957284494066872,
    "median": 0.33250850439071655,
    "min": 0.0,
    "max": 1.0,
    "count": 2777
  },
  "depth.building.delta2": {
    "mean": 0.6042150218128792,
    "std": 0.27363468726388784,
    "median": 0.640303373336792,
    "min": 0.0,
    "max": 1.0,
    "count": 2777
  },
  "depth.building.delta3": {
    "mean": 0.7525488474258069,
    "std": 0.24383562992915853,
    "median": 0.8235061168670654,
    "min": 0.0,
    "max": 1.0,
    "count": 2777
  },
  "depth.building.rmse_log": {
    "mean": 0.5993113788268601,
    "std": 0.3266846399034182,
    "median": 0.534826934337616,
    "min": 0.0013546192785724998,
    "max": 3.005373001098633,
    "count": 2777
  },
  "depth.building.si_log": {
    "mean": 0.4713494169202715,
    "std": 0.23893719325698884,
    "median": 0.45502644777297974,
    "min": 0.0,
    "max": 1.5730232000350952,
    "count": 2777
  },
  "depth.non_building.mae": {
    "mean": 3.4232507615834473,
    "std": 1.2688109426182381,
    "median": 3.4659749269485474,
    "min": 0.4143316149711609,
    "max": 7.9984450340271,
    "count": 4000
  },
  "depth.non_building.rmse": {
    "mean": 6.29204957409203,
    "std": 2.202399453345003,
    "median": 6.639298677444458,
    "min": 0.5453401803970337,
    "max": 13.217912673950195,
    "count": 4000
  },
  "depth.non_building.abs_rel": {
    "mean": 0.2579030230091885,
    "std": 0.14834456149301067,
    "median": 0.2151264026761055,
    "min": 0.05271551385521889,
    "max": 0.8756380081176758,
    "count": 4000
  },
  "depth.non_building.sq_rel": {
    "mean": 2.6467357630413026,
    "std": 2.193762044367545,
    "median": 2.0356156826019287,
    "min": 0.06270688772201538,
    "max": 16.828767776489258,
    "count": 4000
  },
  "depth.non_building.delta1": {
    "mean": 0.6954880458302796,
    "std": 0.18751529072879733,
    "median": 0.7465620338916779,
    "min": 0.17822977900505066,
    "max": 0.9900305867195129,
    "count": 4000
  },
  "depth.non_building.delta2": {
    "mean": 0.8899895471632481,
    "std": 0.07382104745223157,
    "median": 0.902897447347641,
    "min": 0.5199422836303711,
    "max": 0.9999871850013733,
    "count": 4000
  },
  "depth.non_building.delta3": {
    "mean": 0.9457868327647447,
    "std": 0.0449890037207711,
    "median": 0.957227349281311,
    "min": 0.7672920227050781,
    "max": 1.0,
    "count": 4000
  },
  "depth.non_building.rmse_log": {
    "mean": 0.312886194717139,
    "std": 0.1251347829801113,
    "median": 0.29494650661945343,
    "min": 0.07670547068119049,
    "max": 0.6947413086891174,
    "count": 4000
  },
  "depth.non_building.si_log": {
    "mean": 0.30873640631698074,
    "std": 0.12551107192556016,
    "median": 0.29091623425483704,
    "min": 0.07547817379236221,
    "max": 0.6926726698875427,
    "count": 4000
  },
  "normals.full.angular_mean": {
    "mean": 92.95755346870422,
    "std": 1.8365866334019292,
    "median": 93.21282577514648,
    "min": 82.01160430908203,
    "max": 99.30986022949219,
    "count": 4000
  },
  "normals.full.angular_median": {
    "mean": 87.00275505256653,
    "std": 1.1392116603821805,
    "median": 87.1387825012207,
    "min": 77.54151153564453,
    "max": 89.41677856445312,
    "count": 4000
  },
  "normals.full.inlier_11_25": {
    "mean": 0.043086455794866196,
    "std": 0.01184202500398561,
    "median": 0.044350627809762955,
    "min": 0.007701507303863764,
    "max": 0.0772894024848938,
    "count": 4000
  },
  "normals.full.inlier_22_5": {
    "mean": 0.09198343185801058,
    "std": 0.012659967048994669,
    "median": 0.0935049057006836,
    "min": 0.03650461137294769,
    "max": 0.13960134983062744,
    "count": 4000
  },
  "normals.full.inlier_30": {
    "mean": 0.11600086397118867,
    "std": 0.010821441872007459,
    "median": 0.1168033741414547,
    "min": 0.06780543178319931,
    "max": 0.1663992553949356,
    "count": 4000
  },
  "normals.building.angular_mean": {
    "mean": 81.09518047713271,
    "std": 6.927184657299729,
    "median": 81.40907287597656,
    "min": 48.18011474609375,
    "max": 173.5476531982422,
    "count": 2777
  },
  "normals.building.angular_median": {
    "mean": 85.0063930570886,
    "std": 6.335348113858497,
    "median": 85.123046875,
    "min": 5.424733638763428,
    "max": 169.7017059326172,
    "count": 2777
  },
  "normals.building.inlier_11_25": {
    "mean": 0.06126275229631485,
    "std": 0.051791634748803356,
    "median": 0.04617930203676224,
    "min": 0.0,
    "max": 0.5,
    "count": 2777
  },
  "normals.building.inlier_22_5": {
    "mean": 0.13267297430623284,
    "std": 0.062267204160739956,
    "median": 0.11815415322780609,
    "min": 0.0,
    "max": 0.5,
    "count": 2777
  },
  "normals.building.inlier_30": {
    "mean": 0.17065226521274576,
    "std": 0.06029061157743774,
    "median": 0.1591794639825821,
    "min": 0.0,
    "max": 0.5,
    "count": 2777
  },
  "planarity.building.residual_mean": {
    "mean": 0.3983602886222437,
    "std": 0.22678532541665802,
    "median": 0.39392055571079254,
    "min": 0.012124255299568176,
    "max": 4.944581508636475,
    "count": 2664
  },
  "planarity.building.residual_median": {
    "mean": 0.3712825600894073,
    "std": 0.22729437383266732,