{
  "depth.full.mae": {
    "mean": 5.349440093927085,
    "std": 1.6631056001787128,
    "median": 5.616227626800537,
    "min": 0.39753457903862,
    "max": 10.525572776794434,
    "count": 4000
  },
  "depth.full.rmse": {
    "mean": 9.9082158960402,
    "std": 3.2705020117062342,
    "median": 10.576067447662354,
    "min": 0.5084417462348938,
    "max": 18.734006881713867,
    "count": 4000
  },
  "depth.full.abs_rel": {
    "mean": 0.31469373929686845,
    "std": 0.15297524585531216,
    "median": 0.26453322172164917,
    "min": 0.06992559134960175,
    "max": 1.0760036706924438,
    "count": 4000
  },
  "depth.full.sq_rel": {
    "mean": 3.4595999534185977,
    "std": 1.7984312183934605,
    "median": 3.3508814573287964,
    "min": 0.05572739988565445,
    "max": 24.184349060058594,
    "count": 4000
  },
  "depth.full.delta1": {
    "mean": 0.5422516132388264,
    "std": 0.2036049987841122,
    "median": 0.6139801442623138,
    "min": 0.10969184339046478,
    "max": 0.9682593941688538,
    "count": 4000
  },
  "depth.full.delta2": {
    "mean": 0.7645242688283325,
    "std": 0.10820998301219674,
    "median": 0.7731833755970001,
    "min": 0.26175007224082947,
    "max": 1.0,
    "count": 4000
  },
  "depth.full.delta3": {
    "mean": 0.8597161988317966,
    "std": 0.0715642288700107,
    "median": 0.8612470924854279,
    "min": 0.5151376128196716,
    "max": 1.0,
    "count": 4000
  },
  "depth.full.rmse_log": {
    "mean": 0.45061383829638363,
    "std": 0.13178284950151728,
    "median": 0.4418143928050995,
    "min": 0.0999293103814125,
    "max": 0.8102743029594421,
    "count": 4000
  },
  "depth.full.si_log": {
    "mean": 0.4116442249212414,
    "std": 0.12758157222451816,
    "median": 0.40109843015670776,
    "min": 0.08773300051689148,
    "max": 0.7672268748283386,
    "count": 4000
  },
  "depth.building.mae": {
    "mean": 14.953115759842891,
    "std": 9.432369693516208,
    "median": 12.33821153640747,
    "min": 0.15252530574798584,
    "max": 56.476097106933594,
    "count": 2758
  },
  "depth.building.rmse": {
    "mean": 17.70924174257752,
    "std": 10.043130543369902,
    "median": 15.629598140716553,
    "min": 0.1992253214120865,
    "max": 56.48851013183594,
    "count": 2758
  },
  "depth.building.abs_rel": {
    "mean": 0.9986801935883916,
    "std": 1.7821234005411668,
    "median": 0.5909536182880402,
    "min": 0.011298099532723427,
    "max": 50.51520538330078,
    "count": 2758
  },
  "depth.building.sq_rel": {
    "mean": 15.903699202363583,
    "std": 29.489486879736923,
    "median": 11.091213703155518,
    "min": 0.0029328246600925922,
    "max": 940.6864013671875,
    "count": 2758
  },
  "depth.building.delta1": {
    "mean": 0.16368504338189901,
    "std": 0.17726339891890744,
    "median": 0.11417729035019875,
    "min": 0.0,
    "max": 1.0,
    "count": 2758
  },
  "depth.building.delta2": {
    "mean": 0.3372430782038504,
    "std": 0.26044298729629634,
    "median": 0.2932029068470001,
    "min": 0.0,
    "max": 1.0,
    "count": 2758
  },
  "depth.building.delta3": {
    "mean": 0.5084008092217369,
    "std": 0.28711605310374244,
    "median": 0.5038150250911713,
    "min": 0.0,
    "max": 1.0,
    "count": 2758
  },
  "depth.building.rmse_log": {
    "mean": 0.8232433517619514,
    "std": 0.347344279488456,
    "median": 0.8011568486690521,
    "min": 0.014813385903835297,
    "max": 3.918886661529541,
    "count": 2758
  },
  "depth.building.si_log": {
    "mean": 0.5414653253563223,
    "std": 0.2993875211361798,
    "median": 0.5118975639343262,
    "min": 0.0,
    "max": 1.7330480813980103,
    "count": 2757
  },
  "depth.non_building.mae": {
    "mean": 5.025545183636248,
    "std": 1.696504527788497,
    "median": 5.293636798858643,
    "min": 0.38321954011917114,
    "max": 10.525572776794434,
    "count": 4000
  },
  "depth.non_building.rmse": {
    "mean": 9.451714575976133,
    "std": 3.2877954883213367,
    "median": 10.19268798828125,
    "min": 0.5084417462348938,
    "max": 18.734006881713867,
    "count": 4000
  },
  "depth.non_building.abs_rel": {
    "mean": 0.29755370279029014,
    "std": 0.14279355888039433,
    "median": 0.2553424537181854,
    "min": 0.06547428667545319,
    "max": 0.9652578830718994,
    "count": 4000
  },
  "depth.non_building.sq_rel": {
    "mean": 3.1486253899615257,
    "std": 1.6989825858175847,
    "median": 3.0382802486419678,
    "min": 0.04732489585876465,
    "max": 21.014596939086914,
    "count": 4000
  },
  "depth.non_building.delta1": {
    "mean": 0.5565820116177201,
    "std": 0.209858259110851,
    "median": 0.627817302942276,
    "min": 0.11241630464792252,
    "max": 0.9714802503585815,
    "count": 4000
  },
  "depth.non_building.delta2": {
    "mean": 0.7809980290159583,
    "std": 0.10826583917505939,
    "median": 0.788660079240799,
    "min": 0.26137080788612366,
    "max": 1.0,
    "count": 4000
  },
  "depth.non_building.delta3": {
    "mean": 0.871797875970602,
    "std": 0.06970361707706017,
    "median": 0.8743855655193329,
    "min": 0.5151462554931641,
    "max": 1.0,
    "count": 4000
  },
  "depth.non_building.rmse_log": {
    "mean": 0.4318871533665806,
    "std": 0.13016574128149783,
    "median": 0.4257490187883377,
    "min": 0.09435464441776276,
    "max": 0.7876254916191101,
    "count": 4000
  },
  "depth.non_building.si_log": {
    "mean": 0.3926375694125891,
    "std": 0.12376935430267334,
    "median": 0.3853924721479416,
    "min": 0.08773300051689148,
    "max": 0.7357326745986938,
    "count": 4000
  },
  "normals.full.angular_mean": {
    "mean": 88.15472736167908,
    "std": 2.0768134274596566,
    "median": 88.32633590698242,
    "min": 75.37122344970703,
    "max": 98.36434173583984,
    "count": 4000
  },
  "normals.full.angular_median": {
    "mean": 86.5807545490265,
    "std": 1.134223121300801,
    "median": 86.67988586425781,
    "min": 69.19061279296875,
    "max": 89.12619018554688,
    "count": 4000
  },
  "normals.full.inlier_11_25": {
    "mean": 0.04939860688010231,
    "std": 0.009248213926942205,
    "median": 0.050286779180169106,
    "min": 0.00823972001671791,
    "max": 0.08354057371616364,
    "count": 4000
  },
  "normals.full.inlier_22_5": {
    "mean": 0.10976844907877967,
    "std": 0.012772331545591799,
    "median": 0.11135758087038994,
    "min": 0.022204509004950523,
    "max": 0.14413940906524658,
    "count": 4000
  },
  "normals.full.inlier_30": {
    "mean": 0.1340160823026672,
    "std": 0.012122895480592802,
    "median": 0.13551952689886093,
    "min": 0.042061060667037964,
    "max": 0.17141398787498474,
    "count": 4000
  },
  "normals.building.angular_mean": {
    "mean": 75.53394471846947,
    "std": 5.081282582541938,
    "median": 74.34872817993164,
    "min": 58.400611877441406,
    "max": 174.25221252441406,
    "count": 2758
  },
  "normals.building.angular_median": {
    "mean": 83.81132266312254,
    "std": 4.323187731808262,
    "median": 84.26951599121094,
    "min": 20.981786727905273,
    "max": 178.13511657714844,
    "count": 2758
  },
  "normals.building.inlier_11_25": {
    "mean": 0.049507790610401545,
    "std": 0.024049722282651842,
    "median": 0.04927142336964607,
    "min": 0.0,
    "max": 0.25,
    "count": 2758
  },
  "normals.building.inlier_22_5": {
    "mean": 0.13110844879289596,
    "std": 0.047950713624339586,
    "median": 0.13643385469913483,
    "min": 0.0,
    "max": 0.5,
    "count": 2758
  },
  "normals.building.inlier_30": {
    "mean": 0.16747213652907203,
    "std": 0.04771927642664405,
    "median": 0.17590437084436417,
    "min": 0.0,
    "max": 0.5,
    "count": 2758
  },
  "planarity.building.residual_mean": {
    "mean": 0.32994302425534955,
    "std": 0.32439434779400617,
    "median": 0.28364989161491394,
    "min": 0.01069530937820673,
    "max": 8.33153247833252,
    "count": 2622
  },
  "planarity.building.residual_median": {
    "mean": 0.2875214270667708,
    "std": 0.32176523553255715,
    "median": 0.24098438024520874,