{
  "depth.full.mae": {
    "mean": 3.6022021500766277,
    "std": 1.2005733035319277,
    "median": 3.6817219257354736,
    "min": 0.5744712948799133,
    "max": 8.062226295471191,
    "count": 4000
  },
  "depth.full.rmse": {
    "mean": 6.613426679104567,
    "std": 2.0591210641332283,
    "median": 6.939999341964722,
    "min": 0.7970385551452637,
    "max": 15.005762100219727,
    "count": 4000
  },
  "depth.full.abs_rel": {
    "mean": 0.2694429663224146,
    "std": 0.15333832528254723,
    "median": 0.21820573508739471,
    "min": 0.03637324273586273,
    "max": 0.8732615113258362,
    "count": 4000
  },
  "depth.full.sq_rel": {
    "mean": 3.021342940226197,
    "std": 2.4356054951792108,
    "median": 2.367681384086609,
    "min": 0.06674699485301971,
    "max": 24.177122116088867,
    "count": 4000
  },
  "depth.full.delta1": {
    "mean": 0.6923080323971808,
    "std": 0.18560287698256006,
    "median": 0.7463897466659546,
    "min": 0.19969701766967773,
    "max": 0.9878647923469543,
    "count": 4000
  },
  "depth.full.delta2": {
    "mean": 0.8849538100361825,
    "std": 0.07448812863787312,
    "median": 0.8977266848087311,
    "min": 0.49121713638305664,
    "max": 0.9992801547050476,
    "count": 4000
  },
  "depth.full.delta3": {
    "mean": 0.9423616139739752,
    "std": 0.045217293307988286,
    "median": 0.9529335498809814,
    "min": 0.7795339226722717,
    "max": 1.0,
    "count": 4000
  },
  "depth.full.rmse_log": {
    "mean": 0.3233020641300827,
    "std": 0.12598774042565683,
    "median": 0.29960936307907104,
    "min": 0.061316002160310745,
    "max": 0.679663360118866,
    "count": 4000
  },
  "depth.full.si_log": {
    "mean": 0.3203131578136236,
    "std": 0.1259314730471558,
    "median": 0.2963775247335434,
    "min": 0.06096738576889038,
    "max": 0.6794614791870117,
    "count": 4000
  },
  "depth.building.mae": {
    "mean": 10.07743471392207,
    "std": 5.308999702116338,
    "median": 9.599591255187988,
    "min": 0.6914682984352112,
    "max": 34.85841751098633,
    "count": 2747
  },
  "depth.building.rmse": {
    "mean": 12.396011870016737,
    "std": 5.920289988294283,
    "median": 12.242481231689453,
    "min": 0.7973968982696533,
    "max": 39.55852508544922,
    "count": 2747
  },
  "depth.building.abs_rel": {
    "mean": 0.8542836012747945,
    "std": 1.0637210410243803,
    "median": 0.5348072648048401,
    "min": 0.037476085126399994,
    "max": 17.225284576416016,
    "count": 2747
  },
  "depth.building.sq_rel": {
    "mean": 14.524428213780734,
    "std": 21.678652942819205,
    "median": 8.41274642944336,
    "min": 0.06442823261022568,
    "max": 264.76190185546875,
    "count": 2747
  },
  "depth.building.delta1": {
    "mean": 0.36970902918085313,
    "std": 0.2236021704747426,
    "median": 0.3458605706691742,
    "min": 0.0,
    "max": 1.0,
    "count": 2747
  },
  "depth.building.delta2": {
    "mean": 0.6120798258937442,
    "std": 0.2520304611117499,
    "median": 0.6375545859336853,
    "min": 0.0,
    "max": 1.0,
    "count": 2747
  },
  "depth.building.delta3": {
    "mean": 0.7561023920736488,
    "std": 0.2269783454341794,
    "median": 0.8110219836235046,
    "min": 0.0,
    "max": 1.0,
    "count": 2747
  },
  "depth.building.rmse_log": {
    "mean": 0.603471458120957,
    "std": 0.3229829479725628,
    "median": 0.5433962345123291,
    "min": 0.03877638280391693,
    "max": 2.8034801483154297,
    "count": 2747
  },
  "depth.building.si_log": {
    "mean": 0.4801873318727205,
    "std": 0.22904281479362465,
    "median": 0.46449780464172363,
    "min": 0.000244140625,
    "max": 1.6833231449127197,
    "count": 2747
  },
  "depth.non_building.mae": {
    "mean": 3.4353774353563784,
    "std": 1.2175147194607918,
    "median": 3.4793081283569336,
    "min": 0.3405172824859619,
    "max": 8.062226295471191,
    "count": 4000
  },
  "depth.non_building.rmse": {
    "mean": 6.364582005992532,
    "std": 2.104480337694161,
    "median": 6.6673407554626465,
    "min": 0.5319991707801819,
    "max": 15.005762100219727,
    "count": 4000
  },
  "depth.non_building.abs_rel": {
    "mean": 0.2566496482416987,
    "std": 0.14593177560854334,
    "median": 0.20908629149198532,
    "min": 0.03637324273586273,
    "max": 0.7711651921272278,
    "count": 4000
  },
  "depth.non_building.sq_rel": {
    "mean": 2.7785831517172044,
    "std": 2.3119711722755083,
    "median": 2.098007559776306,
    "min": 0.029503291472792625,
    "max": 15.860215187072754,
    "count": 4000
  },
  "depth.non_building.delta1": {
    "mean": 0.70169368987903,
    "std": 0.1876504071507329,
    "median": 0.7562211453914642,
    "min": 0.2005952149629593,
    "max": 0.996284008026123,
    "count": 4000
  },
  "depth.non_building.delta2": {
    "mean": 0.8922221580520272,
    "std": 0.07204087896483588,
    "median": 0.9051743745803833,
    "min": 0.49198898673057556,
    "max": 0.9999735355377197,
    "count": 4000
  },
  "depth.non_building.delta3": {
    "mean": 0.9467634500861168,
    "std": 0.04312321256037654,
    "median": 0.9578406512737274,
    "min": 0.7899031639099121,
    "max": 1.0,
    "count": 4000
  },
  "depth.non_building.rmse_log": {
    "mean": 0.31197749444190415,
    "std": 0.1232781584732762,
    "median": 0.2896524965763092,
    "min": 0.05692879110574722,
    "max": 0.6632073521614075,
    "count": 4000
  },
  "depth.non_building.si_log": {
    "mean": 0.30830476801283657,
    "std": 0.12322392532844094,
    "median": 0.2858205884695053,
    "min": 0.055296964943408966,
    "max": 0.6629028916358948,
    "count": 4000
  },
  "normals.full.angular_mean": {
    "mean": 93.62090948486328,
    "std": 1.859057933652653,
    "median": 93.84563827514648,
    "min": 82.20479583740234,
    "max": 100.33828735351562,
    "count": 4000
  },
  "normals.full.angular_median": {
    "mean": 87.11077374839783,
    "std": 0.9004303958893257,
    "median": 87.2170524597168,
    "min": 79.85681915283203,
    "max": 89.45164489746094,
    "count": 4000
  },
  "normals.full.inlier_11_25": {
    "mean": 0.047451218424830584,
    "std": 0.012183193346085999,
    "median": 0.04889642633497715,
    "min": 0.009973387233912945,
    "max": 0.0836324542760849,
    "count": 4000
  },
  "normals.full.inlier_22_5": {
    "mean": 0.09731816004123539,
    "std": 0.012027853541299241,
    "median": 0.09877469018101692,
    "min": 0.048288606107234955,
    "max": 0.14319083094596863,
    "count": 4000
  },
  "normals.full.inlier_30": {
    "mean": 0.11893414906412363,
    "std": 0.010384928191200026,
    "median": 0.11995114386081696,
    "min": 0.07703948020935059,
    "max": 0.16667914390563965,
    "count": 4000
  },
  "normals.building.angular_mean": {
    "mean": 81.0463056394218,
    "std": 6.911007251243912,
    "median": 81.1819076538086,
    "min": 36.92208480834961,
    "max": 132.09368896484375,
    "count": 2747
  },
  "normals.building.angular_median": {
    "mean": 85.23045896572506,
    "std": 6.31054911326561,
    "median": 85.8073959350586,
    "min": 5.931743621826172,
    "max": 102.85762023925781,
    "count": 2747
  },
  "normals.building.inlier_11_25": {
    "mean": 0.06903942769594541,
    "std": 0.05402618943604508,
    "median": 0.055047620087862015,
    "min": 0.0,
    "max": 0.5,
    "count": 2747
  },
  "normals.building.inlier_22_5": {
    "mean": 0.14033070265633824,
    "std": 0.06380563682920651,
    "median": 0.1279926896095276,
    "min": 0.0,
    "max": 0.75,
    "count": 2747
  },
  "normals.building.inlier_30": {
    "mean": 0.17605418256444305,
    "std": 0.06125058060929138,
    "median": 0.16621068120002747,
    "min": 0.0,
    "max": 0.75,
    "count": 2747
  },
  "planarity.building.residual_mean": {
    "mean": 0.36851931223878726,
    "std": 0.2128593573015788,
    "median": 0.35839906334877014,
    "min": 0.009457624517381191,
    "max": 4.3385539054870605,
    "count": 2599
  },
  "planarity.building.residual_median": {
    "mean": 0.3410866838367817,
    "std": 0.20920150698925186,