{
  "depth.full.mae": {
    "mean": 3.621852309495211,
    "std": 1.2130686752718425,
    "median": 3.718108296394348,
    "min": 0.6063951253890991,
    "max": 6.781521320343018,
    "count": 4000
  },
  "depth.full.rmse": {
    "mean": 6.624989054828882,
    "std": 2.0772768273320175,
    "median": 6.968841791152954,
    "min": 0.8043366074562073,
    "max": 13.396524429321289,
    "count": 4000
  },
  "depth.full.abs_rel": {
    "mean": 0.2763646636242047,
    "std": 0.1564581194965178,
    "median": 0.2315417155623436,
    "min": 0.03639959543943405,
    "max": 0.9911215305328369,
    "count": 4000
  },
  "depth.full.sq_rel": {
    "mean": 3.1168198936246334,
    "std": 2.5351884991098808,
    "median": 2.455259919166565,
    "min": 0.05994229018688202,
    "max": 24.876739501953125,
    "count": 4000
  },
  "depth.full.delta1": {
    "mean": 0.6839465207271278,
    "std": 0.18977903065424603,
    "median": 0.730735570192337,
    "min": 0.20646055042743683,
    "max": 0.9926334023475647,
    "count": 4000
  },
  "depth.full.delta2": {
    "mean": 0.8811546732485295,
    "std": 0.07616642531200643,
    "median": 0.8922445774078369,
    "min": 0.5550286769866943,
    "max": 0.9998654723167419,
    "count": 4000
  },
  "depth.full.delta3": {
    "mean": 0.9404245604425668,
    "std": 0.04594690962000177,
    "median": 0.9510279595851898,
    "min": 0.7721596956253052,
    "max": 1.0,
    "count": 4000
  },
  "depth.full.rmse_log": {
    "mean": 0.32833110211603345,
    "std": 0.12878611958906414,
    "median": 0.3103117048740387,
    "min": 0.061336949467659,
    "max": 0.6865643262863159,
    "count": 4000
  },
  "depth.full.si_log": {
    "mean": 0.32501627700123936,
    "std": 0.12890570604799256,
    "median": 0.30549491941928864,
    "min": 0.06061974912881851,
    "max": 0.6852888464927673,
    "count": 4000
  },
  "depth.building.mae": {
    "mean": 9.856298646976038,
    "std": 5.207974120090917,
    "median": 9.191461563110352,
    "min": 0.54986572265625,
    "max": 35.697410583496094,
    "count": 2716
  },
  "depth.building.rmse": {
    "mean": 12.196482692994671,
    "std": 5.805654271896331,
    "median": 11.740363121032715,
    "min": 0.5538643002510071,
    "max": 40.3723258972168,
    "count": 2716
  },
  "depth.building.abs_rel": {
    "mean": 0.8735311457795394,
    "std": 1.189304663789971,
    "median": 0.5434291064739227,
    "min": 0.026244280859827995,
    "max": 25.014211654663086,
    "count": 2716
  },
  "depth.building.sq_rel": {
    "mean": 15.299285294099906,
    "std": 26.472412964349598,
    "median": 8.157425880432129,
    "min": 0.032590631395578384,
    "max": 533.660888671875,
    "count": 2716
  },
  "depth.building.delta1": {
    "mean": 0.3744042384865473,
    "std": 0.21915488083635842,
    "median": 0.3413267433643341,
    "min": 0.0,
    "max": 1.0,
    "count": 2716
  },
  "depth.building.delta2": {
    "mean": 0.6270063513377613,
    "std": 0.24134582648038466,
    "median": 0.6478825509548187,
    "min": 0.0,
    "max": 1.0,
    "count": 2716
  },
  "depth.building.delta3": {
    "mean": 0.7694891353651458,
    "std": 0.21140573735774776,
    "median": 0.8156182765960693,
    "min": 0.0,
    "max": 1.0,
    "count": 2716
  },
  "depth.building.rmse_log": {
    "mean": 0.6053228159716273,
    "std": 0.3249288247523622,
    "median": 0.5446539521217346,
    "min": 0.027433030307292938,
    "max": 2.936479330062866,
    "count": 2716
  },
  "depth.building.si_log": {
    "mean": 0.493406371685415,
    "std": 0.2280523332382766,
    "median": 0.4810432642698288,
    "min": 0.0028313996735960245,
    "max": 1.6216195821762085,
    "count": 2716
  },
  "depth.non_building.mae": {
    "mean": 3.4335320224910975,
    "std": 1.2102222399578106,
    "median": 3.4813233613967896,
    "min": 0.5149901509284973,
    "max": 6.781521320343018,
    "count": 4000
  },
  "depth.non_building.rmse": {
    "mean": 6.356174921363592,
    "std": 2.089771525719315,
    "median": 6.661003589630127,
    "min": 0.6983798146247864,
    "max": 13.396524429321289,
    "count": 4000
  },
  "depth.non_building.abs_rel": {
    "mean": 0.26151273083407434,
    "std": 0.14610252019440473,
    "median": 0.22040793299674988,
    "min": 0.03639959543943405,
    "max": 0.9178391098976135,
    "count": 4000
  },
  "depth.non_building.sq_rel": {
    "mean": 2.83337392693758,
    "std": 2.3796882506211667,
    "median": 2.1433976888656616,
    "min": 0.05994229018688202,
    "max": 19.850122451782227,
    "count": 4000
  },
  "depth.non_building.delta1": {
    "mean": 0.694173429735005,
    "std": 0.1901933317197771,
    "median": 0.7450719475746155,
    "min": 0.20433206856250763,
    "max": 0.9926334023475647,
    "count": 4000
  },
  "depth.non_building.delta2": {
    "mean": 0.8897429440170527,
    "std": 0.07158520681717262,
    "median": 0.901314914226532,
    "min": 0.5598989725112915,
    "max": 0.9998654723167419,
    "count": 4000
  },
  "depth.non_building.delta3": {
    "mean": 0.945591999232769,
    "std": 0.04262782623401514,
    "median": 0.9555290043354034,
    "min": 0.7753162384033203,
    "max": 1.0,
    "count": 4000
  },
  "depth.non_building.rmse_log": {
    "mean": 0.3161397264469415,
    "std": 0.12358816587167114,
    "median": 0.2984752655029297,
    "min": 0.061336949467659,
    "max": 0.6739597916603088,
    "count": 4000
  },
  "depth.non_building.si_log": {
    "mean": 0.31192006955016405,
    "std": 0.12354102804070013,
    "median": 0.2933329790830612,
    "min": 0.06061986833810806,
    "max": 0.6717356443405151,
    "count": 4000
  },
  "normals.full.angular_mean": {
    "mean": 93.54887894630433,
    "std": 2.056793492928274,
    "median": 93.82255172729492,
    "min": 80.62638092041016,
    "max": 98.50558471679688,
    "count": 4000
  },
  "normals.full.angular_median": {
    "mean": 87.09594079017639,
    "std": 1.0360396076380936,
    "median": 87.22768783569336,
    "min": 76.28227233886719,
    "max": 89.46402740478516,
    "count": 4000
  },
  "normals.full.inlier_11_25": {
    "mean": 0.04747176430188119,
    "std": 0.012483560692419134,
    "median": 0.04856226220726967,
    "min": 0.0070509533397853374,
    "max": 0.09464012086391449,
    "count": 4000
  },
  "normals.full.inlier_22_5": {
    "mean": 0.09740675458498299,
    "std": 0.012127827709984699,
    "median": 0.09837875887751579,
    "min": 0.03600374609231949,
    "max": 0.14435936510562897,
    "count": 4000
  },
  "normals.full.inlier_30": {
    "mean": 0.1191284497026354,
    "std": 0.01047888510003065,
    "median": 0.11977336183190346,
    "min": 0.06685573607683182,
    "max": 0.16556327044963837,
    "count": 4000
  },
  "normals.building.angular_mean": {
    "mean": 81.52685108521901,
    "std": 6.676707766539988,
    "median": 81.6312141418457,
    "min": 31.375080108642578,
    "max": 148.77679443359375,
    "count": 2716
  },
  "normals.building.angular_median": {
    "mean": 85.48772031569165,
    "std": 6.483506087476378,
    "median": 85.77541732788086,
    "min": 5.399786472320557,
    "max": 171.46022033691406,
    "count": 2716
  },
  "normals.building.inlier_11_25": {
    "mean": 0.067484591874796,
    "std": 0.053577973678973885,
    "median": 0.05318557471036911,
    "min": 0.0,
    "max": 0.5,
    "count": 2716
  },
  "normals.building.inlier_22_5": {
    "mean": 0.13635343497664296,
    "std": 0.06142615180201114,
    "median": 0.12331007421016693,
    "min": 0.0,
    "max": 0.625,
    "count": 2716
  },
  "normals.building.inlier_30": {
    "mean": 0.1722251761530489,
    "std": 0.05888106283123604,
    "median": 0.1623464822769165,
    "min": 0.0,
    "max": 0.625,
    "count": 2716
  },
  "planarity.building.residual_mean": {
    "mean": 0.3901566953755551,
    "std": 0.4366978581205831,
    "median": 0.37629589438438416,
    "min": 0.008299211040139198,
    "max": 19.72410011291504,
    "count": 2599
  },
  "planarity.building.residual_median": {
    "mean": 0.3628925198514234,
    "std": 0.4457329837440702,