{
  "depth.full.mae": {
    "mean": 3.628284113690257,
    "std": 1.3074155905154896,
    "median": 3.754255771636963,
    "min": 0.5943664908409119,
    "max": 7.883720874786377,
    "count": 4000
  },
  "depth.full.rmse": {
    "mean": 6.564096706941724,
    "std": 2.262571966573515,
    "median": 6.95319390296936,
    "min": 0.7670258283615112,
    "max": 12.718010902404785,
    "count": 4000
  },
  "depth.full.abs_rel": {
    "mean": 0.2802502650665119,
    "std": 0.1654524601443906,
    "median": 0.23251506686210632,
    "min": 0.04957318678498268,
    "max": 0.932508111000061,
    "count": 4000
  },
  "depth.full.sq_rel": {
    "mean": 3.1749411427415906,
    "std": 2.7200658516866993,
    "median": 2.4593420028686523,
    "min": 0.06230834871530533,
    "max": 24.681354522705078,
    "count": 4000
  },
  "depth.full.delta1": {
    "mean": 0.6841322155557573,
    "std": 0.19140399378230372,
    "median": 0.7337216138839722,
    "min": 0.17300771176815033,
    "max": 0.9925790429115295,
    "count": 4000
  },
  "depth.full.delta2": {
    "mean": 0.8833316502422094,
    "std": 0.0794664214109073,
    "median": 0.8943267464637756,
    "min": 0.4304201006889343,
    "max": 0.9999871850013733,
    "count": 4000
  },
  "depth.full.delta3": {
    "mean": 0.9409800598025322,
    "std": 0.047850402671336154,
    "median": 0.9510955214500427,
    "min": 0.7673604488372803,
    "max": 1.0,
    "count": 4000
  },
  "depth.full.rmse_log": {
    "mean": 0.3271900480892509,
    "std": 0.13357906597481994,
    "median": 0.30819761753082275,
    "min": 0.07206038385629654,
    "max": 0.7119339108467102,
    "count": 4000
  },
  "depth.full.si_log": {
    "mean": 0.32376251340471207,
    "std": 0.13417938495478884,
    "median": 0.30392250418663025,
    "min": 0.07008524239063263,
    "max": 0.7111997604370117,
    "count": 4000
  },
  "depth.non_building.mae": {
    "mean": 3.429756884738803,
    "std": 1.3156141732104814,
    "median": 3.51313054561615,
    "min": 0.4447702467441559,
    "max": 7.883720874786377,
    "count": 4000
  },
  "depth.non_building.rmse": {
    "mean": 6.278047024309635,
    "std": 2.3022865260065517,
    "median": 6.61067795753479,
    "min": 0.6000268459320068,
    "max": 12.718010902404785,
    "count": 4000
  },
  "depth.non_building.abs_rel": {
    "mean": 0.2633827777635306,
    "std": 0.15491522533531882,
    "median": 0.21929602324962616,
    "min": 0.04957318678498268,
    "max": 0.8830886483192444,
    "count": 4000
  },
  "depth.non_building.sq_rel": {
    "mean": 2.8691154774688186,
    "std": 2.593213687436877,
    "median": 2.1681113243103027,
    "min": 0.06230834871530533,
    "max": 19.3868350982666,
    "count": 4000
  },
  "depth.non_building.delta1": {
    "mean": 0.6946502466835082,
    "std": 0.19257875961445153,
    "median": 0.7448867559432983,
    "min": 0.17366494238376617,
    "max": 0.9925790429115295,
    "count": 4000
  },
  "depth.non_building.delta2": {
    "mean": 0.8926866186261178,
    "std": 0.07438091754593061,
    "median": 0.9028119742870331,
    "min": 0.4306999146938324,
    "max": 0.9999871850013733,
    "count": 4000
  },
  "depth.non_building.delta3": {
    "mean": 0.9469089949727059,
    "std": 0.04371565125054644,
    "median": 0.9563656747341156,
    "min": 0.7807202935218811,
    "max": 1.0,
    "count": 4000
  },
  "depth.non_building.rmse_log": {
    "mean": 0.31316274510882797,
    "std": 0.12842448746934435,
    "median": 0.29642874002456665,
    "min": 0.07206038385629654,
    "max": 0.7004574537277222,
    "count": 4000
  },
  "depth.non_building.si_log": {
    "mean": 0.3088087370507419,
    "std": 0.12892878026091595,
    "median": 0.29152777791023254,
    "min": 0.07008524239063263,
    "max": 0.6990427374839783,
    "count": 4000
  },
  "normals.full.angular_mean": {
    "mean": 93.42672861862182,
    "std": 1.8228612717121682,
    "median": 93.6480484008789,
    "min": 81.33492279052734,
    "max": 99.92987060546875,
    "count": 4000
  },
  "normals.full.angular_median": {
    "mean": 87.14299301338195,
    "std": 0.9295122536870535,
    "median": 87.25356674194336,
    "min": 76.71854400634766,
    "max": 89.52794647216797,
    "count": 4000
  },
  "normals.full.inlier_11_25": {
    "mean": 0.044781834188150245,
    "std": 0.01198654655313223,
    "median": 0.04607745632529259,
    "min": 0.008419511839747429,
    "max": 0.07942137867212296,
    "count": 4000
  },
  "normals.full.inlier_22_5": {
    "mean": 0.09378881634771824,
    "std": 0.011905887512468178,
    "median": 0.09506984800100327,
    "min": 0.04660159349441528,
    "max": 0.13601139187812805,
    "count": 4000
  },
  "normals.full.inlier_30": {
    "mean": 0.11682076281122863,
    "std": 0.010082248771650294,
    "median": 0.11732037737965584,
    "min": 0.0776095986366272,
    "max": 0.16297738254070282,
    "count": 4000
  },
  "depth.building.mae": {
    "mean": 9.737200014682523,
    "std": 5.180785479416981,
    "median": 9.172406196594238,
    "min": 0.6138378381729126,
    "max": 53.241844177246094,
    "count": 2794
  },
  "depth.building.rmse": {
    "mean": 11.85932615657491,
    "std": 5.75208692237828,
    "median": 11.542835712432861,
    "min": 0.6360702514648438,
    "max": 53.259971618652344,
    "count": 2794
  },
  "depth.building.abs_rel": {
    "mean": 0.8547209480813382,
    "std": 0.9806655533361369,
    "median": 0.5477997064590454,
    "min": 0.0318482369184494,
    "max": 14.17786979675293,
    "count": 2794
  },
  "depth.building.sq_rel": {
    "mean": 13.856248397074785,
    "std": 19.57313917682897,
    "median": 8.55696439743042,
    "min": 0.05986722931265831,
    "max": 269.20318603515625,
    "count": 2794
  },
  "depth.building.delta1": {
    "mean": 0.3744996732662755,
    "std": 0.23931880159011015,
    "median": 0.34123754501342773,
    "min": 0.0,
    "max": 1.0,
    "count": 2794
  },
  "depth.building.delta2": {
    "mean": 0.6125490206552551,
    "std": 0.269292906793309,
    "median": 0.6331673264503479,
    "min": 0.0,
    "max": 1.0,
    "count": 2794
  },
  "depth.building.delta3": {
    "mean": 0.7542734137111602,
    "std": 0.23964732610227535,
    "median": 0.8156454265117645,
    "min": 0.0,
    "max": 1.0,
    "count": 2794
  },
  "depth.building.rmse_log": {
    "mean": 0.6002635998370055,
    "std": 0.3241189562981005,
    "median": 0.546025812625885,
    "min": 0.047865718603134155,
    "max": 2.7197980880737305,
    "count": 2794
  },
  "depth.building.si_log": {
    "mean": 0.46617879438387,
    "std": 0.23002176492316997,
    "median": 0.4573843330144882,
    "min": 0.0,
    "max": 1.343827724456787,
    "count": 2794
  },
  "normals.building.angular_mean": {
    "mean": 81.20868548241016,
    "std": 6.4354388133422775,
    "median": 81.48797225952148,
    "min": 29.798866271972656,
    "max": 124.73026275634766,
    "count": 2794
  },
  "normals.building.angular_median": {
    "mean": 84.96995849547936,
    "std": 6.313650506135162,
    "median": 85.30290222167969,
    "min": 3.738321304321289,
    "max": 103.85191345214844,
    "count": 2794
  },
  "normals.building.inlier_11_25": {
    "mean": 0.06195734082405344,
    "std": 0.051787306868931814,
    "median": 0.04915457405149937,
    "min": 0.0,
    "max": 0.5833333730697632,
    "count": 2794
  },
  "normals.building.inlier_22_5": {
    "mean": 0.13248359961448533,
    "std": 0.06115655695877455,
    "median": 0.11973287165164948,
    "min": 0.0,
    "max": 0.625,
    "count": 2794
  },
  "normals.building.inlier_30": {
    "mean": 0.17070181109677832,
    "std": 0.05945687197802608,
    "median": 0.16028838604688644,
    "min": 0.0,
    "max": 0.75,
    "count": 2794
  },
  "planarity.building.residual_mean": {
    "mean": 0.3976764698647796,
    "std": 0.2145935928181428,
    "median": 0.4061698019504547,
    "min": 0.015313743613660336,
    "max": 6.381490230560303,
    "count": 2664
  },
  "planarity.building.residual_median": {
    "mean": 0.37052305304381,
    "std": 0.20427222731347644,