{
  "depth.full.mae": {
    "mean": 3.517116047397256,
    "std": 1.259960226622297,
    "median": 3.6238536834716797,
    "min": 0.5368654131889343,
    "max": 8.216317176818848,
    "count": 4000
  },
  "depth.full.rmse": {
    "mean": 6.463028020754456,
    "std": 2.190486864072565,
    "median": 6.855022668838501,
    "min": 0.8157806992530823,
    "max": 13.3871488571167,
    "count": 4000
  },
  "depth.full.abs_rel": {
    "mean": 0.2585418954314664,
    "std": 0.1474105122424699,
    "median": 0.21632041037082672,
    "min": 0.042556293308734894,
    "max": 0.8324271440505981,
    "count": 4000
  },
  "depth.full.sq_rel": {
    "mean": 2.858872232377529,
    "std": 2.2749821250849718,
    "median": 2.279149889945984,
    "min": 0.047445472329854965,
    "max": 13.805253028869629,
    "count": 4000
  },
  "depth.full.delta1": {
    "mean": 0.7060244332440198,
    "std": 0.18048874733315082,
    "median": 0.7538692057132721,
    "min": 0.19180913269519806,
    "max": 0.9935599565505981,
    "count": 4000
  },
  "depth.full.delta2": {
    "mean": 0.8898079827874898,
    "std": 0.07226539408700325,
    "median": 0.9017353951931,
    "min": 0.5545737743377686,
    "max": 0.9997847080230713,
    "count": 4000
  },
  "depth.full.delta3": {
    "mean": 0.9453861150443554,
    "std": 0.043375190417978576,
    "median": 0.9549460113048553,
    "min": 0.7897101640701294,
    "max": 1.0,
    "count": 4000
  },
  "depth.full.rmse_log": {
    "mean": 0.31375035698525605,
    "std": 0.12391006427649438,
    "median": 0.29576051235198975,
    "min": 0.060321107506752014,
    "max": 0.6864007711410522,
    "count": 4000
  },
  "depth.full.si_log": {
    "mean": 0.3107007440505549,
    "std": 0.12398120602178318,
    "median": 0.29214417934417725,
    "min": 0.06031164154410362,
    "max": 0.6851542592048645,
    "count": 4000
  },
  "depth.non_building.mae": {
    "mean": 3.327801764436066,
    "std": 1.271593183496694,
    "median": 3.3788565397262573,
    "min": 0.41611769795417786,
    "max": 8.216317176818848,
    "count": 4000
  },
  "depth.non_building.rmse": {
    "mean": 6.188781221866607,
    "std": 2.217884325935344,
    "median": 6.557744741439819,
    "min": 0.5899836421012878,
    "max": 13.3871488571167,
    "count": 4000
  },
  "depth.non_building.abs_rel": {
    "mean": 0.24478299544379115,
    "std": 0.140325104829364,
    "median": 0.20505833625793457,
    "min": 0.042556293308734894,
    "max": 0.7880842685699463,
    "count": 4000
  },
  "depth.non_building.sq_rel": {
    "mean": 2.6005276834368707,
    "std": 2.183444064203316,
    "median": 2.0254799127578735,
    "min": 0.047445472329854965,
    "max": 13.805253028869629,
    "count": 4000
  },
  "depth.non_building.delta1": {
    "mean": 0.7171281573250889,
    "std": 0.18181672789741463,
    "median": 0.7649030387401581,
    "min": 0.19075311720371246,
    "max": 0.9935599565505981,
    "count": 4000
  },
  "depth.non_building.delta2": {
    "mean": 0.8975954606831074,
    "std": 0.06912695355129028,
    "median": 0.9089004993438721,
    "min": 0.5604237914085388,
    "max": 0.9998841285705566,
    "count": 4000
  },
  "depth.non_building.delta3": {
    "mean": 0.9499584483057261,
    "std": 0.040940529791193433,
    "median": 0.959653377532959,
    "min": 0.7897101640701294,
    "max": 1.0,
    "count": 4000
  },
  "depth.non_building.rmse_log": {
    "mean": 0.3015372234862298,
    "std": 0.12042926328167969,
    "median": 0.2851763963699341,
    "min": 0.060321107506752014,
    "max": 0.6743071675300598,
    "count": 4000
  },
  "depth.non_building.si_log": {
    "mean": 0.297665037500672,
    "std": 0.12038147413099272,
    "median": 0.28101080656051636,
    "min": 0.06031164154410362,
    "max": 0.6721780300140381,
    "count": 4000
  },
  "normals.full.angular_mean": {
    "mean": 93.38474658203126,
    "std": 2.0618146266610857,
    "median": 93.69569396972656,
    "min": 80.58153533935547,
    "max": 98.05635833740234,
    "count": 4000
  },
  "normals.full.angular_median": {
    "mean": 86.93763472938538,
    "std": 1.1396354570283187,
    "median": 87.12847137451172,
    "min": 76.07508087158203,
    "max": 89.06904602050781,
    "count": 4000
  },
  "normals.full.inlier_11_25": {
    "mean": 0.04625592990184668,
    "std": 0.012829452404633184,
    "median": 0.0476871058344841,
    "min": 0.006551538128405809,
    "max": 0.09310872852802277,
    "count": 4000
  },
  "normals.full.inlier_22_5": {
    "mean": 0.096308230843395,
    "std": 0.012852638820816031,
    "median": 0.09773628413677216,
    "min": 0.0355093851685524,
    "max": 0.1433698534965515,
    "count": 4000
  },
  "normals.full.inlier_30": {
    "mean": 0.11839982217177748,
    "std": 0.010781281421046084,
    "median": 0.11932677403092384,
    "min": 0.06679719686508179,
    "max": 0.16520138084888458,
    "count": 4000
  },
  "depth.building.mae": {
    "mean": 9.82788770610605,
    "std": 5.226479302952699,
    "median": 9.31201171875,
    "min": 0.2711963653564453,
    "max": 33.76557922363281,
    "count": 2811
  },
  "depth.building.rmse": {
    "mean": 12.041730696834394,
    "std": 5.7849595358651404,
    "median": 11.639785766601562,
    "min": 0.2790498733520508,
    "max": 35.817710876464844,
    "count": 2811
  },
  "depth.building.abs_rel": {
    "mean": 0.825503435688758,
    "std": 1.397050694266128,
    "median": 0.5141205787658691,
    "min": 0.007335615810006857,
    "max": 38.59084701538086,
    "count": 2811
  },
  "depth.building.sq_rel": {
    "mean": 13.866355656848542,
    "std": 27.298191892410465,
    "median": 7.9767069816589355,
    "min": 0.002105936175212264,
    "max": 682.20703125,
    "count": 2811
  },
  "depth.building.delta1": {
    "mean": 0.3833204278785686,
    "std": 0.23562541240614082,
    "median": 0.34829282760620117,
    "min": 0.0,
    "max": 1.0,
    "count": 2811
  },
  "depth.building.delta2": {
    "mean": 0.6282704166393948,
    "std": 0.2551280198891256,
    "median": 0.6512999534606934,
    "min": 0.0,
    "max": 1.0,
    "count": 2811
  },
  "depth.building.delta3": {
    "mean": 0.7754498493230008,
    "std": 0.2205634809687178,
    "median": 0.8286435604095459,
    "min": 0.0,
    "max": 1.0,
    "count": 2811
  },
  "depth.building.rmse_log": {
    "mean": 0.5780116781681492,
    "std": 0.3236518082218173,
    "median": 0.5268781185150146,
    "min": 0.007516079116612673,
    "max": 3.6073434352874756,
    "count": 2811
  },
  "depth.building.si_log": {
    "mean": 0.45419021442981306,
    "std": 0.22329913549603783,
    "median": 0.44062289595603943,
    "min": 0.0,
    "max": 1.6256980895996094,
    "count": 2811
  },
  "normals.building.angular_mean": {
    "mean": 81.21741008453206,
    "std": 6.93893573800634,
    "median": 81.64395141601562,
    "min": 45.260948181152344,
    "max": 174.49766540527344,
    "count": 2811
  },
  "normals.building.angular_median": {
    "mean": 85.04021229331751,
    "std": 6.708677059176729,
    "median": 85.46929168701172,
    "min": 2.1412830352783203,
    "max": 171.3636474609375,
    "count": 2811
  },
  "normals.building.inlier_11_25": {
    "mean": 0.06653828919116091,
    "std": 0.05530278986158529,
    "median": 0.05006587505340576,
    "min": 0.0,
    "max": 0.5,
    "count": 2811
  },
  "normals.building.inlier_22_5": {
    "mean": 0.13576661111380772,
    "std": 0.06451242929805613,
    "median": 0.12038984894752502,
    "min": 0.0,
    "max": 0.625,
    "count": 2811
  },
  "normals.building.inlier_30": {
    "mean": 0.17189380968018056,
    "std": 0.06123874959407996,
    "median": 0.15952597558498383,
    "min": 0.0,
    "max": 0.625,
    "count": 2811
  },
  "planarity.building.residual_mean": {
    "mean": 0.380820765136905,
    "std": 0.21951725909716316,
    "median": 0.37837982177734375,
    "min": 0.012839782051742077,
    "max": 4.652658939361572,
    "count": 2699
  },
  "planarity.building.residual_median": {
    "mean": 0.3541806829412112,
    "std": 0.20742459997016954,