{
  "depth.full.mae": {
    "mean": 3.6801032171994446,
    "std": 1.2161802552322554,
    "median": 3.781258702278137,
    "min": 0.6753361821174622,
    "max": 7.403839111328125,
    "count": 4000
  },
  "depth.full.rmse": {
    "mean": 6.711781153470278,
    "std": 2.0561118598325723,
    "median": 7.0309271812438965,
    "min": 0.8832971453666687,
    "max": 13.369534492492676,
    "count": 4000
  },
  "depth.full.abs_rel": {
    "mean": 0.2818913500895724,
    "std": 0.16198604565802688,
    "median": 0.23185472935438156,
    "min": 0.048416491597890854,
    "max": 0.8739036321640015,
    "count": 4000
  },
  "depth.full.sq_rel": {
    "mean": 3.217392404956743,
    "std": 2.4871212345848326,
    "median": 2.4927080869674683,
    "min": 0.08447737246751785,
    "max": 18.780248641967773,
    "count": 4000
  },
  "depth.full.delta1": {
    "mean": 0.6836099853701889,
    "std": 0.19001403803593778,
    "median": 0.7363549172878265,
    "min": 0.19475455582141876,
    "max": 0.9865835309028625,
    "count": 4000
  },
  "depth.full.delta2": {
    "mean": 0.879588260024786,
    "std": 0.07647983387151305,
    "median": 0.8924333155155182,
    "min": 0.609893798828125,
    "max": 0.999826192855835,
    "count": 4000
  },
  "depth.full.delta3": {
    "mean": 0.9390080394297838,
    "std": 0.04693812195475172,
    "median": 0.9498128890991211,
    "min": 0.7695465087890625,
    "max": 1.0,
    "count": 4000
  },
  "depth.full.rmse_log": {
    "mean": 0.3321177867874503,
    "std": 0.13099920720127328,
    "median": 0.3086623102426529,
    "min": 0.08600722998380661,
    "max": 0.699606716632843,
    "count": 4000
  },
  "depth.full.si_log": {
    "mean": 0.32922159084677693,
    "std": 0.1312195951600651,
    "median": 0.3057381212711334,
    "min": 0.08598332852125168,
    "max": 0.6994555592536926,
    "count": 4000
  },
  "depth.building.mae": {
    "mean": 9.866050335262083,
    "std": 5.178890036719508,
    "median": 9.346955299377441,
    "min": 0.591259241104126,
    "max": 34.39879608154297,
    "count": 2851
  },
  "depth.building.rmse": {
    "mean": 12.146153817340727,
    "std": 5.759830251017806,
    "median": 11.834264755249023,
    "min": 0.5937695503234863,
    "max": 39.04931640625,
    "count": 2851
  },
  "depth.building.abs_rel": {
    "mean": 0.8869819165919902,
    "std": 1.4080243505768828,
    "median": 0.5521531105041504,
    "min": 0.01620987430214882,
    "max": 38.526554107666016,
    "count": 2851
  },
  "depth.building.sq_rel": {
    "mean": 15.317544992718819,
    "std": 28.138489447091523,
    "median": 8.48466682434082,
    "min": 0.00982713233679533,
    "max": 684.6885375976562,
    "count": 2851
  },
  "depth.building.delta1": {
    "mean": 0.3825043957336322,
    "std": 0.23519628930186356,
    "median": 0.34876829385757446,
    "min": 0.0,
    "max": 1.0,
    "count": 2851
  },
  "depth.building.delta2": {
    "mean": 0.6193875916693713,
    "std": 0.25827684728211586,
    "median": 0.6432552933692932,
    "min": 0.0,
    "max": 1.0,
    "count": 2851
  },
  "depth.building.delta3": {
    "mean": 0.7602369914776885,
    "std": 0.2256133269028544,
    "median": 0.8083276748657227,
    "min": 0.0,
    "max": 1.0,
    "count": 2851
  },
  "depth.building.rmse_log": {
    "mean": 0.604551822129377,
    "std": 0.33396381833484773,
    "median": 0.5507508516311646,
    "min": 0.01617022231221199,
    "max": 3.6035447120666504,
    "count": 2851
  },
  "depth.building.si_log": {
    "mean": 0.47963280842543304,
    "std": 0.23138862817150854,
    "median": 0.4667213559150696,
    "min": 0.0,
    "max": 1.6836470365524292,
    "count": 2851
  },
  "depth.non_building.mae": {
    "mean": 3.4715746870785953,
    "std": 1.2205998647897918,
    "median": 3.4933388233184814,
    "min": 0.5629748702049255,
    "max": 7.403839111328125,
    "count": 4000
  },
  "depth.non_building.rmse": {
    "mean": 6.411735398083925,
    "std": 2.0792194765452963,
    "median": 6.6944403648376465,
    "min": 0.7696526050567627,
    "max": 13.369534492492676,
    "count": 4000
  },
  "depth.non_building.abs_rel": {
    "mean": 0.2651730132503435,
    "std": 0.15131697047967538,
    "median": 0.22087855637073517,
    "min": 0.048416491597890854,
    "max": 0.8251093626022339,
    "count": 4000
  },
  "depth.non_building.sq_rel": {
    "mean": 2.883243492078036,
    "std": 2.34073531330458,
    "median": 2.1887118816375732,
    "min": 0.07098516076803207,
    "max": 18.00248908996582,
    "count": 4000
  },
  "depth.non_building.delta1": {
    "mean": 0.6937403172254563,
    "std": 0.1914417914424682,
    "median": 0.7484041750431061,
    "min": 0.19564998149871826,
    "max": 0.9865835309028625,
    "count": 4000
  },
  "depth.non_building.delta2": {
    "mean": 0.8881330960392952,
    "std": 0.07221778021145822,
    "median": 0.9007178843021393,
    "min": 0.6158061027526855,
    "max": 0.999826192855835,
    "count": 4000
  },
  "depth.non_building.delta3": {
    "mean": 0.9445286129713059,
    "std": 0.04349901981297609,
    "median": 0.9554987251758575,
    "min": 0.7728923559188843,
    "max": 1.0,
    "count": 4000
  },
  "depth.non_building.rmse_log": {
    "mean": 0.3185702062230557,
    "std": 0.12594819558075196,
    "median": 0.2975597083568573,
    "min": 0.07905374467372894,
    "max": 0.6593490242958069,
    "count": 4000
  },
  "depth.non_building.si_log": {
    "mean": 0.3147939327079803,
    "std": 0.12604751845258627,
    "median": 0.2935911566019058,
    "min": 0.06382984668016434,
    "max": 0.6521364450454712,
    "count": 4000
  },
  "normals.full.angular_mean": {
    "mean": 93.60847012519837,
    "std": 1.8366170190033453,
    "median": 93.8666877746582,
    "min": 80.78661346435547,
    "max": 100.2889404296875,
    "count": 4000
  },
  "normals.full.angular_median": {
    "mean": 87.10693862533569,
    "std": 0.9199868578891947,
    "median": 87.21536636352539,
    "min": 78.0296401977539,
    "max": 89.42288970947266,
    "count": 4000
  },
  "normals.full.inlier_11_25": {
    "mean": 0.04725833252375014,
    "std": 0.012358208144411352,
    "median": 0.04819563031196594,
    "min": 0.007697705179452896,
    "max": 0.09323438256978989,
    "count": 4000
  },
  "normals.full.inlier_22_5": {
    "mean": 0.09709789075795561,
    "std": 0.012183383700787328,
    "median": 0.09817589446902275,
    "min": 0.04404181241989136,
    "max": 0.14362116158008575,
    "count": 4000
  },
  "normals.full.inlier_30": {
    "mean": 0.11886647177487612,
    "std": 0.010597138199064497,
    "median": 0.11925539746880531,
    "min": 0.0720396637916565,
    "max": 0.1660131961107254,
    "count": 4000
  },
  "normals.building.angular_mean": {
    "mean": 81.14890817891752,
    "std": 6.8986996216100644,
    "median": 81.54888153076172,
    "min": 31.935548782348633,
    "max": 128.9000244140625,
    "count": 2851
  },
  "normals.building.angular_median": {
    "mean": 85.17893632375663,
    "std": 6.584092438636939,
    "median": 85.54338073730469,
    "min": 4.295231819152832,
    "max": 111.64576721191406,
    "count": 2851
  },
  "normals.building.inlier_11_25": {
    "mean": 0.0700194028953253,
    "std": 0.05839175028629988,
    "median": 0.052945204079151154,
    "min": 0.0,
    "max": 0.5,
    "count": 2851
  },
  "normals.building.inlier_22_5": {
    "mean": 0.13932801885102422,
    "std": 0.06507879357930074,
    "median": 0.125,
    "min": 0.0,
    "max": 0.625,
    "count": 2851
  },
  "normals.building.inlier_30": {
    "mean": 0.17502348825514516,
    "std": 0.061682889440091745,
    "median": 0.16405530273914337,
    "min": 0.0,
    "max": 0.625,
    "count": 2851
  },
  "planarity.building.residual_mean": {
    "mean": 0.39018860516093046,
    "std": 0.19517823223042036,
    "median": 0.38833677768707275,
    "min": 0.008525969460606575,
    "max": 2.059760332107544,
    "count": 2712
  },
  "planarity.building.residual_median": {
    "mean": 0.3648218575395935,
    "std": 0.1936728036244697,