{
  "depth.full.mae": {
    "mean": 3.5902403052598237,
    "std": 1.2467376164662867,
    "median": 3.6584134101867676,
    "min": 0.5842308402061462,
    "max": 8.06970500946045,
    "count": 4000
  },
  "depth.full.rmse": {
    "mean": 6.575805055260658,
    "std": 2.142580586743971,
    "median": 6.896397829055786,
    "min": 0.7662516236305237,
    "max": 13.318022727966309,
    "count": 4000
  },
  "depth.full.abs_rel": {
    "mean": 0.2660050855576992,
    "std": 0.15039969411222348,
    "median": 0.22476866841316223,
    "min": 0.045976851135492325,
    "max": 0.8891521096229553,
    "count": 4000
  },
  "depth.full.sq_rel": {
    "mean": 2.970719465367496,
    "std": 2.3459035216176702,
    "median": 2.384778618812561,
    "min": 0.05551232770085335,
    "max": 17.764545440673828,
    "count": 4000
  },
  "depth.full.delta1": {
    "mean": 0.701195324473083,
    "std": 0.17429183219891972,
    "median": 0.7416394352912903,
    "min": 0.18090490996837616,
    "max": 0.9917396903038025,
    "count": 4000
  },
  "depth.full.delta2": {
    "mean": 0.8865157180726528,
    "std": 0.07323370529354366,
    "median": 0.8973989188671112,
    "min": 0.578774631023407,
    "max": 0.9999871850013733,
    "count": 4000
  },
  "depth.full.delta3": {
    "mean": 0.943116500839591,
    "std": 0.04513791981259465,
    "median": 0.9530641734600067,
    "min": 0.7442249059677124,
    "max": 1.0,
    "count": 4000
  },
  "depth.full.rmse_log": {
    "mean": 0.32033452711068094,
    "std": 0.125521415653545,
    "median": 0.3038337230682373,
    "min": 0.0644528865814209,
    "max": 0.7074400186538696,
    "count": 4000
  },
  "depth.full.si_log": {
    "mean": 0.3172299684137106,
    "std": 0.1256894749533066,
    "median": 0.3002317249774933,
    "min": 0.06426627188920975,
    "max": 0.7073857188224792,
    "count": 4000
  },
  "depth.non_building.mae": {
    "mean": 3.416650854408741,
    "std": 1.2610000399838062,
    "median": 3.4467811584472656,
    "min": 0.44064486026763916,
    "max": 8.06970500946045,
    "count": 4000
  },
  "depth.non_building.rmse": {
    "mean": 6.326583357289434,
    "std": 2.168359999493549,
    "median": 6.645986795425415,
    "min": 0.610942542552948,
    "max": 13.318022727966309,
    "count": 4000
  },
  "depth.non_building.abs_rel": {
    "mean": 0.2522707592761144,
    "std": 0.14179865351223872,
    "median": 0.21507348865270615,
    "min": 0.045976851135492325,
    "max": 0.8054696321487427,
    "count": 4000
  },
  "depth.non_building.sq_rel": {
    "mean": 2.716863221231848,
    "std": 2.232587842601419,
    "median": 2.152081847190857,
    "min": 0.05551232770085335,
    "max": 17.09250831604004,
    "count": 4000
  },
  "depth.non_building.delta1": {
    "mean": 0.711476900678128,
    "std": 0.1754694649692504,
    "median": 0.753797709941864,
    "min": 0.18229113519191742,
    "max": 0.9917396903038025,
    "count": 4000
  },
  "depth.non_building.delta2": {
    "mean": 0.8937531820982695,
    "std": 0.07016055679205876,
    "median": 0.9053184986114502,
    "min": 0.5875168442726135,
    "max": 0.9999871850013733,
    "count": 4000
  },
  "depth.non_building.delta3": {
    "mean": 0.947602222263813,
    "std": 0.04241277531632468,
    "median": 0.9575146734714508,
    "min": 0.7442249059677124,
    "max": 1.0,
    "count": 4000
  },
  "depth.non_building.rmse_log": {
    "mean": 0.3086147221699357,
    "std": 0.12171885944860904,
    "median": 0.2939106523990631,
    "min": 0.0644528865814209,
    "max": 0.6676743030548096,
    "count": 4000
  },
  "depth.non_building.si_log": {
    "mean": 0.3050344090927392,
    "std": 0.12180545552765548,
    "median": 0.2898372560739517,
    "min": 0.06426627188920975,
    "max": 0.6609447598457336,
    "count": 4000
  },
  "normals.full.angular_mean": {
    "mean": 93.40154235076905,
    "std": 1.9227675462041869,
    "median": 93.64431762695312,
    "min": 80.82530212402344,
    "max": 99.8992919921875,
    "count": 4000
  },
  "normals.full.angular_median": {
    "mean": 87.06174496269226,
    "std": 1.0524892401350148,
    "median": 87.19597625732422,
    "min": 75.85773468017578,
    "max": 90.0,
    "count": 4000
  },
  "normals.full.inlier_11_25": {
    "mean": 0.045170723843039016,
    "std": 0.011709086781811496,
    "median": 0.046844059601426125,
    "min": 0.007745584938675165,
    "max": 0.08153656870126724,
    "count": 4000
  },
  "normals.full.inlier_22_5": {
    "mean": 0.09485193704627454,
    "std": 0.012030302106358864,
    "median": 0.0964137576520443,
    "min": 0.03898420184850693,
    "max": 0.1406535655260086,
    "count": 4000
  },
  "normals.full.inlier_30": {
    "mean": 0.1178305858168751,
    "std": 0.010359388306880603,
    "median": 0.11854755878448486,
    "min": 0.0670490711927414,
    "max": 0.16599628329277039,
    "count": 4000
  },
  "depth.building.mae": {
    "mean": 10.222408634981221,
    "std": 5.463591431363854,
    "median": 9.629500389099121,
    "min": 0.8855212330818176,
    "max": 53.217742919921875,
    "count": 2718
  },
  "depth.building.rmse": {
    "mean": 12.38041182933615,
    "std": 6.041642772029435,
    "median": 12.030436038970947,
    "min": 1.1012239456176758,
    "max": 53.23358917236328,
    "count": 2718
  },
  "depth.building.abs_rel": {
    "mean": 0.9284210255242078,
    "std": 1.1707529634775995,
    "median": 0.5679403245449066,
    "min": 0.07392455637454987,
    "max": 17.818933486938477,
    "count": 2718
  },
  "depth.building.sq_rel": {
    "mean": 15.67611209825065,
    "std": 23.410962325612136,
    "median": 8.659302711486816,
    "min": 0.17583297193050385,
    "max": 301.1415100097656,
    "count": 2718
  },
  "depth.building.delta1": {
    "mean": 0.3570827496632272,
    "std": 0.23822384505617708,
    "median": 0.3275074362754822,
    "min": 0.0,
    "max": 1.0,
    "count": 2718
  },
  "depth.building.delta2": {
    "mean": 0.5914951475940897,
    "std": 0.2779595472218157,
    "median": 0.6247491538524628,
    "min": 0.0,
    "max": 1.0,
    "count": 2718
  },
  "depth.building.delta3": {
    "mean": 0.737201818302027,
    "std": 0.2535628727764942,
    "median": 0.8032421171665192,
    "min": 0.0,
    "max": 1.0,
    "count": 2718
  },
  "depth.building.rmse_log": {
    "mean": 0.6253199546684931,
    "std": 0.34742338944271356,
    "median": 0.5618687570095062,
    "min": 0.11319808661937714,
    "max": 2.884667158126831,
    "count": 2718
  },
  "depth.building.si_log": {
    "mean": 0.4758641160791354,
    "std": 0.23578245586892987,
    "median": 0.45280595123767853,
    "min": 0.0,
    "max": 1.6383475065231323,
    "count": 2718
  },
  "normals.building.angular_mean": {
    "mean": 81.14925538905848,
    "std": 6.7242043015921595,
    "median": 81.50378799438477,
    "min": 29.173450469970703,
    "max": 130.51748657226562,
    "count": 2718
  },
  "normals.building.angular_median": {
    "mean": 85.43032132430143,
    "std": 6.417638345456125,
    "median": 85.69554138183594,
    "min": 2.564603805541992,
    "max": 106.13038635253906,
    "count": 2718
  },
  "normals.building.inlier_11_25": {
    "mean": 0.06573431840871623,
    "std": 0.05282709611476276,
    "median": 0.051556602120399475,
    "min": 0.0,
    "max": 0.5,
    "count": 2718
  },
  "normals.building.inlier_22_5": {
    "mean": 0.13749011810608563,
    "std": 0.06355111782056064,
    "median": 0.12426876276731491,
    "min": 0.0,
    "max": 0.5,
    "count": 2718
  },
  "normals.building.inlier_30": {
    "mean": 0.17458563814977235,
    "std": 0.06175827906979892,
    "median": 0.16313689202070236,
    "min": 0.0,
    "max": 0.75,
    "count": 2718
  },
  "planarity.building.residual_mean": {
    "mean": 0.40111072230990474,
    "std": 0.46196020422642575,
    "median": 0.38578498363494873,
    "min": 0.013338613323867321,
    "max": 19.429611206054688,
    "count": 2586
  },
  "planarity.building.residual_median": {
    "mean": 0.3727649656442777,
    "std": 0.4656000834178793,
    "median": 0.3494817316532135,