{
  "depth.full.mae": {
    "mean": 3.620905901476741,
    "std": 1.206427205998071,
    "median": 3.7222903966903687,
    "min": 0.6052279472351074,
    "max": 9.211539268493652,
    "count": 4000
  },
  "depth.full.rmse": {
    "mean": 6.607388549059629,
    "std": 2.079070564259267,
    "median": 6.9174885749816895,
    "min": 0.9121868014335632,
    "max": 15.027911186218262,
    "count": 4000
  },
  "depth.full.abs_rel": {
    "mean": 0.27469229909963905,
    "std": 0.15711934745787118,
    "median": 0.2293803170323372,
    "min": 0.03631068021059036,
    "max": 0.8810763955116272,
    "count": 4000
  },
  "depth.full.sq_rel": {
    "mean": 3.078450425352901,
    "std": 2.494516184065309,
    "median": 2.392952084541321,
    "min": 0.0660155713558197,
    "max": 24.609703063964844,
    "count": 4000
  },
  "depth.full.delta1": {
    "mean": 0.6884910301454366,
    "std": 0.18338210993557708,
    "median": 0.7343436181545258,
    "min": 0.19573229551315308,
    "max": 0.9880607724189758,
    "count": 4000
  },
  "depth.full.delta2": {
    "mean": 0.8825400177836418,
    "std": 0.07428364841602478,
    "median": 0.8933957815170288,
    "min": 0.6456931233406067,
    "max": 0.9996572732925415,
    "count": 4000
  },
  "depth.full.delta3": {
    "mean": 0.9416052018851042,
    "std": 0.04547641017021659,
    "median": 0.9521112442016602,
    "min": 0.7803505063056946,
    "max": 1.0,
    "count": 4000
  },
  "depth.full.rmse_log": {
    "mean": 0.32689105041325095,
    "std": 0.1274572190906146,
    "median": 0.3071814179420471,
    "min": 0.06112825497984886,
    "max": 0.6987981796264648,
    "count": 4000
  },
  "depth.full.si_log": {
    "mean": 0.3232911324799061,
    "std": 0.12753680240140883,
    "median": 0.3039177656173706,
    "min": 0.06072867661714554,
    "max": 0.6985525488853455,
    "count": 4000
  },
  "depth.building.mae": {
    "mean": 9.642756774226683,
    "std": 5.364213844383337,
    "median": 9.036443710327148,
    "min": 0.46339520812034607,
    "max": 35.3482551574707,
    "count": 2812
  },
  "depth.building.rmse": {
    "mean": 11.87386184578939,
    "std": 6.00809021606469,
    "median": 11.518993854522705,
    "min": 0.5306465029716492,
    "max": 40.03109359741211,
    "count": 2812
  },
  "depth.building.abs_rel": {
    "mean": 0.8326626055626196,
    "std": 1.0435732979609897,
    "median": 0.5294977426528931,
    "min": 0.062126755714416504,
    "max": 11.659591674804688,
    "count": 2812
  },
  "depth.building.sq_rel": {
    "mean": 14.218154964706255,
    "std": 24.25824587373135,
    "median": 7.771103858947754,
    "min": 0.048555709421634674,
    "max": 335.03204345703125,
    "count": 2812
  },
  "depth.building.delta1": {
    "mean": 0.3761909397050359,
    "std": 0.2286339117274419,
    "median": 0.342849999666214,
    "min": 0.0,
    "max": 1.0,
    "count": 2812
  },
  "depth.building.delta2": {
    "mean": 0.6240536442659411,
    "std": 0.2547891764309405,
    "median": 0.6585792899131775,
    "min": 0.0,
    "max": 1.0,
    "count": 2812
  },
  "depth.building.delta3": {
    "mean": 0.770217306464831,
    "std": 0.2215879024314295,
    "median": 0.8305503129959106,
    "min": 0.0,
    "max": 1.0,
    "count": 2812
  },
  "depth.building.rmse_log": {
    "mean": 0.5916055771913035,
    "std": 0.32397923595730516,
    "median": 0.5295578241348267,
    "min": 0.06417856365442276,
    "max": 2.496833086013794,
    "count": 2812
  },
  "depth.building.si_log": {
    "mean": 0.4680336688729308,
    "std": 0.23134502415811664,
    "median": 0.4493083655834198,
    "min": 0.000244140625,
    "max": 1.5463628768920898,
    "count": 2812
  },
  "depth.non_building.mae": {
    "mean": 3.4378692722544075,
    "std": 1.215304217748263,
    "median": 3.469536781311035,
    "min": 0.41770878434181213,
    "max": 9.211539268493652,
    "count": 4000
  },
  "depth.non_building.rmse": {
    "mean": 6.343570135623216,
    "std": 2.1105154367839076,
    "median": 6.616840124130249,
    "min": 0.5978795886039734,
    "max": 15.027911186218262,
    "count": 4000
  },
  "depth.non_building.abs_rel": {
    "mean": 0.260019171028398,
    "std": 0.14708199064947217,
    "median": 0.2199021428823471,
    "min": 0.03631068021059036,
    "max": 0.8166095614433289,
    "count": 4000
  },
  "depth.non_building.sq_rel": {
    "mean": 2.7976262352932246,
    "std": 2.322286713770894,
    "median": 2.1182618141174316,
    "min": 0.06132180243730545,
    "max": 14.380157470703125,
    "count": 4000
  },
  "depth.non_building.delta1": {
    "mean": 0.6988827724717558,
    "std": 0.18509791503377873,
    "median": 0.7465689182281494,
    "min": 0.19657860696315765,
    "max": 0.9880604147911072,
    "count": 4000
  },
  "depth.non_building.delta2": {
    "mean": 0.8904954634606839,
    "std": 0.07099482653439754,
    "median": 0.900774210691452,
    "min": 0.6487720012664795,
    "max": 0.9999999403953552,
    "count": 4000
  },
  "depth.non_building.delta3": {
    "mean": 0.9464018938541412,
    "std": 0.042673202034898855,
    "median": 0.9570529162883759,
    "min": 0.7931952476501465,
    "max": 1.0,
    "count": 4000
  },
  "depth.non_building.rmse_log": {
    "mean": 0.3146051161168143,
    "std": 0.12333239629451312,
    "median": 0.29759831726551056,
    "min": 0.06112825497984886,
    "max": 0.6556403040885925,
    "count": 4000
  },
  "depth.non_building.si_log": {
    "mean": 0.31026678138412533,
    "std": 0.12334095620386104,
    "median": 0.2930813282728195,
    "min": 0.06072871387004852,
    "max": 0.6487517952919006,
    "count": 4000
  },
  "normals.full.angular_mean": {
    "mean": 93.56778888320923,
    "std": 1.978995727466581,
    "median": 93.81708145141602,
    "min": 80.6798324584961,
    "max": 100.3812484741211,
    "count": 4000
  },
  "normals.full.angular_median": {
    "mean": 87.06522853469849,
    "std": 1.024890695279153,
    "median": 87.20375442504883,
    "min": 77.9528579711914,
    "max": 89.7680435180664,
    "count": 4000
  },
  "normals.full.inlier_11_25": {
    "mean": 0.046825060802628285,
    "std": 0.01293926453186365,
    "median": 0.04874924384057522,
    "min": 0.007024668622761965,
    "max": 0.0887477770447731,
    "count": 4000
  },
  "normals.full.inlier_22_5": {
    "mean": 0.09649900875613093,
    "std": 0.01311621458070651,
    "median": 0.09827953949570656,
    "min": 0.03565899655222893,
    "max": 0.1428251564502716,
    "count": 4000
  },
  "normals.full.inlier_30": {
    "mean": 0.11827945782057941,
    "std": 0.011126835063407803,
    "median": 0.11947496607899666,
    "min": 0.06660205125808716,
    "max": 0.1657649427652359,
    "count": 4000
  },
  "normals.building.angular_mean": {
    "mean": 81.09937399515556,
    "std": 6.871956741691969,
    "median": 81.71390533447266,
    "min": 31.44408416748047,
    "max": 174.57620239257812,
    "count": 2812
  },
  "normals.building.angular_median": {
    "mean": 85.58158896183052,
    "std": 6.813278743580212,
    "median": 85.90301513671875,
    "min": 4.416900157928467,
    "max": 170.81300354003906,
    "count": 2812
  },
  "normals.building.inlier_11_25": {
    "mean": 0.07165135268231583,
    "std": 0.05957823348670908,
    "median": 0.0534274335950613,
    "min": 0.0,
    "max": 0.5,
    "count": 2812
  },
  "normals.building.inlier_22_5": {
    "mean": 0.1411689916369936,
    "std": 0.06774863575555058,
    "median": 0.12484166026115417,
    "min": 0.0,
    "max": 0.75,
    "count": 2812
  },
  "normals.building.inlier_30": {
    "mean": 0.17633225441914302,
    "std": 0.06411091173391259,
    "median": 0.16335681825876236,
    "min": 0.0,
    "max": 0.75,
    "count": 2812
  },
  "planarity.building.residual_mean": {
    "mean": 0.38092864184150527,
    "std": 0.25304542007957576,
    "median": 0.37652310729026794,
    "min": 0.008314698934555054,
    "max": 6.193612098693848,
    "count": 2679
  },
  "planarity.building.residual_median": {
    "mean": 0.35424498180097813,
    "std": 0.24056541181010146,