{
  "depth.full.mae": {
    "mean": 3.8524151270613074,
    "std": 1.2894243656023312,
    "median": 3.9133188724517822,
    "min": 0.463963121175766,
    "max": 8.418107986450195,
    "count": 4000
  },
  "depth.full.rmse": {
    "mean": 6.882727741762996,
    "std": 2.195880008959955,
    "median": 7.2392237186431885,
    "min": 0.568156361579895,
    "max": 15.531211853027344,
    "count": 4000
  },
  "depth.full.abs_rel": {
    "mean": 0.31073253793362526,
    "std": 0.18541972614680674,
    "median": 0.24831030517816544,
    "min": 0.06164668872952461,
    "max": 1.0228191614151,
    "count": 4000
  },
  "depth.full.sq_rel": {
    "mean": 3.5686780697358773,
    "std": 2.886650569811043,
    "median": 2.6950700283050537,
    "min": 0.05245337262749672,
    "max": 20.759374618530273,
    "count": 4000
  },
  "depth.full.delta1": {
    "mean": 0.6638287807032466,
    "std": 0.19401037106526695,
    "median": 0.7241237163543701,
    "min": 0.15328630805015564,
    "max": 0.9867481589317322,
    "count": 4000
  },
  "depth.full.delta2": {
    "mean": 0.8683690686449409,
    "std": 0.08837865132530615,
    "median": 0.8826387524604797,
    "min": 0.3643953800201416,
    "max": 1.0,
    "count": 4000
  },
  "depth.full.delta3": {
    "mean": 0.9321125266999006,
    "std": 0.0531007055894298,
    "median": 0.9438616335391998,
    "min": 0.6960221529006958,
    "max": 1.0,
    "count": 4000
  },
  "depth.full.rmse_log": {
    "mean": 0.3523481229227036,
    "std": 0.1423494661894941,
    "median": 0.32431112229824066,
    "min": 0.08395832777023315,
    "max": 0.7715135216712952,
    "count": 4000
  },
  "depth.full.si_log": {
    "mean": 0.3485051543172449,
    "std": 0.14344347910358277,
    "median": 0.32082362473011017,
    "min": 0.0784614309668541,
    "max": 0.7669384479522705,
    "count": 4000
  },
  "depth.building.mae": {
    "mean": 10.897938965162137,
    "std": 5.173416773730088,
    "median": 10.609195232391357,
    "min": 0.1370050460100174,
    "max": 36.987369537353516,
    "count": 2804
  },
  "depth.building.rmse": {
    "mean": 13.002106912614785,
    "std": 5.632533448985521,
    "median": 12.951097965240479,
    "min": 0.1645091474056244,
    "max": 39.91100311279297,
    "count": 2804
  },
  "depth.building.abs_rel": {
    "mean": 1.1095875941513216,
    "std": 2.0048978658434953,
    "median": 0.6138175427913666,
    "min": 0.020199794322252274,
    "max": 68.62252807617188,
    "count": 2804
  },
  "depth.building.sq_rel": {
    "mean": 19.324402117689033,
    "std": 47.84335203258244,
    "median": 10.147268295288086,
    "min": 0.004658728372305632,
    "max": 1836.318115234375,
    "count": 2804
  },
  "depth.building.delta1": {
    "mean": 0.33573730690763487,
    "std": 0.23116611330092368,
    "median": 0.29924237728118896,
    "min": 0.0,
    "max": 1.0,
    "count": 2804
  },
  "depth.building.delta2": {
    "mean": 0.5623024041378657,
    "std": 0.2853757205855057,
    "median": 0.5844762623310089,
    "min": 0.0,
    "max": 1.0,
    "count": 2804
  },
  "depth.building.delta3": {
    "mean": 0.7035963496859398,
    "std": 0.27650733821159906,
    "median": 0.7756029069423676,
    "min": 0.0,
    "max": 1.0,
    "count": 2804
  },
  "depth.building.rmse_log": {
    "mean": 0.6770256369178065,
    "std": 0.39347472238472425,
    "median": 0.596021294593811,
    "min": 0.024124016985297203,
    "max": 4.205182075500488,
    "count": 2804
  },
  "depth.building.si_log": {
    "mean": 0.5053970900739186,
    "std": 0.2653697431567619,
    "median": 0.4722511023283005,
    "min": 0.0,
    "max": 1.6665170192718506,
    "count": 2804
  },
  "depth.non_building.mae": {
    "mean": 3.6426282307356597,
    "std": 1.2905118445865322,
    "median": 3.6690850257873535,
    "min": 0.463963121175766,
    "max": 8.418107986450195,
    "count": 4000
  },
  "depth.non_building.rmse": {
    "mean": 6.587956876561045,
    "std": 2.2284886364340446,
    "median": 6.808399200439453,
    "min": 0.568156361579895,
    "max": 15.531211853027344,
    "count": 4000
  },
  "depth.non_building.abs_rel": {
    "mean": 0.2891583905788139,
    "std": 0.1676173290438799,
    "median": 0.23377001285552979,
    "min": 0.06164668872952461,
    "max": 0.9228363633155823,
    "count": 4000
  },
  "depth.non_building.sq_rel": {
    "mean": 3.1613403116343544,
    "std": 2.627265294363106,
    "median": 2.367466688156128,
    "min": 0.05245337262749672,
    "max": 17.213550567626953,
    "count": 4000
  },
  "depth.non_building.delta1": {
    "mean": 0.6727923144735396,
    "std": 0.19510729673493477,
    "median": 0.7362303733825684,
    "min": 0.15033741295337677,
    "max": 0.9867481589317322,
    "count": 4000
  },
  "depth.non_building.delta2": {
    "mean": 0.8776250651925802,
    "std": 0.08333422508274389,
    "median": 0.890913188457489,
    "min": 0.3697192370891571,
    "max": 1.0,
    "count": 4000
  },
  "depth.non_building.delta3": {
    "mean": 0.938839418798685,
    "std": 0.04839864177397047,
    "median": 0.9491274356842041,
    "min": 0.7057465314865112,
    "max": 1.0,
    "count": 4000
  },
  "depth.non_building.rmse_log": {
    "mean": 0.3368211394604296,
    "std": 0.13384337607320912,
    "median": 0.3126460462808609,
    "min": 0.08395832777023315,
    "max": 0.7615847587585449,
    "count": 4000
  },
  "depth.non_building.si_log": {
    "mean": 0.3320214200336486,
    "std": 0.13427309743613958,
    "median": 0.30773942172527313,
    "min": 0.0784614309668541,
    "max": 0.7556917667388916,
    "count": 4000
  },
  "normals.full.angular_mean": {
    "mean": 92.04661269760132,
    "std": 1.4853095309517124,
    "median": 92.25317001342773,
    "min": 81.81214904785156,
    "max": 96.26236724853516,
    "count": 4000
  },
  "normals.full.angular_median": {
    "mean": 87.00211618614196,
    "std": 0.9565025147592893,
    "median": 87.1334457397461,
    "min": 78.55427551269531,
    "max": 89.55978393554688,
    "count": 4000
  },
  "normals.full.inlier_11_25": {
    "mean": 0.044973585108993575,
    "std": 0.010546610032374133,
    "median": 0.04621906392276287,
    "min": 0.007831666618585587,
    "max": 0.07526149600744247,
    "count": 4000
  },
  "normals.full.inlier_22_5": {
    "mean": 0.09212445439491421,
    "std": 0.011489274410572275,
    "median": 0.0935906432569027,
    "min": 0.04193725809454918,
    "max": 0.13036105036735535,
    "count": 4000
  },
  "normals.full.inlier_30": {
    "mean": 0.11690906126797199,
    "std": 0.010290897761238559,
    "median": 0.11764227598905563,
    "min": 0.07319417595863342,
    "max": 0.15952323377132416,
    "count": 4000
  },
  "normals.building.angular_mean": {
    "mean": 81.17634152073663,
    "std": 7.012036782083037,
    "median": 80.97981643676758,
    "min": 40.07339859008789,
    "max": 174.11749267578125,
    "count": 2804
  },
  "normals.building.angular_median": {
    "mean": 84.30057238342079,
    "std": 7.044957228218889,
    "median": 84.63481140136719,
    "min": 6.25238037109375,
    "max": 170.2537841796875,
    "count": 2804
  },
  "normals.building.inlier_11_25": {
    "mean": 0.04778360579911066,
    "std": 0.04408893313844769,
    "median": 0.03646412491798401,
    "min": 0.0,
    "max": 0.5,
    "count": 2804
  },
  "normals.building.inlier_22_5": {
    "mean": 0.12072950655583839,
    "std": 0.05686014053884746,
    "median": 0.1092073954641819,
    "min": 0.0,
    "max": 0.5833333730697632,
    "count": 2804
  },
  "normals.building.inlier_30": {
    "mean": 0.1622436234213348,
    "std": 0.05744654529567824,
    "median": 0.15327788889408112,
    "min": 0.0,
    "max": 0.5833333730697632,
    "count": 2804
  },
  "planarity.building.residual_mean": {
    "mean": 0.4401930223294943,
    "std": 0.5244691036269035,
    "median": 0.4014855921268463,
    "min": 0.004753890912979841,
    "max": 21.405391693115234,
    "count": 2640
  },
  "planarity.building.residual_median": {
    "mean": 0.39383016939179716,
    "std": 0.5335889676542958,