{
  "depth.full.mae": {
    "mean": 3.57028918646276,
    "std": 1.249887767714238,
    "median": 3.681044816970825,
    "min": 0.6260098814964294,
    "max": 9.168807029724121,
    "count": 4000
  },
  "depth.full.rmse": {
    "mean": 6.535408066600561,
    "std": 2.157039079550133,
    "median": 6.90498161315918,
    "min": 0.8285233974456787,
    "max": 15.003786087036133,
    "count": 4000
  },
  "depth.full.abs_rel": {
    "mean": 0.27113272607140243,
    "std": 0.15753947680853372,
    "median": 0.22562648355960846,
    "min": 0.041467566043138504,
    "max": 0.8615690469741821,
    "count": 4000
  },
  "depth.full.sq_rel": {
    "mean": 2.984884769426659,
    "std": 2.369373127552524,
    "median": 2.378084659576416,
    "min": 0.08228939026594162,
    "max": 17.67827796936035,
    "count": 4000
  },
  "depth.full.delta1": {
    "mean": 0.6949070131331683,
    "std": 0.1852736334678156,
    "median": 0.7403797507286072,
    "min": 0.19852586090564728,
    "max": 0.983923614025116,
    "count": 4000
  },
  "depth.full.delta2": {
    "mean": 0.8827566341012716,
    "std": 0.07865439049422938,
    "median": 0.8944092988967896,
    "min": 0.4791792631149292,
    "max": 0.9996128082275391,
    "count": 4000
  },
  "depth.full.delta3": {
    "mean": 0.9410470345318317,
    "std": 0.047386905323464276,
    "median": 0.9515176713466644,
    "min": 0.7679019570350647,
    "max": 1.0,
    "count": 4000
  },
  "depth.full.rmse_log": {
    "mean": 0.3238698850572109,
    "std": 0.13064460918567383,
    "median": 0.304770365357399,
    "min": 0.06863495707511902,
    "max": 0.6656748652458191,
    "count": 4000
  },
  "depth.full.si_log": {
    "mean": 0.32059742384590206,
    "std": 0.13072562916467517,
    "median": 0.30094321072101593,
    "min": 0.06855601817369461,
    "max": 0.6632144451141357,
    "count": 4000
  },
  "depth.building.mae": {
    "mean": 9.469509722015,
    "std": 5.020110582522285,
    "median": 8.77064037322998,
    "min": 0.23217181861400604,
    "max": 36.20050048828125,
    "count": 2691
  },
  "depth.building.rmse": {
    "mean": 11.680288420240483,
    "std": 5.59281525286185,
    "median": 11.152647018432617,
    "min": 0.28896796703338623,
    "max": 39.655731201171875,
    "count": 2691
  },
  "depth.building.abs_rel": {
    "mean": 0.8106430333435801,
    "std": 1.1446580089851721,
    "median": 0.5274931192398071,
    "min": 0.06125783547759056,
    "max": 25.994583129882812,
    "count": 2691
  },
  "depth.building.sq_rel": {
    "mean": 13.075493784028163,
    "std": 22.639706525971324,
    "median": 7.547712802886963,
    "min": 0.02246578224003315,
    "max": 554.8289184570312,
    "count": 2691
  },
  "depth.building.delta1": {
    "mean": 0.3908535803431823,
    "std": 0.23803729222780126,
    "median": 0.35219255089759827,
    "min": 0.0,
    "max": 1.0,
    "count": 2691
  },
  "depth.building.delta2": {
    "mean": 0.6310963652853583,
    "std": 0.2600880037776085,
    "median": 0.6563648581504822,
    "min": 0.0,
    "max": 1.0,
    "count": 2691
  },
  "depth.building.delta3": {
    "mean": 0.7708120848284429,
    "std": 0.22517943120318296,
    "median": 0.8270516395568848,
    "min": 0.0,
    "max": 1.0,
    "count": 2691
  },
  "depth.building.rmse_log": {
    "mean": 0.5814560715237854,
    "std": 0.3195335018720616,
    "median": 0.5349676609039307,
    "min": 0.07168618589639664,
    "max": 2.982027530670166,
    "count": 2691
  },
  "depth.building.si_log": {
    "mean": 0.46602916827500895,
    "std": 0.22785227586097373,
    "median": 0.453788697719574,
    "min": 0.0007273178198374808,
    "max": 1.5010428428649902,
    "count": 2691
  },
  "depth.non_building.mae": {
    "mean": 3.3915649859607218,
    "std": 1.2700311775949575,
    "median": 3.4234087467193604,
    "min": 0.562210202217102,
    "max": 9.168807029724121,
    "count": 4000
  },
  "depth.non_building.rmse": {
    "mean": 6.282806702956557,
    "std": 2.2057083396984,
    "median": 6.638749599456787,
    "min": 0.8250467777252197,
    "max": 15.003786087036133,
    "count": 4000
  },
  "depth.non_building.abs_rel": {
    "mean": 0.2570312524028122,
    "std": 0.1493849832748726,
    "median": 0.21476641297340393,
    "min": 0.041467566043138504,
    "max": 0.765185534954071,
    "count": 4000
  },
  "depth.non_building.sq_rel": {
    "mean": 2.736824425406754,
    "std": 2.2833627491813178,
    "median": 2.1099029779434204,
    "min": 0.08192012459039688,
    "max": 16.838361740112305,
    "count": 4000
  },
  "depth.non_building.delta1": {
    "mean": 0.7054899470694364,
    "std": 0.18606414005101507,
    "median": 0.7512826323509216,
    "min": 0.18816356360912323,
    "max": 0.9845115542411804,
    "count": 4000
  },
  "depth.non_building.delta2": {
    "mean": 0.890960690073669,
    "std": 0.07486955293364485,
    "median": 0.9025218486785889,
    "min": 0.4799439013004303,
    "max": 0.9996079206466675,
    "count": 4000
  },
  "depth.non_building.delta3": {
    "mean": 0.9460344385504723,
    "std": 0.04450503976443437,
    "median": 0.9564101696014404,
    "min": 0.7714931964874268,
    "max": 1.0,
    "count": 4000
  },
  "depth.non_building.rmse_log": {
    "mean": 0.3116537461336702,
    "std": 0.12659979542061522,
    "median": 0.29419897496700287,
    "min": 0.06863495707511902,
    "max": 0.6626373529434204,
    "count": 4000
  },
  "depth.non_building.si_log": {
    "mean": 0.30772116157971324,
    "std": 0.12663043111048364,
    "median": 0.28966112434864044,
    "min": 0.06855601817369461,
    "max": 0.6625134348869324,
    "count": 4000
  },
  "normals.full.angular_mean": {
    "mean": 93.35318294906617,
    "std": 1.9294578427431612,
    "median": 93.60635375976562,
    "min": 81.42049407958984,
    "max": 100.11510467529297,
    "count": 4000
  },
  "normals.full.angular_median": {
    "mean": 86.99103359985351,
    "std": 0.98929210466412,
    "median": 87.08790588378906,
    "min": 78.21419525146484,
    "max": 89.36289978027344,
    "count": 4000
  },
  "normals.full.inlier_11_25": {
    "mean": 0.04634875805908814,
    "std": 0.012624226926735952,
    "median": 0.04780970513820648,
    "min": 0.008013472892343998,
    "max": 0.07787603884935379,
    "count": 4000
  },
  "normals.full.inlier_22_5": {
    "mean": 0.09633298037014902,
    "std": 0.012418259362686016,
    "median": 0.09797481819987297,
    "min": 0.04463031142950058,
    "max": 0.1301431506872177,
    "count": 4000
  },
  "normals.full.inlier_30": {
    "mean": 0.11850298837199807,
    "std": 0.01044393257625379,
    "median": 0.11951401457190514,
    "min": 0.07273850589990616,
    "max": 0.1519566774368286,
    "count": 4000
  },
  "normals.building.angular_mean": {
    "mean": 81.5009857767446,
    "std": 6.527039112633005,
    "median": 81.96671295166016,
    "min": 37.998905181884766,
    "max": 123.65486907958984,
    "count": 2691
  },
  "normals.building.angular_median": {
    "mean": 85.32799333482372,
    "std": 6.510845851802237,
    "median": 85.76740264892578,
    "min": 7.735099792480469,
    "max": 118.55085754394531,
    "count": 2691
  },
  "normals.building.inlier_11_25": {
    "mean": 0.0646800951541975,
    "std": 0.052759684650992976,
    "median": 0.049154847860336304,
    "min": 0.0,
    "max": 0.5,
    "count": 2691
  },
  "normals.building.inlier_22_5": {
    "mean": 0.1333229333315971,
    "std": 0.06229905669309284,
    "median": 0.11736304312944412,
    "min": 0.0,
    "max": 0.75,
    "count": 2691
  },
  "normals.building.inlier_30": {
    "mean": 0.17054951838721233,
    "std": 0.05965232883731825,
    "median": 0.15653154253959656,
    "min": 0.0,
    "max": 0.75,
    "count": 2691
  },
  "planarity.building.residual_mean": {
    "mean": 0.37974422511597133,
    "std": 0.18855761134177934,
    "median": 0.38903898000717163,
    "min": 0.008633116260170937,
    "max": 2.145907163619995,
    "count": 2567
  },
  "planarity.building.residual_median": {
    "mean": 0.3552464947190076,
    "std": 0.1875026498681263,