{
  "depth.full.mae": {
    "mean": 3.6109991018921135,
    "std": 1.267401537910189,
    "median": 3.6300978660583496,
    "min": 0.5794752836227417,
    "max": 6.983182907104492,
    "count": 4000
  },
  "depth.full.rmse": {
    "mean": 6.57057116445899,
    "std": 2.1577737093751677,
    "median": 6.894683361053467,
    "min": 0.7510203123092651,
    "max": 11.756361961364746,
    "count": 4000
  },
  "depth.full.abs_rel": {
    "mean": 0.2698890379918739,
    "std": 0.161018987767061,
    "median": 0.2173643708229065,
    "min": 0.05066253989934921,
    "max": 0.9999115467071533,
    "count": 4000
  },
  "depth.full.sq_rel": {
    "mean": 2.937490437483415,
    "std": 2.4434146312606737,
    "median": 2.2084535360336304,
    "min": 0.07758577167987823,
    "max": 19.250516891479492,
    "count": 4000
  },
  "depth.full.delta1": {
    "mean": 0.6910291612297297,
    "std": 0.18632214971338473,
    "median": 0.7397805452346802,
    "min": 0.17160017788410187,
    "max": 0.9861570596694946,
    "count": 4000
  },
  "depth.full.delta2": {
    "mean": 0.8847383297085762,
    "std": 0.0770276425105889,
    "median": 0.8978047072887421,
    "min": 0.5464915037155151,
    "max": 0.9999679327011108,
    "count": 4000
  },
  "depth.full.delta3": {
    "mean": 0.9429691073447466,
    "std": 0.04695595011730757,
    "median": 0.9558846950531006,
    "min": 0.7546270489692688,
    "max": 1.0,
    "count": 4000
  },
  "depth.full.rmse_log": {
    "mean": 0.32105001556500795,
    "std": 0.13068388323515157,
    "median": 0.2953200191259384,
    "min": 0.07523174583911896,
    "max": 0.6929027438163757,
    "count": 4000
  },
  "depth.full.si_log": {
    "mean": 0.31788923267275093,
    "std": 0.1310965094546753,
    "median": 0.2920067757368088,
    "min": 0.07206122577190399,
    "max": 0.6929007172584534,
    "count": 4000
  },
  "depth.building.mae": {
    "mean": 9.816739463310345,
    "std": 5.121518490567742,
    "median": 9.332077980041504,
    "min": 0.5123239755630493,
    "max": 37.60445022583008,
    "count": 2765
  },
  "depth.building.rmse": {
    "mean": 11.979053184330787,
    "std": 5.6143067180383275,
    "median": 11.798627853393555,
    "min": 0.5342506766319275,
    "max": 39.884178161621094,
    "count": 2765
  },
  "depth.building.abs_rel": {
    "mean": 0.8619845448267287,
    "std": 1.453613642186565,
    "median": 0.4972900152206421,
    "min": 0.022230278700590134,
    "max": 48.029014587402344,
    "count": 2765
  },
  "depth.building.sq_rel": {
    "mean": 13.980235091450659,
    "std": 28.038356946520736,
    "median": 7.560458183288574,
    "min": 0.01838436722755432,
    "max": 942.9845581054688,
    "count": 2765
  },
  "depth.building.delta1": {
    "mean": 0.378957581422738,
    "std": 0.23914093106926584,
    "median": 0.34175655245780945,
    "min": 0.0,
    "max": 1.0,
    "count": 2765
  },
  "depth.building.delta2": {
    "mean": 0.621956648806297,
    "std": 0.2613085487885341,
    "median": 0.6471215486526489,
    "min": 0.0,
    "max": 1.0,
    "count": 2765
  },
  "depth.building.delta3": {
    "mean": 0.7667447337196975,
    "std": 0.23060261269968832,
    "median": 0.8335135579109192,
    "min": 0.0,
    "max": 1.0,
    "count": 2765
  },
  "depth.building.rmse_log": {
    "mean": 0.5922603186132356,
    "std": 0.3368322083334118,
    "median": 0.5223020911216736,
    "min": 0.022558145225048065,
    "max": 3.8468832969665527,
    "count": 2765
  },
  "depth.building.si_log": {
    "mean": 0.47293616768451,
    "std": 0.2360810931162307,
    "median": 0.4508068263530731,
    "min": 0.0018413097131997347,
    "max": 1.6420828104019165,
    "count": 2765
  },
  "depth.non_building.mae": {
    "mean": 3.437054098561406,
    "std": 1.2710235772975027,
    "median": 3.427954316139221,
    "min": 0.40789923071861267,
    "max": 6.970685958862305,
    "count": 4000
  },
  "depth.non_building.rmse": {
    "mean": 6.3283819959163665,
    "std": 2.187291226717198,
    "median": 6.650803804397583,
    "min": 0.5433465242385864,
    "max": 11.756361961364746,
    "count": 4000
  },
  "depth.non_building.abs_rel": {
    "mean": 0.2543655370399356,
    "std": 0.1481602687591302,
    "median": 0.2099023163318634,
    "min": 0.05066253989934921,
    "max": 0.9112518429756165,
    "count": 4000
  },
  "depth.non_building.sq_rel": {
    "mean": 2.666293562201783,
    "std": 2.2866401505864267,
    "median": 2.003060817718506,
    "min": 0.06509378552436829,
    "max": 17.818838119506836,
    "count": 4000
  },
  "depth.non_building.delta1": {
    "mean": 0.7010658736564219,
    "std": 0.18718455223177244,
    "median": 0.749732106924057,
    "min": 0.17228879034519196,
    "max": 0.9861570596694946,
    "count": 4000
  },
  "depth.non_building.delta2": {
    "mean": 0.8928615319281816,
    "std": 0.07194952295040362,
    "median": 0.9048735797405243,
    "min": 0.5466254949569702,
    "max": 0.9999735355377197,
    "count": 4000
  },
  "depth.non_building.delta3": {
    "mean": 0.9480662665665149,
    "std": 0.04285387414473364,
    "median": 0.9598469436168671,
    "min": 0.7601017355918884,
    "max": 1.0,
    "count": 4000
  },
  "depth.non_building.rmse_log": {
    "mean": 0.30846310468390586,
    "std": 0.12446196337066324,
    "median": 0.28732679784297943,
    "min": 0.07523174583911896,
    "max": 0.6702205538749695,
    "count": 4000
  },
  "depth.non_building.si_log": {
    "mean": 0.30448522319085897,
    "std": 0.1246061338276189,
    "median": 0.2830975651741028,
    "min": 0.07206122577190399,
    "max": 0.6650791168212891,
    "count": 4000
  },
  "normals.full.angular_mean": {
    "mean": 93.3435153503418,
    "std": 1.8139855951678856,
    "median": 93.6112174987793,
    "min": 82.2539291381836,
    "max": 99.70471954345703,
    "count": 4000
  },
  "normals.full.angular_median": {
    "mean": 87.02667607307434,
    "std": 0.9901930817155886,
    "median": 87.12057495117188,
    "min": 79.088134765625,
    "max": 89.60026550292969,
    "count": 4000
  },
  "normals.full.inlier_11_25": {
    "mean": 0.04446723572257906,
    "std": 0.011904807033394213,
    "median": 0.04603402875363827,
    "min": 0.008222228847444057,
    "max": 0.07974201440811157,
    "count": 4000
  },
  "normals.full.inlier_22_5": {
    "mean": 0.09345954141672701,
    "std": 0.011847208897621737,
    "median": 0.09498865529894829,
    "min": 0.04553793743252754,
    "max": 0.13195472955703735,
    "count": 4000
  },
  "normals.full.inlier_30": {
    "mean": 0.11655565158091485,
    "std": 0.010052347835071128,
    "median": 0.11743330210447311,
    "min": 0.07483028620481491,
    "max": 0.15430708229541779,
    "count": 4000
  },
  "normals.building.angular_mean": {
    "mean": 81.1773321320739,
    "std": 6.686084419712681,
    "median": 81.31623077392578,
    "min": 40.0532112121582,
    "max": 146.37973022460938,
    "count": 2765
  },
  "normals.building.angular_median": {
    "mean": 85.02212601466809,
    "std": 6.106255809393294,
    "median": 85.14834594726562,
    "min": 2.203714370727539,
    "max": 163.64056396484375,
    "count": 2765
  },
  "normals.building.inlier_11_25": {
    "mean": 0.06260615936514145,
    "std": 0.050301583991816626,
    "median": 0.04906776547431946,
    "min": 0.0,
    "max": 0.5833333730697632,
    "count": 2765
  },
  "normals.building.inlier_22_5": {
    "mean": 0.13480844370781647,
    "std": 0.06156241249303252,
    "median": 0.12003084272146225,
    "min": 0.0,
    "max": 0.5833333730697632,
    "count": 2765
  },
  "normals.building.inlier_30": {
    "mean": 0.17226868196850337,
    "std": 0.058708367866368454,
    "median": 0.1608809232711792,
    "min": 0.0,
    "max": 0.5833333730697632,
    "count": 2765
  },
  "planarity.building.residual_mean": {
    "mean": 0.3799773317116688,
    "std": 0.17999897164655101,
    "median": 0.3759846091270447,
    "min": 0.01340408343821764,
    "max": 2.372821092605591,
    "count": 2661
  },