{
  "depth.full.mae": {
    "mean": 3.52978443826735,
    "std": 1.2630822427222668,
    "median": 3.6573280096054077,
    "min": 0.5722137689590454,
    "max": 7.79941987991333,
    "count": 4000
  },
  "depth.full.rmse": {
    "mean": 6.447274714753032,
    "std": 2.205954876031813,
    "median": 6.904858827590942,
    "min": 0.7740328311920166,
    "max": 14.512574195861816,
    "count": 4000
  },
  "depth.full.abs_rel": {
    "mean": 0.2735053645884618,
    "std": 0.15912216086193764,
    "median": 0.22606023401021957,
    "min": 0.03827996924519539,
    "max": 0.9169359803199768,
    "count": 4000
  },
  "depth.full.sq_rel": {
    "mean": 3.0805441912477836,
    "std": 2.5582119914764516,
    "median": 2.4264063835144043,
    "min": 0.06023504585027695,
    "max": 25.21797752380371,
    "count": 4000
  },
  "depth.full.delta1": {
    "mean": 0.6954680312424898,
    "std": 0.1861093013802251,
    "median": 0.7456597089767456,
    "min": 0.1957535594701767,
    "max": 0.9929119944572449,
    "count": 4000
  },
  "depth.full.delta2": {
    "mean": 0.8850403459593653,
    "std": 0.0770283052370436,
    "median": 0.897711306810379,
    "min": 0.45376497507095337,
    "max": 0.9997712969779968,
    "count": 4000
  },
  "depth.full.delta3": {
    "mean": 0.941824329584837,
    "std": 0.046796870445912846,
    "median": 0.9529849886894226,
    "min": 0.7450070381164551,
    "max": 1.0,
    "count": 4000
  },
  "depth.full.rmse_log": {
    "mean": 0.3241879188083112,
    "std": 0.12999534712083338,
    "median": 0.3045170456171036,
    "min": 0.06450119614601135,
    "max": 0.6738582253456116,
    "count": 4000
  },
  "depth.full.si_log": {
    "mean": 0.3208806267995387,
    "std": 0.1303491868442556,
    "median": 0.3011189103126526,
    "min": 0.06414414942264557,
    "max": 0.6698991656303406,
    "count": 4000
  },
  "depth.non_building.mae": {
    "mean": 3.3343687071725725,
    "std": 1.2707982711854182,
    "median": 3.4017882347106934,
    "min": 0.4348161220550537,
    "max": 7.79941987991333,
    "count": 4000
  },
  "depth.non_building.rmse": {
    "mean": 6.160037280529737,
    "std": 2.233626657016212,
    "median": 6.563819885253906,
    "min": 0.5949629545211792,
    "max": 14.512574195861816,
    "count": 4000
  },
  "depth.non_building.abs_rel": {
    "mean": 0.25692297180835155,
    "std": 0.1484774916675414,
    "median": 0.21496810019016266,
    "min": 0.03827981650829315,
    "max": 0.825836181640625,
    "count": 4000
  },
  "depth.non_building.sq_rel": {
    "mean": 2.7586354482518507,
    "std": 2.3824241063964635,
    "median": 2.1340394020080566,
    "min": 0.06023504585027695,
    "max": 18.870410919189453,
    "count": 4000
  },
  "depth.non_building.delta1": {
    "mean": 0.706128574796021,
    "std": 0.18752824468197796,
    "median": 0.7569045126438141,
    "min": 0.194578617811203,
    "max": 0.9929119944572449,
    "count": 4000
  },
  "depth.non_building.delta2": {
    "mean": 0.8934185654222965,
    "std": 0.07326294921399196,
    "median": 0.9054465293884277,
    "min": 0.45397841930389404,
    "max": 0.9998696446418762,
    "count": 4000
  },
  "depth.non_building.delta3": {
    "mean": 0.9472032220363616,
    "std": 0.04344191311757515,
    "median": 0.9574547111988068,
    "min": 0.7450070381164551,
    "max": 1.0,
    "count": 4000
  },
  "depth.non_building.rmse_log": {
    "mean": 0.3104669979978353,
    "std": 0.1254053149086128,
    "median": 0.29358920454978943,
    "min": 0.06450163573026657,
    "max": 0.6692679524421692,
    "count": 4000
  },
  "depth.non_building.si_log": {
    "mean": 0.30642880842462183,
    "std": 0.12573610787152498,
    "median": 0.28991520404815674,
    "min": 0.06414470076560974,
    "max": 0.6692491173744202,
    "count": 4000
  },
  "normals.full.angular_mean": {
    "mean": 93.37345844650268,
    "std": 1.9736835667632415,
    "median": 93.66773223876953,
    "min": 81.10266876220703,
    "max": 99.95953369140625,
    "count": 4000
  },
  "normals.full.angular_median": {
    "mean": 87.07701223564148,
    "std": 1.0310302683920975,
    "median": 87.19351577758789,
    "min": 77.29270935058594,
    "max": 90.01590728759766,
    "count": 4000
  },
  "normals.full.inlier_11_25": {
    "mean": 0.045331352185457946,
    "std": 0.012705377700014482,
    "median": 0.04667133092880249,
    "min": 0.008736228570342064,
    "max": 0.09115325659513474,
    "count": 4000
  },
  "normals.full.inlier_22_5": {
    "mean": 0.09461740439943969,
    "std": 0.012796503662840897,
    "median": 0.09611466526985168,
    "min": 0.038900766521692276,
    "max": 0.1412651687860489,
    "count": 4000
  },
  "normals.full.inlier_30": {
    "mean": 0.117350385569036,
    "std": 0.010932408251245904,
    "median": 0.11801034212112427,
    "min": 0.06723679602146149,
    "max": 0.16505545377731323,
    "count": 4000
  },
  "depth.building.mae": {
    "mean": 10.100733807504668,
    "std": 5.462045732167176,
    "median": 9.447784423828125,
    "min": 0.5227231979370117,
    "max": 52.86387252807617,
    "count": 2791
  },
  "depth.building.rmse": {
    "mean": 12.350031555937592,
    "std": 6.075701229200818,
    "median": 11.905781745910645,
    "min": 0.5755110383033752,
    "max": 52.88341522216797,
    "count": 2791
  },
  "depth.building.abs_rel": {
    "mean": 0.9118874130823287,
    "std": 1.290720416375911,
    "median": 0.5664666891098022,
    "min": 0.011717930436134338,
    "max": 27.79837417602539,
    "count": 2791
  },
  "depth.building.sq_rel": {
    "mean": 16.057665449769686,
    "std": 26.873720457029187,
    "median": 9.28026294708252,
    "min": 0.00742482952773571,
    "max": 609.681640625,
    "count": 2791
  },
  "depth.building.delta1": {
    "mean": 0.3752153624750611,
    "std": 0.24199081825886207,
    "median": 0.34228187799453735,
    "min": 0.0,
    "max": 1.0,
    "count": 2791
  },
  "depth.building.delta2": {
    "mean": 0.6104779555619134,
    "std": 0.2693390474291754,
    "median": 0.6323255896568298,
    "min": 0.0,
    "max": 1.0,
    "count": 2791
  },
  "depth.building.delta3": {
    "mean": 0.7493214761586049,
    "std": 0.24056227220758286,
    "median": 0.804780125617981,
    "min": 0.0,
    "max": 1.0,
    "count": 2791
  },
  "depth.building.rmse_log": {
    "mean": 0.6141107364233005,
    "std": 0.34403225625792405,
    "median": 0.557424008846283,
    "min": 0.013004494830965996,
    "max": 3.0521907806396484,
    "count": 2791
  },
  "depth.building.si_log": {
    "mean": 0.47161668532246265,
    "std": 0.2366464040146974,
    "median": 0.4603591561317444,
    "min": 0.0006283954135142267,
    "max": 1.6838032007217407,
    "count": 2791
  },
  "normals.building.angular_mean": {
    "mean": 81.13982028339295,
    "std": 6.766660716817652,
    "median": 81.32903289794922,
    "min": 42.631656646728516,
    "max": 147.0916290283203,
    "count": 2791
  },
  "normals.building.angular_median": {
    "mean": 84.8170813442088,
    "std": 6.710186526177886,
    "median": 85.39350891113281,
    "min": 2.1813087463378906,
    "max": 167.132568359375,
    "count": 2791
  },
  "normals.building.inlier_11_25": {
    "mean": 0.06542568229129174,
    "std": 0.052033543513131573,
    "median": 0.05046480521559715,
    "min": 0.0,
    "max": 0.5,
    "count": 2791
  },
  "normals.building.inlier_22_5": {
    "mean": 0.1353942183444002,
    "std": 0.06124028516904239,
    "median": 0.12243209779262543,
    "min": 0.0,
    "max": 0.5,
    "count": 2791
  },
  "normals.building.inlier_30": {
    "mean": 0.17200175721087535,
    "std": 0.05907811923606327,
    "median": 0.16168411076068878,
    "min": 0.0,
    "max": 0.625,
    "count": 2791
  },
  "planarity.building.residual_mean": {
    "mean": 0.39444181199781936,
    "std": 0.21852268725072913,
    "median": 0.3909170627593994,
    "min": 0.014024981297552586,
    "max": 4.748632907867432,
    "count": 2636
  },
  "planarity.building.residual_median": {
    "mean": 0.36907248902530304,
    "std": 0.21738418164010828,