{
  "depth.full.mae": {
    "mean": 3.531113168463111,
    "std": 1.1925354700516466,
    "median": 3.6524219512939453,
    "min": 0.6085231900215149,
    "max": 9.154656410217285,
    "count": 4000
  },
  "depth.full.rmse": {
    "mean": 6.48279111212492,
    "std": 2.090359842862908,
    "median": 6.888497829437256,
    "min": 0.7913497686386108,
    "max": 14.98842716217041,
    "count": 4000
  },
  "depth.full.abs_rel": {
    "mean": 0.26596912315674126,
    "std": 0.1494741317827858,
    "median": 0.22201213985681534,
    "min": 0.04788380116224289,
    "max": 0.8410533666610718,
    "count": 4000
  },
  "depth.full.sq_rel": {
    "mean": 2.9410093654636293,
    "std": 2.3267455196167717,
    "median": 2.3349889516830444,
    "min": 0.07496731728315353,
    "max": 16.084747314453125,
    "count": 4000
  },
  "depth.full.delta1": {
    "mean": 0.6998081834800541,
    "std": 0.17776452736734688,
    "median": 0.7481612265110016,
    "min": 0.19543145596981049,
    "max": 0.9874597787857056,
    "count": 4000
  },
  "depth.full.delta2": {
    "mean": 0.887542390987277,
    "std": 0.07220762084236021,
    "median": 0.9005569517612457,
    "min": 0.6392338275909424,
    "max": 0.999826192855835,
    "count": 4000
  },
  "depth.full.delta3": {
    "mean": 0.9441978183239699,
    "std": 0.04416039695230086,
    "median": 0.9556984305381775,
    "min": 0.7787710428237915,
    "max": 1.0,
    "count": 4000
  },
  "depth.full.rmse_log": {
    "mean": 0.3201112030576915,
    "std": 0.12328207161552251,
    "median": 0.2994239777326584,
    "min": 0.07329336553812027,
    "max": 0.6569600105285645,
    "count": 4000
  },
  "depth.full.si_log": {
    "mean": 0.31680854948051274,
    "std": 0.12345437097927346,
    "median": 0.2966499924659729,
    "min": 0.07066125422716141,
    "max": 0.6531709432601929,
    "count": 4000
  },
  "depth.building.mae": {
    "mean": 9.474367589716476,
    "std": 5.291531810014123,
    "median": 8.723764419555664,
    "min": 0.6753983497619629,
    "max": 34.80895233154297,
    "count": 2862
  },
  "depth.building.rmse": {
    "mean": 11.744532026168269,
    "std": 5.902768355188274,
    "median": 11.347754955291748,
    "min": 0.6777822375297546,
    "max": 39.530155181884766,
    "count": 2862
  },
  "depth.building.abs_rel": {
    "mean": 0.7886024166463472,
    "std": 0.9083704196200952,
    "median": 0.5143764615058899,
    "min": 0.06457863003015518,
    "max": 13.023703575134277,
    "count": 2862
  },
  "depth.building.sq_rel": {
    "mean": 13.176137137288588,
    "std": 21.236405845643446,
    "median": 7.702420711517334,
    "min": 0.0844537541270256,
    "max": 333.40869140625,
    "count": 2862
  },
  "depth.building.delta1": {
    "mean": 0.38565031751093165,
    "std": 0.2253866052930083,
    "median": 0.35890913009643555,
    "min": 0.0,
    "max": 1.0,
    "count": 2862
  },
  "depth.building.delta2": {
    "mean": 0.630541230031731,
    "std": 0.24969280340491432,
    "median": 0.661994457244873,
    "min": 0.0,
    "max": 1.0,
    "count": 2862
  },
  "depth.building.delta3": {
    "mean": 0.7727426917368324,
    "std": 0.21847290800344257,
    "median": 0.8316447734832764,
    "min": 0.0,
    "max": 1.0,
    "count": 2862
  },
  "depth.building.rmse_log": {
    "mean": 0.5806431728229707,
    "std": 0.3030174668305159,
    "median": 0.5264247059822083,
    "min": 0.06265562027692795,
    "max": 2.5362741947174072,
    "count": 2862
  },
  "depth.building.si_log": {
    "mean": 0.46668186865427747,
    "std": 0.22324109079443358,
    "median": 0.45166483521461487,
    "min": 0.0,
    "max": 1.5467796325683594,
    "count": 2862
  },
  "depth.non_building.mae": {
    "mean": 3.341050392203033,
    "std": 1.2157569474774974,
    "median": 3.4076749086380005,
    "min": 0.39252325892448425,
    "max": 9.154656410217285,
    "count": 4000
  },
  "depth.non_building.rmse": {
    "mean": 6.200666567519307,
    "std": 2.1442197991478316,
    "median": 6.570652723312378,
    "min": 0.5307314991950989,
    "max": 14.98842716217041,
    "count": 4000
  },
  "depth.non_building.abs_rel": {
    "mean": 0.2512431391794234,
    "std": 0.14001686787553846,
    "median": 0.21212152391672134,
    "min": 0.04788380116224289,
    "max": 0.7711883187294006,
    "count": 4000
  },
  "depth.non_building.sq_rel": {
    "mean": 2.659978670679964,
    "std": 2.175385396941607,
    "median": 2.0767018795013428,
    "min": 0.060889359563589096,
    "max": 16.084747314453125,
    "count": 4000
  },
  "depth.non_building.delta1": {
    "mean": 0.7107623225338757,
    "std": 0.18003437437874487,
    "median": 0.7620289325714111,
    "min": 0.1963212788105011,
    "max": 0.9874597787857056,
    "count": 4000
  },
  "depth.non_building.delta2": {
    "mean": 0.8958650440126658,
    "std": 0.06852400725771712,
    "median": 0.907547801733017,
    "min": 0.6441250443458557,
    "max": 0.9999735355377197,
    "count": 4000
  },
  "depth.non_building.delta3": {
    "mean": 0.9491946769505739,
    "std": 0.041133625370342854,
    "median": 0.9595811367034912,
    "min": 0.7900464534759521,
    "max": 1.0,
    "count": 4000
  },
  "depth.non_building.rmse_log": {
    "mean": 0.30714076953195035,
    "std": 0.11965647641558927,
    "median": 0.28983786702156067,
    "min": 0.07329336553812027,
    "max": 0.6495106816291809,
    "count": 4000
  },
  "depth.non_building.si_log": {
    "mean": 0.3030436501465738,
    "std": 0.1198631304555559,
    "median": 0.2869518846273422,
    "min": 0.06457586586475372,
    "max": 0.6428101062774658,
    "count": 4000
  },
  "normals.full.angular_mean": {
    "mean": 93.50907290267945,
    "std": 2.063053078511872,
    "median": 93.79958724975586,
    "min": 80.68214416503906,
    "max": 100.27603149414062,
    "count": 4000
  },
  "normals.full.angular_median": {
    "mean": 87.06943875312805,
    "std": 1.069742422074859,
    "median": 87.21786117553711,
    "min": 76.24586486816406,
    "max": 89.43168640136719,
    "count": 4000
  },
  "normals.full.inlier_11_25": {
    "mean": 0.04689115816983394,
    "std": 0.01276669859457591,
    "median": 0.04872620105743408,
    "min": 0.007809977978467941,
    "max": 0.08368191868066788,
    "count": 4000
  },
  "normals.full.inlier_22_5": {
    "mean": 0.0968314000563696,
    "std": 0.012750919824796016,
    "median": 0.09872804954648018,
    "min": 0.04470387473702431,
    "max": 0.1432132124900818,
    "count": 4000
  },
  "normals.full.inlier_30": {
    "mean": 0.11873002473637462,
    "std": 0.010750666406471147,
    "median": 0.11981822177767754,
    "min": 0.07255460321903229,
    "max": 0.16667914390563965,
    "count": 4000
  },
  "normals.building.angular_mean": {
    "mean": 81.18624455940466,
    "std": 6.976123064570675,
    "median": 81.61944198608398,
    "min": 30.907787322998047,
    "max": 174.488037109375,
    "count": 2862
  },
  "normals.building.angular_median": {
    "mean": 85.47486014369483,
    "std": 6.784554773480302,
    "median": 85.68338012695312,
    "min": 4.965305328369141,
    "max": 170.97882080078125,
    "count": 2862
  },
  "normals.building.inlier_11_25": {
    "mean": 0.06845019473876494,
    "std": 0.05481593306264509,
    "median": 0.05146637745201588,
    "min": 0.0,
    "max": 0.5,
    "count": 2862
  },
  "normals.building.inlier_22_5": {
    "mean": 0.13776792599484428,
    "std": 0.06351171492573762,
    "median": 0.12305701896548271,
    "min": 0.0,
    "max": 0.5,
    "count": 2862
  },
  "normals.building.inlier_30": {
    "mean": 0.17319523435376277,
    "std": 0.060375994805911326,
    "median": 0.16252627968788147,
    "min": 0.0,
    "max": 0.5,
    "count": 2862
  },
  "planarity.building.residual_mean": {
    "mean": 0.36476034560974985,
    "std": 0.1891176477750943,
    "median": 0.36228184401988983,
    "min": 0.008406800217926502,
    "max": 1.9639363288879395,
    "count": 2740
  },
  "planarity.building.residual_median": {
    "mean": 0.3362747387219574,
    "std": 0.18477349578029031,