{
  "depth.full.mae": {
    "mean": 3.8660370862036944,
    "std": 1.3308440392887506,
    "median": 3.867949366569519,
    "min": 0.6087441444396973,
    "max": 8.573636054992676,
    "count": 4000
  },
  "depth.full.rmse": {
    "mean": 6.835536799758673,
    "std": 2.150268056856809,
    "median": 7.155531883239746,
    "min": 0.7845665216445923,
    "max": 14.793270111083984,
    "count": 4000
  },
  "depth.full.abs_rel": {
    "mean": 0.3211760959038511,
    "std": 0.19747629392868715,
    "median": 0.2512013167142868,
    "min": 0.05133460834622383,
    "max": 1.1283584833145142,
    "count": 4000
  },
  "depth.full.sq_rel": {
    "mean": 3.765559436775744,
    "std": 3.0245630765822833,
    "median": 2.9445343017578125,
    "min": 0.06809374690055847,
    "max": 23.69838523864746,
    "count": 4000
  },
  "depth.full.delta1": {
    "mean": 0.6460068854540586,
    "std": 0.21856042483193225,
    "median": 0.7218358814716339,
    "min": 0.15769663453102112,
    "max": 0.9886378645896912,
    "count": 4000
  },
  "depth.full.delta2": {
    "mean": 0.8663805681020021,
    "std": 0.09527086360916548,
    "median": 0.8875514566898346,
    "min": 0.34668493270874023,
    "max": 0.9999418258666992,
    "count": 4000
  },
  "depth.full.delta3": {
    "mean": 0.9306197652816772,
    "std": 0.05559076138997649,
    "median": 0.9453880786895752,
    "min": 0.7253648042678833,
    "max": 1.0,
    "count": 4000
  },
  "depth.full.rmse_log": {
    "mean": 0.3568458434641361,
    "std": 0.14943136395856024,
    "median": 0.3247252106666565,
    "min": 0.0727342963218689,
    "max": 0.7498369216918945,
    "count": 4000
  },
  "depth.full.si_log": {
    "mean": 0.3533966384585947,
    "std": 0.15031383768854809,
    "median": 0.32199691236019135,
    "min": 0.0718594342470169,
    "max": 0.7457155585289001,
    "count": 4000
  },
  "depth.building.mae": {
    "mean": 11.022108910329964,
    "std": 5.595879354514501,
    "median": 10.580695152282715,
    "min": 0.1559460163116455,
    "max": 53.91728210449219,
    "count": 2760
  },
  "depth.building.rmse": {
    "mean": 13.091235600071757,
    "std": 5.999500330316797,
    "median": 12.812482357025146,
    "min": 0.15804292261600494,
    "max": 53.92990493774414,
    "count": 2760
  },
  "depth.building.abs_rel": {
    "mean": 1.1915419282597504,
    "std": 1.8384107771107832,
    "median": 0.6818739771842957,
    "min": 0.008218788541853428,
    "max": 40.454978942871094,
    "count": 2760
  },
  "depth.building.sq_rel": {
    "mean": 21.452808456581113,
    "std": 41.16778430167973,
    "median": 11.358278751373291,
    "min": 0.001971299760043621,
    "max": 1068.852294921875,
    "count": 2760
  },
  "depth.building.delta1": {
    "mean": 0.344171932326677,
    "std": 0.23843702838684278,
    "median": 0.3179292380809784,
    "min": 0.0,
    "max": 1.0,
    "count": 2760
  },
  "depth.building.delta2": {
    "mean": 0.5552286598870221,
    "std": 0.29603960108210414,
    "median": 0.5947943031787872,
    "min": 0.0,
    "max": 1.0,
    "count": 2760
  },
  "depth.building.delta3": {
    "mean": 0.6887675638320734,
    "std": 0.287412337769037,
    "median": 0.7702193856239319,
    "min": 0.0,
    "max": 1.0,
    "count": 2760
  },
  "depth.building.rmse_log": {
    "mean": 0.697793792907918,
    "std": 0.41412722727972506,
    "median": 0.6089112460613251,
    "min": 0.008691336959600449,
    "max": 3.415100336074829,
    "count": 2760
  },
  "depth.building.si_log": {
    "mean": 0.5091203365472092,
    "std": 0.2625754180798769,
    "median": 0.4873386472463608,
    "min": 0.00045674529974348843,
    "max": 1.7029738426208496,
    "count": 2760
  },
  "depth.non_building.mae": {
    "mean": 3.663008673220873,
    "std": 1.348085700569153,
    "median": 3.6904897689819336,
    "min": 0.40824082493782043,
    "max": 8.573636054992676,
    "count": 4000
  },
  "depth.non_building.rmse": {
    "mean": 6.547694838359952,
    "std": 2.1962500832750043,
    "median": 6.870988607406616,
    "min": 0.5492665767669678,
    "max": 14.793270111083984,
    "count": 4000
  },
  "depth.non_building.abs_rel": {
    "mean": 0.3008159506842494,
    "std": 0.18424997470075036,
    "median": 0.23721620440483093,
    "min": 0.04827192425727844,
    "max": 1.0088063478469849,
    "count": 4000
  },
  "depth.non_building.sq_rel": {
    "mean": 3.381458172082901,
    "std": 2.8043704865636183,
    "median": 2.5967379808425903,
    "min": 0.0482705757021904,
    "max": 21.321277618408203,
    "count": 4000
  },
  "depth.non_building.delta1": {
    "mean": 0.6558433822207153,
    "std": 0.22163129150651587,
    "median": 0.7340855896472931,
    "min": 0.1547703593969345,
    "max": 0.9886378645896912,
    "count": 4000
  },
  "depth.non_building.delta2": {
    "mean": 0.8753893197104334,
    "std": 0.09192514319694955,
    "median": 0.896028459072113,
    "min": 0.34669288992881775,
    "max": 0.9999418258666992,
    "count": 4000
  },
  "depth.non_building.delta3": {
    "mean": 0.9370256032049656,
    "std": 0.05171639602905925,
    "median": 0.9509157240390778,
    "min": 0.7350347638130188,
    "max": 1.0,
    "count": 4000
  },
  "depth.non_building.rmse_log": {
    "mean": 0.3415464350748807,
    "std": 0.14402913968750206,
    "median": 0.3124256283044815,
    "min": 0.07263803482055664,
    "max": 0.7354560494422913,
    "count": 4000
  },
  "depth.non_building.si_log": {
    "mean": 0.3370275350045413,
    "std": 0.14480549648080512,
    "median": 0.3091893047094345,
    "min": 0.06900153309106827,
    "max": 0.7289509773254395,
    "count": 4000
  },
  "normals.full.angular_mean": {
    "mean": 92.54354422569276,
    "std": 1.6825677727256028,
    "median": 92.76718521118164,
    "min": 80.13931274414062,
    "max": 97.13216400146484,
    "count": 4000
  },
  "normals.full.angular_median": {
    "mean": 87.13216778755188,
    "std": 1.1432700282788348,
    "median": 87.30421447753906,
    "min": 73.85923767089844,
    "max": 89.16514587402344,
    "count": 4000
  },
  "normals.full.inlier_11_25": {
    "mean": 0.04596007431182079,
    "std": 0.011032440897308026,
    "median": 0.04764184542000294,
    "min": 0.007249223534017801,
    "max": 0.07608854025602341,
    "count": 4000
  },
  "normals.full.inlier_22_5": {
    "mean": 0.09323279637563973,
    "std": 0.011879094808609549,
    "median": 0.0951865091919899,
    "min": 0.03489794209599495,
    "max": 0.13745960593223572,
    "count": 4000
  },
  "normals.full.inlier_30": {
    "mean": 0.11705561596341431,
    "std": 0.010344566214092006,
    "median": 0.11814973503351212,
    "min": 0.06559381633996964,
    "max": 0.1658022552728653,
    "count": 4000
  },
  "normals.building.angular_mean": {
    "mean": 81.39618735797163,
    "std": 7.294707787574209,
    "median": 80.84981918334961,
    "min": 47.45903778076172,
    "max": 173.87374877929688,
    "count": 2760
  },
  "normals.building.angular_median": {
    "mean": 84.9057284085647,
    "std": 6.358664766938415,
    "median": 85.13754653930664,
    "min": 22.235103607177734,
    "max": 169.9444580078125,
    "count": 2760
  },
  "normals.building.inlier_11_25": {
    "mean": 0.0536518253866023,
    "std": 0.043224054347937205,
    "median": 0.04324927739799023,
    "min": 0.0,
    "max": 0.4166666865348816,
    "count": 2760
  },
  "normals.building.inlier_22_5": {
    "mean": 0.12428301194433015,
    "std": 0.05679326450651689,
    "median": 0.11575645580887794,
    "min": 0.0,
    "max": 0.5,
    "count": 2760
  },
  "normals.building.inlier_30": {
    "mean": 0.16316479911683532,
    "std": 0.057212243770311366,
    "median": 0.15798528492450714,
    "min": 0.0,
    "max": 0.5,
    "count": 2760
  },
  "planarity.building.residual_mean": {
    "mean": 0.4351989461693876,
    "std": 0.3323985860756518,
    "median": 0.4230043441057205,
    "min": 0.018632959574460983,
    "max": 9.163875579833984,
    "count": 2618
  },
  "planarity.building.residual_median": {
    "mean": 0.3984314907481645,