{
  "depth.full.mae": {
    "mean": 3.593584921061993,
    "std": 1.2525322505276368,
    "median": 3.7036012411117554,
    "min": 0.5631507635116577,
    "max": 9.040872573852539,
    "count": 4000
  },
  "depth.full.rmse": {
    "mean": 6.547678258016705,
    "std": 2.1620747753819596,
    "median": 6.886846303939819,
    "min": 0.7749682068824768,
    "max": 14.852706909179688,
    "count": 4000
  },
  "depth.full.abs_rel": {
    "mean": 0.27755653608683495,
    "std": 0.1601066950626592,
    "median": 0.23336511105298996,
    "min": 0.044797204434871674,
    "max": 1.015650749206543,
    "count": 4000
  },
  "depth.full.sq_rel": {
    "mean": 3.1063574448693543,
    "std": 2.5339602416996563,
    "median": 2.419091582298279,
    "min": 0.08318012207746506,
    "max": 21.26749610900879,
    "count": 4000
  },
  "depth.full.delta1": {
    "mean": 0.6882890142910183,
    "std": 0.1858289725448135,
    "median": 0.7319073677062988,
    "min": 0.186900332570076,
    "max": 0.9865571856498718,
    "count": 4000
  },
  "depth.full.delta2": {
    "mean": 0.883779376283288,
    "std": 0.07634717256053661,
    "median": 0.8940977156162262,
    "min": 0.6008946895599365,
    "max": 0.9997940063476562,
    "count": 4000
  },
  "depth.full.delta3": {
    "mean": 0.9411506514251232,
    "std": 0.04715911451557604,
    "median": 0.9518831968307495,
    "min": 0.7646825313568115,
    "max": 1.0,
    "count": 4000
  },
  "depth.full.rmse_log": {
    "mean": 0.3274582482483238,
    "std": 0.13112788091430716,
    "median": 0.3079242706298828,
    "min": 0.07175785303115845,
    "max": 0.6914048790931702,
    "count": 4000
  },
  "depth.full.si_log": {
    "mean": 0.32406174384430053,
    "std": 0.13121438826854884,
    "median": 0.3041059672832489,
    "min": 0.07086601853370667,
    "max": 0.6909821629524231,
    "count": 4000
  },
  "depth.building.mae": {
    "mean": 9.80293341248244,
    "std": 5.5338307171717185,
    "median": 9.16061019897461,
    "min": 0.07573723793029785,
    "max": 37.0180778503418,
    "count": 2788
  },
  "depth.building.rmse": {
    "mean": 11.970562974506805,
    "std": 6.098802019289578,
    "median": 11.620564937591553,
    "min": 0.07893656194210052,
    "max": 40.407066345214844,
    "count": 2788
  },
  "depth.building.abs_rel": {
    "mean": 0.8568093629830839,
    "std": 1.0262711643820617,
    "median": 0.5369037091732025,
    "min": 0.005977396387606859,
    "max": 12.1598539352417,
    "count": 2788
  },
  "depth.building.sq_rel": {
    "mean": 13.91689610790268,
    "std": 19.963690628699933,
    "median": 8.30226469039917,
    "min": 0.0004917666083201766,
    "max": 218.07986450195312,
    "count": 2788
  },
  "depth.building.delta1": {
    "mean": 0.3714764490362839,
    "std": 0.24021300107003743,
    "median": 0.34810006618499756,
    "min": 0.0,
    "max": 1.0,
    "count": 2788
  },
  "depth.building.delta2": {
    "mean": 0.6102897727947516,
    "std": 0.27169214755261173,
    "median": 0.6503676772117615,
    "min": 0.0,
    "max": 1.0,
    "count": 2788
  },
  "depth.building.delta3": {
    "mean": 0.7557577334800027,
    "std": 0.242196847488692,
    "median": 0.828684538602829,
    "min": 0.0,
    "max": 1.0,
    "count": 2788
  },
  "depth.building.rmse_log": {
    "mean": 0.6017063491053444,
    "std": 0.33021984701107765,
    "median": 0.5363320112228394,
    "min": 0.006251676473766565,
    "max": 2.577157974243164,
    "count": 2788
  },
  "depth.building.si_log": {
    "mean": 0.45947485569544827,
    "std": 0.23071000996650676,
    "median": 0.44368256628513336,
    "min": 0.000244140625,
    "max": 1.5075358152389526,
    "count": 2788
  },
  "depth.non_building.mae": {
    "mean": 3.415375217959285,
    "std": 1.2623887950764752,
    "median": 3.5007063150405884,
    "min": 0.5046182870864868,
    "max": 9.040872573852539,
    "count": 4000
  },
  "depth.non_building.rmse": {
    "mean": 6.284204155117274,
    "std": 2.187671569550708,
    "median": 6.61610221862793,
    "min": 0.7496066093444824,
    "max": 14.852706909179688,
    "count": 4000
  },
  "depth.non_building.abs_rel": {
    "mean": 0.262899332517758,
    "std": 0.14996398150129833,
    "median": 0.22290118038654327,
    "min": 0.044797204434871674,
    "max": 0.932318925857544,
    "count": 4000
  },
  "depth.non_building.sq_rel": {
    "mean": 2.829212761742994,
    "std": 2.398990670106749,
    "median": 2.1609898805618286,
    "min": 0.08068689703941345,
    "max": 19.9406795501709,
    "count": 4000
  },
  "depth.non_building.delta1": {
    "mean": 0.6980268410928547,
    "std": 0.18728038048898163,
    "median": 0.7454664409160614,
    "min": 0.1879524141550064,
    "max": 0.9865571856498718,
    "count": 4000
  },
  "depth.non_building.delta2": {
    "mean": 0.8914296343773603,
    "std": 0.07275783745833288,
    "median": 0.9027003347873688,
    "min": 0.6081835627555847,
    "max": 0.9997940063476562,
    "count": 4000
  },
  "depth.non_building.delta3": {
    "mean": 0.9459356759041547,
    "std": 0.044204700744191715,
    "median": 0.9566232860088348,
    "min": 0.7686241269111633,
    "max": 1.0,
    "count": 4000
  },
  "depth.non_building.rmse_log": {
    "mean": 0.3154650831371546,
    "std": 0.12655446371486986,
    "median": 0.2967107594013214,
    "min": 0.07175785303115845,
    "max": 0.66133713722229,
    "count": 4000
  },
  "depth.non_building.si_log": {
    "mean": 0.3114979722686112,
    "std": 0.12658740251705564,
    "median": 0.293734610080719,
    "min": 0.07086601853370667,
    "max": 0.6541438102722168,
    "count": 4000
  },
  "normals.full.angular_mean": {
    "mean": 93.45710705375672,
    "std": 1.8872654325087679,
    "median": 93.65928649902344,
    "min": 82.19351959228516,
    "max": 100.08898162841797,
    "count": 4000
  },
  "normals.full.angular_median": {
    "mean": 87.1600938796997,
    "std": 0.9304980429366781,
    "median": 87.26582336425781,
    "min": 79.76973724365234,
    "max": 89.38401794433594,
    "count": 4000
  },
  "normals.full.inlier_11_25": {
    "mean": 0.045891860567731785,
    "std": 0.012322590178428263,
    "median": 0.047240350395441055,
    "min": 0.008322223089635372,
    "max": 0.09166371822357178,
    "count": 4000
  },
  "normals.full.inlier_22_5": {
    "mean": 0.09512087608128786,
    "std": 0.01208604585370489,
    "median": 0.09649110585451126,
    "min": 0.04547750949859619,
    "max": 0.1423175036907196,
    "count": 4000
  },
  "normals.full.inlier_30": {
    "mean": 0.11768388386070729,
    "std": 0.010380114743277625,
    "median": 0.1184692531824112,
    "min": 0.07295919209718704,
    "max": 0.1652425080537796,
    "count": 4000
  },
  "normals.building.angular_mean": {
    "mean": 80.93710862136469,
    "std": 7.048483729853803,
    "median": 81.33329010009766,
    "min": 38.991943359375,
    "max": 148.27337646484375,
    "count": 2788
  },
  "normals.building.angular_median": {
    "mean": 84.85478657954393,
    "std": 6.742829658450919,
    "median": 85.25480651855469,
    "min": 3.0429177284240723,
    "max": 170.2005615234375,
    "count": 2788
  },
  "normals.building.inlier_11_25": {
    "mean": 0.06605586777404458,
    "std": 0.05457184712252933,
    "median": 0.049116361886262894,
    "min": 0.0,
    "max": 0.5,
    "count": 2788
  },
  "normals.building.inlier_22_5": {
    "mean": 0.13672425786208314,
    "std": 0.0653228425682738,
    "median": 0.12155807390809059,
    "min": 0.0,
    "max": 0.75,
    "count": 2788
  },
  "normals.building.inlier_30": {
    "mean": 0.1733167007554809,
    "std": 0.06252040251813742,
    "median": 0.16191896051168442,
    "min": 0.0,
    "max": 0.75,
    "count": 2788
  },
  "planarity.building.residual_mean": {
    "mean": 0.39472589418743254,
    "std": 0.4666533766983654,
    "median": 0.3763010799884796,
    "min": 0.013065487146377563,
    "max": 20.67540740966797,
    "count": 2642
  },
  "planarity.building.residual_median": {
    "mean": 0.36683857771070966,
    "std": 0.47523796533543244,