{
  "depth.full.mae": {
    "mean": 3.656585361659527,
    "std": 1.226149869712334,
    "median": 3.706558585166931,
    "min": 0.6102328896522522,
    "max": 8.79617691040039,
    "count": 4000
  },
  "depth.full.rmse": {
    "mean": 6.675633346483111,
    "std": 2.0975008795679897,
    "median": 6.929295778274536,
    "min": 0.9343567490577698,
    "max": 14.471352577209473,
    "count": 4000
  },
  "depth.full.abs_rel": {
    "mean": 0.28718094373028724,
    "std": 0.16846218958943784,
    "median": 0.23303241282701492,
    "min": 0.04008375480771065,
    "max": 0.9416756629943848,
    "count": 4000
  },
  "depth.full.sq_rel": {
    "mean": 3.398660703683272,
    "std": 2.8037919102095996,
    "median": 2.6395976543426514,
    "min": 0.0621705986559391,
    "max": 26.043428421020508,
    "count": 4000
  },
  "depth.full.delta1": {
    "mean": 0.688417030826211,
    "std": 0.19083148221019045,
    "median": 0.7462118566036224,
    "min": 0.17538224160671234,
    "max": 0.9913398623466492,
    "count": 4000
  },
  "depth.full.delta2": {
    "mean": 0.8825195297896862,
    "std": 0.07764763447273249,
    "median": 0.897003561258316,
    "min": 0.5628907680511475,
    "max": 0.9995847940444946,
    "count": 4000
  },
  "depth.full.delta3": {
    "mean": 0.9395419729650021,
    "std": 0.047604685138496694,
    "median": 0.951219230890274,
    "min": 0.7438598275184631,
    "max": 1.0,
    "count": 4000
  },
  "depth.full.rmse_log": {
    "mean": 0.3334444668516517,
    "std": 0.13347939150975602,
    "median": 0.309593066573143,
    "min": 0.06570452451705933,
    "max": 0.7005758285522461,
    "count": 4000
  },
  "depth.full.si_log": {
    "mean": 0.33022231453098355,
    "std": 0.1338846349724957,
    "median": 0.3062809854745865,
    "min": 0.06570035964250565,
    "max": 0.7000811696052551,
    "count": 4000
  },
  "depth.building.mae": {
    "mean": 10.502539099029441,
    "std": 5.487889181982776,
    "median": 9.815194606781006,
    "min": 0.035758018493652344,
    "max": 52.44462203979492,
    "count": 2760
  },
  "depth.building.rmse": {
    "mean": 12.692271203756926,
    "std": 5.943865984988256,
    "median": 12.315698623657227,
    "min": 0.04262049123644829,
    "max": 52.467498779296875,
    "count": 2760
  },
  "depth.building.abs_rel": {
    "mean": 1.0075233417246794,
    "std": 1.3998502485406783,
    "median": 0.6160096824169159,
    "min": 0.0013465157244354486,
    "max": 30.125102996826172,
    "count": 2760
  },
  "depth.building.sq_rel": {
    "mean": 18.330685759770077,
    "std": 32.44877090209734,
    "median": 9.86814260482788,
    "min": 6.840295827714726e-05,
    "max": 694.0615234375,
    "count": 2760
  },
  "depth.building.delta1": {
    "mean": 0.3605866994580551,
    "std": 0.23179660368030852,
    "median": 0.33683979511260986,
    "min": 0.0,
    "max": 1.0,
    "count": 2760
  },
  "depth.building.delta2": {
    "mean": 0.5948062129571791,
    "std": 0.269684441829467,
    "median": 0.6391954123973846,
    "min": 0.0,
    "max": 1.0,
    "count": 2760
  },
  "depth.building.delta3": {
    "mean": 0.7323965381658839,
    "std": 0.25082655756407884,
    "median": 0.8040145933628082,
    "min": 0.0,
    "max": 1.0,
    "count": 2760
  },
  "depth.building.rmse_log": {
    "mean": 0.6447133204175085,
    "std": 0.3592272450039617,
    "median": 0.5736912190914154,
    "min": 0.0016033698339015245,
    "max": 3.1302883625030518,
    "count": 2760
  },
  "depth.building.si_log": {
    "mean": 0.4903337699178508,
    "std": 0.23783695312497408,
    "median": 0.4686931371688843,
    "min": 0.000244140625,
    "max": 1.683774471282959,
    "count": 2760
  },
  "depth.non_building.mae": {
    "mean": 3.4645134191960096,
    "std": 1.2387904705638677,
    "median": 3.4703941345214844,
    "min": 0.3410279154777527,
    "max": 8.79617691040039,
    "count": 4000
  },
  "depth.non_building.rmse": {
    "mean": 6.39565751054883,
    "std": 2.1423500032212823,
    "median": 6.642186641693115,
    "min": 0.5387076735496521,
    "max": 14.471352577209473,
    "count": 4000
  },
  "depth.non_building.abs_rel": {
    "mean": 0.27004257461428643,
    "std": 0.15659057504961132,
    "median": 0.22070256620645523,
    "min": 0.04008375480771065,
    "max": 0.8294731974601746,
    "count": 4000
  },
  "depth.non_building.sq_rel": {
    "mean": 3.063968443297781,
    "std": 2.614573110088475,
    "median": 2.330114006996155,
    "min": 0.03158619627356529,
    "max": 20.378154754638672,
    "count": 4000
  },
  "depth.non_building.delta1": {
    "mean": 0.6981747589632868,
    "std": 0.19261102760558607,
    "median": 0.7581498920917511,
    "min": 0.17646202445030212,
    "max": 0.9947006702423096,
    "count": 4000
  },
  "depth.non_building.delta2": {
    "mean": 0.8908294030874968,
    "std": 0.0737736322003599,
    "median": 0.9057920575141907,
    "min": 0.5628907680511475,
    "max": 0.9995847940444946,
    "count": 4000
  },
  "depth.non_building.delta3": {
    "mean": 0.944943630233407,
    "std": 0.044427863706854046,
    "median": 0.9562324583530426,
    "min": 0.7438598275184631,
    "max": 1.0,
    "count": 4000
  },
  "depth.non_building.rmse_log": {
    "mean": 0.31987098812963816,
    "std": 0.1282602341284042,
    "median": 0.29773692786693573,
    "min": 0.05953582003712654,
    "max": 0.6621326208114624,
    "count": 4000
  },
  "depth.non_building.si_log": {
    "mean": 0.31582452574465425,
    "std": 0.12869224946641883,
    "median": 0.29439955949783325,
    "min": 0.05667982995510101,
    "max": 0.661653995513916,
    "count": 4000
  },
  "normals.full.angular_mean": {
    "mean": 93.55019422721863,
    "std": 1.7917154236702335,
    "median": 93.7508773803711,
    "min": 82.10416412353516,
    "max": 100.15657806396484,
    "count": 4000
  },
  "normals.full.angular_median": {
    "mean": 87.1372774734497,
    "std": 0.9417133591841549,
    "median": 87.24049758911133,
    "min": 78.7114486694336,
    "max": 90.01067352294922,
    "count": 4000
  },
  "normals.full.inlier_11_25": {
    "mean": 0.04656137455673888,
    "std": 0.011881355482064216,
    "median": 0.047846198081970215,
    "min": 0.008002102375030518,
    "max": 0.0901244729757309,
    "count": 4000
  },
  "normals.full.inlier_22_5": {
    "mean": 0.09618812147900462,
    "std": 0.011822475933448321,
    "median": 0.09732105955481529,
    "min": 0.03922407329082489,
    "max": 0.14084893465042114,
    "count": 4000
  },
  "normals.full.inlier_30": {
    "mean": 0.11852423624135554,
    "std": 0.010097367465710506,
    "median": 0.11915088072419167,
    "min": 0.06794597953557968,
    "max": 0.16354399919509888,
    "count": 4000
  },
  "normals.building.angular_mean": {
    "mean": 81.39043357683265,
    "std": 6.828918741809976,
    "median": 81.73709487915039,
    "min": 39.54962158203125,
    "max": 132.05703735351562,
    "count": 2760
  },
  "normals.building.angular_median": {
    "mean": 85.35743441167085,
    "std": 6.410874867458956,
    "median": 85.73979949951172,
    "min": 3.1837072372436523,
    "max": 103.62435150146484,
    "count": 2760
  },
  "normals.building.inlier_11_25": {
    "mean": 0.06492895044329866,
    "std": 0.0508538892443779,
    "median": 0.05000000074505806,
    "min": 0.0,
    "max": 0.5833333730697632,
    "count": 2760
  },
  "normals.building.inlier_22_5": {
    "mean": 0.1360346787761006,
    "std": 0.06096213592601755,
    "median": 0.12125882878899574,
    "min": 0.0,
    "max": 0.5833333730697632,
    "count": 2760
  },
  "normals.building.inlier_30": {
    "mean": 0.17304253176772508,
    "std": 0.059872694067074156,
    "median": 0.16064392775297165,
    "min": 0.0,
    "max": 0.625,
    "count": 2760
  },
  "planarity.building.residual_mean": {
    "mean": 0.41789831623733553,
    "std": 0.47358532270487635,
    "median": 0.4070873558521271,
    "min": 0.009232074953615665,
    "max": 21.165937423706055,
    "count": 2633
  },
  "planarity.building.residual_median": {
    "mean": 0.3910491442204546,