{
  "depth.full.mae": {
    "mean": 5.5545931994318964,
    "std": 1.687351351674823,
    "median": 5.815092086791992,
    "min": 0.32826244831085205,
    "max": 12.817159652709961,
    "count": 4000
  },
  "depth.full.rmse": {
    "mean": 10.206106871925295,
    "std": 3.2009375432287515,
    "median": 10.788996696472168,
    "min": 0.4243452250957489,
    "max": 19.81740379333496,
    "count": 4000
  },
  "depth.full.abs_rel": {
    "mean": 0.3194306982792914,
    "std": 0.14944088601069244,
    "median": 0.2722599357366562,
    "min": 0.07007977366447449,
    "max": 1.0252224206924438,
    "count": 4000
  },
  "depth.full.sq_rel": {
    "mean": 3.5461142013762146,
    "std": 1.7350426777577397,
    "median": 3.4335272312164307,
    "min": 0.03781353309750557,
    "max": 21.039438247680664,
    "count": 4000
  },
  "depth.full.delta1": {
    "mean": 0.5333361824005842,
    "std": 0.19688230934195963,
    "median": 0.5986867249011993,
    "min": 0.11354932934045792,
    "max": 0.990344762802124,
    "count": 4000
  },
  "depth.full.delta2": {
    "mean": 0.7543233705684542,
    "std": 0.10990466137193071,
    "median": 0.7678077220916748,
    "min": 0.2615421414375305,
    "max": 0.9999504685401917,
    "count": 4000
  },
  "depth.full.delta3": {
    "mean": 0.8533381605148316,
    "std": 0.07200077988728211,
    "median": 0.85530224442482,
    "min": 0.48300886154174805,
    "max": 1.0,
    "count": 4000
  },
  "depth.full.rmse_log": {
    "mean": 0.459641335522756,
    "std": 0.13017152667044393,
    "median": 0.449367418885231,
    "min": 0.08936826139688492,
    "max": 0.8671963214874268,
    "count": 4000
  },
  "depth.full.si_log": {
    "mean": 0.41833331700228155,
    "std": 0.12527451228949582,
    "median": 0.4064224064350128,
    "min": 0.08908845484256744,
    "max": 0.8264901041984558,
    "count": 4000
  },
  "depth.non_building.mae": {
    "mean": 5.24138203458488,
    "std": 1.7123804757540997,
    "median": 5.544792652130127,
    "min": 0.32826244831085205,
    "max": 12.817159652709961,
    "count": 4000
  },
  "depth.non_building.rmse": {
    "mean": 9.758047624863684,
    "std": 3.223969857345342,
    "median": 10.459109783172607,
    "min": 0.4243452250957489,
    "max": 19.81740379333496,
    "count": 4000
  },
  "depth.non_building.abs_rel": {
    "mean": 0.30515740853734313,
    "std": 0.14183422881145272,
    "median": 0.26427996158599854,
    "min": 0.070290707051754,
    "max": 0.9234352707862854,
    "count": 4000
  },
  "depth.non_building.sq_rel": {
    "mean": 3.2691349387085067,
    "std": 1.670111358945477,
    "median": 3.1829804182052612,
    "min": 0.03781353309750557,
    "max": 18.33258819580078,
    "count": 4000
  },
  "depth.non_building.delta1": {
    "mean": 0.5470353665407747,
    "std": 0.20308610040408637,
    "median": 0.6122043132781982,
    "min": 0.1139477863907814,
    "max": 0.990344762802124,
    "count": 4000
  },
  "depth.non_building.delta2": {
    "mean": 0.7691636380031704,
    "std": 0.1106469626652654,
    "median": 0.7796019315719604,
    "min": 0.26182088255882263,
    "max": 1.0,
    "count": 4000
  },
  "depth.non_building.delta3": {
    "mean": 0.8645133383795619,
    "std": 0.07025913190625868,
    "median": 0.8661552667617798,
    "min": 0.48412615060806274,
    "max": 1.0,
    "count": 4000
  },
  "depth.non_building.rmse_log": {
    "mean": 0.4427688715327531,
    "std": 0.129950199171781,
    "median": 0.4365641325712204,
    "min": 0.08907570689916611,
    "max": 0.8579310774803162,
    "count": 4000
  },
  "depth.non_building.si_log": {
    "mean": 0.40228936993516984,
    "std": 0.12255584244577525,
    "median": 0.3928087651729584,
    "min": 0.08799142390489578,
    "max": 0.8166026473045349,
    "count": 4000
  },
  "normals.full.angular_mean": {
    "mean": 87.78126161003112,
    "std": 1.9876973241225135,
    "median": 87.95544052124023,
    "min": 76.11808013916016,
    "max": 97.10271453857422,
    "count": 4000
  },
  "normals.full.angular_median": {
    "mean": 86.34566153144837,
    "std": 0.836486179900516,
    "median": 86.4245719909668,
    "min": 76.4065170288086,
    "max": 89.18073272705078,
    "count": 4000
  },
  "normals.full.inlier_11_25": {
    "mean": 0.054544729453977196,
    "std": 0.010820748695970989,
    "median": 0.056021979078650475,
    "min": 0.010241101495921612,
    "max": 0.09123467653989792,
    "count": 4000
  },
  "normals.full.inlier_22_5": {
    "mean": 0.11247866168059409,
    "std": 0.013502255793262176,
    "median": 0.11420759186148643,
    "min": 0.03277328237891197,
    "max": 0.1523224115371704,
    "count": 4000
  },
  "normals.full.inlier_30": {
    "mean": 0.13664290167577564,
    "std": 0.012837794976986663,
    "median": 0.13796691596508026,
    "min": 0.05539660528302193,
    "max": 0.17552050948143005,
    "count": 4000
  },
  "depth.building.mae": {
    "mean": 14.880571342999326,
    "std": 8.623341963854383,
    "median": 12.680647850036621,
    "min": 0.05190057307481766,
    "max": 49.87461471557617,
    "count": 2771
  },
  "depth.building.rmse": {
    "mean": 17.845312720451684,
    "std": 9.44918835663738,
    "median": 16.284563064575195,
    "min": 0.06636405736207962,
    "max": 51.02021026611328,
    "count": 2771
  },
  "depth.building.abs_rel": {
    "mean": 0.9933291929545441,
    "std": 1.6231934634844287,
    "median": 0.6007583737373352,
    "min": 0.004648065660148859,
    "max": 28.970783233642578,
    "count": 2771
  },
  "depth.building.sq_rel": {
    "mean": 15.618376332892316,
    "std": 24.64411852706695,
    "median": 11.129196166992188,
    "min": 0.00039536593249067664,
    "max": 508.3642578125,
    "count": 2771
  },
  "depth.building.delta1": {
    "mean": 0.16274126307037612,
    "std": 0.18591860713668026,
    "median": 0.11197233200073242,
    "min": 0.0,
    "max": 1.0,
    "count": 2771
  },
  "depth.building.delta2": {
    "mean": 0.32576656226788486,
    "std": 0.255239399703857,
    "median": 0.2829654812812805,
    "min": 0.0,
    "max": 1.0,
    "count": 2771
  },
  "depth.building.delta3": {
    "mean": 0.4994640111706772,
    "std": 0.28307052179720904,
    "median": 0.49567148089408875,
    "min": 0.0,
    "max": 1.0,
    "count": 2771
  },
  "depth.building.rmse_log": {
    "mean": 0.8304091900868058,
    "std": 0.35021327180059497,
    "median": 0.8015797138214111,
    "min": 0.005934208631515503,
    "max": 3.3998160362243652,
    "count": 2771
  },
  "depth.building.si_log": {
    "mean": 0.5502953970269591,
    "std": 0.3019257804944239,
    "median": 0.5388658046722412,
    "min": 0.0,
    "max": 1.7065105438232422,
    "count": 2769
  },
  "normals.building.angular_mean": {
    "mean": 75.29095386021923,
    "std": 4.13697434874741,
    "median": 74.43689727783203,
    "min": 46.93700408935547,
    "max": 173.19854736328125,
    "count": 2771
  },
  "normals.building.angular_median": {
    "mean": 84.63957354773773,
    "std": 3.7947594567443916,
    "median": 84.77045440673828,
    "min": 46.18022918701172,
    "max": 176.36782836914062,
    "count": 2771
  },
  "normals.building.inlier_11_25": {
    "mean": 0.05258751004399582,
    "std": 0.02234153453460668,
    "median": 0.05421686917543411,
    "min": 0.0,
    "max": 0.25,
    "count": 2771
  },
  "normals.building.inlier_22_5": {
    "mean": 0.14036048548877542,
    "std": 0.04156762433252744,
    "median": 0.1469871550798416,
    "min": 0.0,
    "max": 0.27272728085517883,
    "count": 2771
  },
  "normals.building.inlier_30": {
    "mean": 0.17866744864658085,
    "std": 0.039817688345045614,
    "median": 0.18728221952915192,
    "min": 0.0,
    "max": 0.3333333432674408,
    "count": 2771
  },
  "planarity.building.residual_mean": {
    "mean": 0.31420905105227187,
    "std": 0.319179166835851,
    "median": 0.27013616263866425,
    "min": 0.011030025780200958,
    "max": 8.101316452026367,
    "count": 2644
  },
  "planarity.building.residual_median": {
    "mean": 0.27142036284014315,