{
  "depth.full.mae": {
    "mean": 3.6383444973379375,
    "std": 1.2359663450265,
    "median": 3.745254158973694,
    "min": 0.6064580678939819,
    "max": 8.062378883361816,
    "count": 4000
  },
  "depth.full.rmse": {
    "mean": 6.632278585538268,
    "std": 2.1592118774806472,
    "median": 7.002705335617065,
    "min": 0.8639000654220581,
    "max": 15.011552810668945,
    "count": 4000
  },
  "depth.full.abs_rel": {
    "mean": 0.2752498625097796,
    "std": 0.15347979894609495,
    "median": 0.23533152788877487,
    "min": 0.051204048097133636,
    "max": 0.8770029544830322,
    "count": 4000
  },
  "depth.full.sq_rel": {
    "mean": 3.0927799651399255,
    "std": 2.4846111586835327,
    "median": 2.4623751640319824,
    "min": 0.06084849685430527,
    "max": 24.405250549316406,
    "count": 4000
  },
  "depth.full.delta1": {
    "mean": 0.6872984181717038,
    "std": 0.18744382280534436,
    "median": 0.7318438291549683,
    "min": 0.19359305500984192,
    "max": 0.9924023151397705,
    "count": 4000
  },
  "depth.full.delta2": {
    "mean": 0.8823226035684347,
    "std": 0.0743848154249783,
    "median": 0.8908835649490356,
    "min": 0.6125276684761047,
    "max": 0.9998654723167419,
    "count": 4000
  },
  "depth.full.delta3": {
    "mean": 0.9403989123702049,
    "std": 0.04514661446809568,
    "median": 0.9489350616931915,
    "min": 0.7800926566123962,
    "max": 1.0,
    "count": 4000
  },
  "depth.full.rmse_log": {
    "mean": 0.32799558153003455,
    "std": 0.12730855477287456,
    "median": 0.3152099847793579,
    "min": 0.07592294365167618,
    "max": 0.6571067571640015,
    "count": 4000
  },
  "depth.full.si_log": {
    "mean": 0.3245427334792912,
    "std": 0.12753298768473734,
    "median": 0.31050270795822144,
    "min": 0.07335448265075684,
    "max": 0.6534236073493958,
    "count": 4000
  },
  "depth.non_building.mae": {
    "mean": 3.444213660903275,
    "std": 1.2578880304441136,
    "median": 3.500955104827881,
    "min": 0.4353901743888855,
    "max": 8.062378883361816,
    "count": 4000
  },
  "depth.non_building.rmse": {
    "mean": 6.354406177431345,
    "std": 2.2057923312667325,
    "median": 6.713374614715576,
    "min": 0.5900779366493225,
    "max": 15.011552810668945,
    "count": 4000
  },
  "depth.non_building.abs_rel": {
    "mean": 0.2604080665521324,
    "std": 0.14449460498219674,
    "median": 0.22421695291996002,
    "min": 0.051204048097133636,
    "max": 0.7772163152694702,
    "count": 4000
  },
  "depth.non_building.sq_rel": {
    "mean": 2.8159662859737873,
    "std": 2.360062998139158,
    "median": 2.1591964960098267,
    "min": 0.06084849685430527,
    "max": 17.85380744934082,
    "count": 4000
  },
  "depth.non_building.delta1": {
    "mean": 0.6984230757094919,
    "std": 0.18867675864228237,
    "median": 0.7463604807853699,
    "min": 0.19162000715732574,
    "max": 0.9924023151397705,
    "count": 4000
  },
  "depth.non_building.delta2": {
    "mean": 0.89094707287848,
    "std": 0.07078111794792917,
    "median": 0.9003238379955292,
    "min": 0.6125276684761047,
    "max": 0.9998654723167419,
    "count": 4000
  },
  "depth.non_building.delta3": {
    "mean": 0.9454867733418941,
    "std": 0.04252643865660899,
    "median": 0.9546516537666321,
    "min": 0.7929267287254333,
    "max": 1.0,
    "count": 4000
  },
  "depth.non_building.rmse_log": {
    "mean": 0.3152742020152509,
    "std": 0.12319663154957677,
    "median": 0.30278678238391876,
    "min": 0.07592294365167618,
    "max": 0.6523334383964539,
    "count": 4000
  },
  "depth.non_building.si_log": {
    "mean": 0.3110743786506355,
    "std": 0.1232522602840867,
    "median": 0.2982378602027893,
    "min": 0.07335448265075684,
    "max": 0.6450794339179993,
    "count": 4000
  },
  "normals.full.angular_mean": {
    "mean": 93.53851659965515,
    "std": 1.8484237840962787,
    "median": 93.73571014404297,
    "min": 82.26883697509766,
    "max": 100.37594604492188,
    "count": 4000
  },
  "normals.full.angular_median": {
    "mean": 87.124291223526,
    "std": 0.8601564433425075,
    "median": 87.2101821899414,
    "min": 80.08665466308594,
    "max": 89.59658813476562,
    "count": 4000
  },
  "normals.full.inlier_11_25": {
    "mean": 0.04716385065461509,
    "std": 0.012267499990525208,
    "median": 0.048025961965322495,
    "min": 0.009881832636892796,
    "max": 0.0853005200624466,
    "count": 4000
  },
  "normals.full.inlier_22_5": {
    "mean": 0.09729150846693665,
    "std": 0.012030883843282643,
    "median": 0.0984840840101242,
    "min": 0.04544595256447792,
    "max": 0.13278284668922424,
    "count": 4000
  },
  "normals.full.inlier_30": {
    "mean": 0.1190288488380611,
    "std": 0.010381599934530177,
    "median": 0.11984845995903015,
    "min": 0.07273097336292267,
    "max": 0.15373726189136505,
    "count": 4000
  },
  "depth.building.mae": {
    "mean": 9.643901200269594,
    "std": 5.304624607010332,
    "median": 9.103445053100586,
    "min": 0.5417486429214478,
    "max": 36.61720657348633,
    "count": 2681
  },
  "depth.building.rmse": {
    "mean": 11.874999528920993,
    "std": 5.867191147717446,
    "median": 11.650115013122559,
    "min": 0.5455339550971985,
    "max": 40.93781661987305,
    "count": 2681
  },
  "depth.building.abs_rel": {
    "mean": 0.8142360771357657,
    "std": 1.155186274486344,
    "median": 0.5356147885322571,
    "min": 0.035602014511823654,
    "max": 24.800655364990234,
    "count": 2681
  },
  "depth.building.sq_rel": {
    "mean": 13.626656424390351,
    "std": 22.7434112764618,
    "median": 8.096895217895508,
    "min": 0.058381337672472,
    "max": 524.177001953125,
    "count": 2681
  },
  "depth.building.delta1": {
    "mean": 0.38584394099924496,
    "std": 0.23797856852741964,
    "median": 0.3402203917503357,
    "min": 0.0,
    "max": 1.0,
    "count": 2681
  },
  "depth.building.delta2": {
    "mean": 0.6290398089596234,
    "std": 0.252895686590645,
    "median": 0.6541786789894104,
    "min": 0.0,
    "max": 1.0,
    "count": 2681
  },
  "depth.building.delta3": {
    "mean": 0.7730314184580497,
    "std": 0.2163428420433233,
    "median": 0.8202188611030579,
    "min": 0.0,
    "max": 1.0,
    "count": 2681
  },
  "depth.building.rmse_log": {
    "mean": 0.5844241616394995,
    "std": 0.3180279208011276,
    "median": 0.5461233854293823,
    "min": 0.03687958046793938,
    "max": 2.929358720779419,
    "count": 2681
  },
  "depth.building.si_log": {
    "mean": 0.4702359526512376,
    "std": 0.23358405977743568,
    "median": 0.4638279974460602,
    "min": 0.0,
    "max": 1.6832412481307983,
    "count": 2681
  },
  "normals.building.angular_mean": {
    "mean": 81.30821157720096,
    "std": 7.087721125597146,
    "median": 82.0280532836914,
    "min": 7.778239727020264,
    "max": 174.52041625976562,
    "count": 2681
  },
  "normals.building.angular_median": {
    "mean": 85.32046745864814,
    "std": 6.957748862949628,
    "median": 85.76653289794922,
    "min": 3.355905294418335,
    "max": 170.72459411621094,
    "count": 2681
  },
  "normals.building.inlier_11_25": {
    "mean": 0.06953738876344015,
    "std": 0.061202494565317914,
    "median": 0.051924653351306915,
    "min": 0.0,
    "max": 1.0,
    "count": 2681
  },
  "normals.building.inlier_22_5": {
    "mean": 0.13801208823774785,
    "std": 0.06807104697410549,
    "median": 0.12198856472969055,
    "min": 0.0,
    "max": 1.0,
    "count": 2681
  },
  "normals.building.inlier_30": {
    "mean": 0.17365305507621606,
    "std": 0.06422094665576647,
    "median": 0.1600218564271927,
    "min": 0.0,
    "max": 1.0,
    "count": 2681
  },
  "planarity.building.residual_mean": {
    "mean": 0.37697821858166436,
    "std": 0.19819941545479836,
    "median": 0.3789319097995758,
    "min": 0.008307414129376411,
    "max": 2.704488515853882,
    "count": 2558
  },
  "planarity.building.residual_median": {
    "mean": 0.35037458252195963,
    "std": 0.19522539491352597,