{
  "depth.full.mae": {
    "mean": 5.630196982353926,
    "std": 1.7898189470190404,
    "median": 5.92020845413208,
    "min": 0.514767587184906,
    "max": 14.762855529785156,
    "count": 4000
  },
  "depth.full.rmse": {
    "mean": 10.048633771747351,
    "std": 3.3294825877847165,
    "median": 10.689184665679932,
    "min": 0.6632236838340759,
    "max": 23.780311584472656,
    "count": 4000
  },
  "depth.full.abs_rel": {
    "mean": 0.3415409829560667,
    "std": 0.14226958431790554,
    "median": 0.3036150187253952,
    "min": 0.06573547422885895,
    "max": 0.8289059996604919,
    "count": 4000
  },
  "depth.full.sq_rel": {
    "mean": 3.5575422116164117,
    "std": 1.7271768709895967,
    "median": 3.541045904159546,
    "min": 0.0696241557598114,
    "max": 12.376086235046387,
    "count": 4000
  },
  "depth.full.delta1": {
    "mean": 0.4432624163068831,
    "std": 0.18813376486122596,
    "median": 0.4464418590068817,
    "min": 0.10820157825946808,
    "max": 0.9720669388771057,
    "count": 4000
  },
  "depth.full.delta2": {
    "mean": 0.7342598013170063,
    "std": 0.14082536455934228,
    "median": 0.7626020312309265,
    "min": 0.2467544972896576,
    "max": 0.9999107718467712,
    "count": 4000
  },
  "depth.full.delta3": {
    "mean": 0.856015291787684,
    "std": 0.07511786965261263,
    "median": 0.8560354113578796,
    "min": 0.49057814478874207,
    "max": 1.0,
    "count": 4000
  },
  "depth.full.rmse_log": {
    "mean": 0.46908593237772583,
    "std": 0.13254563140211117,
    "median": 0.4658035337924957,
    "min": 0.09247523546218872,
    "max": 0.8308662176132202,
    "count": 4000
  },
  "depth.full.si_log": {
    "mean": 0.4151811360362917,
    "std": 0.1272062128171061,
    "median": 0.40466900169849396,
    "min": 0.09027630090713501,
    "max": 0.777677059173584,
    "count": 4000
  },
  "depth.building.mae": {
    "mean": 14.83646117449338,
    "std": 8.749079079142664,
    "median": 12.704691886901855,
    "min": 0.12471620738506317,
    "max": 53.271602630615234,
    "count": 2805
  },
  "depth.building.rmse": {
    "mean": 17.755584683663706,
    "std": 9.512960905691923,
    "median": 16.202863693237305,
    "min": 0.1947336047887802,
    "max": 53.282833099365234,
    "count": 2805
  },
  "depth.building.abs_rel": {
    "mean": 0.9807033790388342,
    "std": 1.559796383997396,
    "median": 0.5878063440322876,
    "min": 0.008159480057656765,
    "max": 27.93750762939453,
    "count": 2805
  },
  "depth.building.sq_rel": {
    "mean": 15.516358108766736,
    "std": 24.049882210634824,
    "median": 11.3427152633667,
    "min": 0.0024886904284358025,
    "max": 545.59130859375,
    "count": 2805
  },
  "depth.building.delta1": {
    "mean": 0.1692492508665105,
    "std": 0.19017256304679178,
    "median": 0.11538461595773697,
    "min": 0.0,
    "max": 1.0,
    "count": 2805
  },
  "depth.building.delta2": {
    "mean": 0.33463401163657613,
    "std": 0.2569577182034322,
    "median": 0.2857142984867096,
    "min": 0.0,
    "max": 1.0,
    "count": 2805
  },
  "depth.building.delta3": {
    "mean": 0.5079846971723087,
    "std": 0.28639153127281036,
    "median": 0.505643367767334,
    "min": 0.0,
    "max": 1.0,
    "count": 2805
  },
  "depth.building.rmse_log": {
    "mean": 0.8202993177305807,
    "std": 0.34262032258294883,
    "median": 0.7920030355453491,
    "min": 0.012629001401364803,
    "max": 3.3353543281555176,
    "count": 2805
  },
  "depth.building.si_log": {
    "mean": 0.5431751388120193,
    "std": 0.29601549798369525,
    "median": 0.5116729736328125,
    "min": 0.0,
    "max": 1.75624418258667,
    "count": 2805
  },
  "depth.non_building.mae": {
    "mean": 5.3312840728908775,
    "std": 1.8137031582324623,
    "median": 5.709899425506592,
    "min": 0.4124874472618103,
    "max": 14.762855529785156,
    "count": 4000
  },
  "depth.non_building.rmse": {
    "mean": 9.617276391595603,
    "std": 3.356540828303798,
    "median": 10.339614391326904,
    "min": 0.5972580313682556,
    "max": 23.780311584472656,
    "count": 4000
  },
  "depth.non_building.abs_rel": {
    "mean": 0.32684697312302885,
    "std": 0.13359155480594323,
    "median": 0.29352623224258423,
    "min": 0.06573547422885895,
    "max": 0.8253313302993774,
    "count": 4000
  },
  "depth.non_building.sq_rel": {
    "mean": 3.2712608717214318,
    "std": 1.667457035139139,
    "median": 3.26313054561615,
    "min": 0.06678042560815811,
    "max": 11.361666679382324,
    "count": 4000
  },
  "depth.non_building.delta1": {
    "mean": 0.4525727250557393,
    "std": 0.1934298840957251,
    "median": 0.4561641216278076,
    "min": 0.10948071628808975,
    "max": 0.9720669388771057,
    "count": 4000
  },
  "depth.non_building.delta2": {
    "mean": 0.7478034637682139,
    "std": 0.1424248573637915,
    "median": 0.7744494378566742,
    "min": 0.24740679562091827,
    "max": 1.0,
    "count": 4000
  },
  "depth.non_building.delta3": {
    "mean": 0.8670356092005969,
    "std": 0.07283493052038377,
    "median": 0.8678384125232697,
    "min": 0.5289639830589294,
    "max": 1.0,
    "count": 4000
  },
  "depth.non_building.rmse_log": {
    "mean": 0.4531875482313335,
    "std": 0.130908625224593,
    "median": 0.45257793366909027,
    "min": 0.09247523546218872,
    "max": 0.8152928948402405,
    "count": 4000
  },
  "depth.non_building.si_log": {
    "mean": 0.39815024933218957,
    "std": 0.1225846144446467,
    "median": 0.39132553339004517,
    "min": 0.09027630090713501,
    "max": 0.7667129635810852,
    "count": 4000
  },
  "normals.full.angular_mean": {
    "mean": 87.90525743675232,
    "std": 1.7907106052811106,
    "median": 88.06925582885742,
    "min": 76.59970092773438,
    "max": 93.47125244140625,
    "count": 4000
  },
  "normals.full.angular_median": {
    "mean": 86.55591310501099,
    "std": 1.1739708122831436,
    "median": 86.67987442016602,
    "min": 69.68748474121094,
    "max": 88.50875854492188,
    "count": 4000
  },
  "normals.full.inlier_11_25": {
    "mean": 0.05480138226924464,
    "std": 0.011191948472219333,
    "median": 0.05630924925208092,
    "min": 0.011364905163645744,
    "max": 0.09309951215982437,
    "count": 4000
  },
  "normals.full.inlier_22_5": {
    "mean": 0.10421328543592244,
    "std": 0.013313215982039323,
    "median": 0.1054103747010231,
    "min": 0.02973567694425583,
    "max": 0.14310283958911896,
    "count": 4000
  },
  "normals.full.inlier_30": {
    "mean": 0.13030000793375074,
    "std": 0.012520382542314676,
    "median": 0.13093052059412003,
    "min": 0.05367347598075867,
    "max": 0.1699061542749405,
    "count": 4000
  },
  "normals.building.angular_mean": {
    "mean": 76.75921743600338,
    "std": 4.449847802920494,
    "median": 75.8397445678711,
    "min": 59.28449630737305,
    "max": 160.16024780273438,
    "count": 2805
  },
  "normals.building.angular_median": {
    "mean": 83.96699380177652,
    "std": 3.606807122116313,
    "median": 83.9561767578125,
    "min": 53.78867721557617,
    "max": 159.69801330566406,
    "count": 2805
  },
  "normals.building.inlier_11_25": {
    "mean": 0.03713220346406926,
    "std": 0.017965211271475566,
    "median": 0.036391206085681915,
    "min": 0.0,
    "max": 0.20000000298023224,
    "count": 2805
  },
  "normals.building.inlier_22_5": {
    "mean": 0.11612536604624116,
    "std": 0.037461596600379794,
    "median": 0.11764705926179886,
    "min": 0.0,
    "max": 0.2916666865348816,
    "count": 2805
  },
  "normals.building.inlier_30": {
    "mean": 0.16107630423384714,
    "std": 0.03981818974502063,
    "median": 0.16669735312461853,
    "min": 0.0,
    "max": 0.3333333432674408,
    "count": 2805
  },
  "planarity.building.residual_mean": {
    "mean": 0.32795584556692703,
    "std": 0.3835013731241721,
    "median": 0.27690160274505615,
    "min": 0.011306548491120338,
    "max": 9.036961555480957,
    "count": 2649
  },
  "planarity.building.residual_median": {
    "mean": 0.2852249109313151,