{
  "depth.full.mae": {
    "mean": 3.5894180188179017,
    "std": 1.2000093434605519,
    "median": 3.647293210029602,
    "min": 0.6070197820663452,
    "max": 6.914456844329834,
    "count": 4000
  },
  "depth.full.rmse": {
    "mean": 6.5874834705293175,
    "std": 2.005652847524838,
    "median": 6.853952407836914,
    "min": 0.9074952602386475,
    "max": 12.166963577270508,
    "count": 4000
  },
  "depth.full.abs_rel": {
    "mean": 0.2697173338113353,
    "std": 0.15390186860764515,
    "median": 0.22325950115919113,
    "min": 0.04158196970820427,
    "max": 0.8568388223648071,
    "count": 4000
  },
  "depth.full.sq_rel": {
    "mean": 3.0560476284567266,
    "std": 2.480248373874911,
    "median": 2.348493218421936,
    "min": 0.08084554225206375,
    "max": 18.97154998779297,
    "count": 4000
  },
  "depth.full.delta1": {
    "mean": 0.695459548253566,
    "std": 0.1841675837946791,
    "median": 0.7435218691825867,
    "min": 0.2103976458311081,
    "max": 0.9862145185470581,
    "count": 4000
  },
  "depth.full.delta2": {
    "mean": 0.8857793436348438,
    "std": 0.07399796416173378,
    "median": 0.8973391652107239,
    "min": 0.6148548126220703,
    "max": 0.9998133182525635,
    "count": 4000
  },
  "depth.full.delta3": {
    "mean": 0.9427426984012127,
    "std": 0.044955057971176444,
    "median": 0.9536328911781311,
    "min": 0.7775784730911255,
    "max": 1.0,
    "count": 4000
  },
  "depth.full.rmse_log": {
    "mean": 0.32240413104183974,
    "std": 0.12683140585501082,
    "median": 0.30123522877693176,
    "min": 0.0683804303407669,
    "max": 0.6631431579589844,
    "count": 4000
  },
  "depth.full.si_log": {
    "mean": 0.31919672347791495,
    "std": 0.12681674119004677,
    "median": 0.2985646724700928,
    "min": 0.06837665289640427,
    "max": 0.6591671705245972,
    "count": 4000
  },
  "depth.non_building.mae": {
    "mean": 3.395039684832096,
    "std": 1.216066039759637,
    "median": 3.3776135444641113,
    "min": 0.4140181839466095,
    "max": 6.914456844329834,
    "count": 4000
  },
  "depth.non_building.rmse": {
    "mean": 6.299681801483035,
    "std": 2.0482041607651076,
    "median": 6.530680179595947,
    "min": 0.5916879177093506,
    "max": 12.166963577270508,
    "count": 4000
  },
  "depth.non_building.abs_rel": {
    "mean": 0.2551809282777831,
    "std": 0.1448254970597504,
    "median": 0.2125009223818779,
    "min": 0.04158196970820427,
    "max": 0.7896169424057007,
    "count": 4000
  },
  "depth.non_building.sq_rel": {
    "mean": 2.7729963637366892,
    "std": 2.373712475832133,
    "median": 2.0674359798431396,
    "min": 0.06171582639217377,
    "max": 18.172964096069336,
    "count": 4000
  },
  "depth.non_building.delta1": {
    "mean": 0.7054279138743877,
    "std": 0.18596629121708982,
    "median": 0.7538764178752899,
    "min": 0.18198254704475403,
    "max": 0.9862145185470581,
    "count": 4000
  },
  "depth.non_building.delta2": {
    "mean": 0.893966194704175,
    "std": 0.07033190283756516,
    "median": 0.9056717753410339,
    "min": 0.6148548126220703,
    "max": 0.9999999403953552,
    "count": 4000
  },
  "depth.non_building.delta3": {
    "mean": 0.9478003253042698,
    "std": 0.04212678436706477,
    "median": 0.9580838680267334,
    "min": 0.7925047874450684,
    "max": 1.0,
    "count": 4000
  },
  "depth.non_building.rmse_log": {
    "mean": 0.3096865442171693,
    "std": 0.12288366036771209,
    "median": 0.2914598286151886,
    "min": 0.0683804303407669,
    "max": 0.656672477722168,
    "count": 4000
  },
  "depth.non_building.si_log": {
    "mean": 0.3056136610321701,
    "std": 0.12270347426319257,
    "median": 0.2875126153230667,
    "min": 0.06410754472017288,
    "max": 0.6490151882171631,
    "count": 4000
  },
  "normals.full.angular_mean": {
    "mean": 93.51380439376831,
    "std": 1.9926507606953403,
    "median": 93.77677536010742,
    "min": 80.83104705810547,
    "max": 100.23695373535156,
    "count": 4000
  },
  "normals.full.angular_median": {
    "mean": 87.02155186653137,
    "std": 1.0659696288809721,
    "median": 87.16884231567383,
    "min": 78.01010131835938,
    "max": 89.17129516601562,
    "count": 4000
  },
  "normals.full.inlier_11_25": {
    "mean": 0.04684808516362682,
    "std": 0.012759955362935733,
    "median": 0.04841398261487484,
    "min": 0.008575543761253357,
    "max": 0.08715423196554184,
    "count": 4000
  },
  "normals.full.inlier_22_5": {
    "mean": 0.09660413569863886,
    "std": 0.012666278991595992,
    "median": 0.09825282916426659,
    "min": 0.04663337767124176,
    "max": 0.13311372697353363,
    "count": 4000
  },
  "normals.full.inlier_30": {
    "mean": 0.11854450114443899,
    "std": 0.010834697312027238,
    "median": 0.11943910270929337,
    "min": 0.07857931405305862,
    "max": 0.1551021784543991,
    "count": 4000
  },
  "depth.building.mae": {
    "mean": 10.017883205541771,
    "std": 5.4993348854132105,
    "median": 9.386883735656738,
    "min": 0.02862548828125,
    "max": 35.00612258911133,
    "count": 2795
  },
  "depth.building.rmse": {
    "mean": 12.308604213134227,
    "std": 6.01741735811277,
    "median": 11.87527847290039,
    "min": 0.03719959408044815,
    "max": 39.69056701660156,
    "count": 2795
  },
  "depth.building.abs_rel": {
    "mean": 0.8394378503842016,
    "std": 1.2590505695724257,
    "median": 0.5410326719284058,
    "min": 0.0022592043969780207,
    "max": 38.28154373168945,
    "count": 2795
  },
  "depth.building.sq_rel": {
    "mean": 14.907799440526968,
    "std": 26.450127087500373,
    "median": 8.254502296447754,
    "min": 0.0001092141610570252,
    "max": 679.9938354492188,
    "count": 2795
  },
  "depth.building.delta1": {
    "mean": 0.3887138989546598,
    "std": 0.2366075867198462,
    "median": 0.3474690616130829,
    "min": 0.0,
    "max": 1.0,
    "count": 2795
  },
  "depth.building.delta2": {
    "mean": 0.6288789190484414,
    "std": 0.25410354395345514,
    "median": 0.6537901163101196,
    "min": 0.0,
    "max": 1.0,
    "count": 2795
  },
  "depth.building.delta3": {
    "mean": 0.7662227705754973,
    "std": 0.22258010431620479,
    "median": 0.8208754062652588,
    "min": 0.0,
    "max": 1.0,
    "count": 2795
  },
  "depth.building.rmse_log": {
    "mean": 0.59281494616979,
    "std": 0.3211326001118546,
    "median": 0.5402908325195312,
    "min": 0.0029419097118079662,
    "max": 3.596041440963745,
    "count": 2795
  },
  "depth.building.si_log": {
    "mean": 0.4717047151391376,
    "std": 0.22675631713557481,
    "median": 0.4634256660938263,
    "min": 0.000244140625,
    "max": 1.6340508460998535,
    "count": 2795
  },
  "normals.building.angular_mean": {
    "mean": 81.42005457050685,
    "std": 6.846176196828479,
    "median": 81.82572174072266,
    "min": 42.64395523071289,
    "max": 132.08218383789062,
    "count": 2795
  },
  "normals.building.angular_median": {
    "mean": 85.4809075178102,
    "std": 6.3221430966478325,
    "median": 85.82327270507812,
    "min": 2.561396360397339,
    "max": 111.10604095458984,
    "count": 2795
  },
  "normals.building.inlier_11_25": {
    "mean": 0.06706537823330225,
    "std": 0.056116794245680536,
    "median": 0.05140049755573273,
    "min": 0.0,
    "max": 0.5,
    "count": 2795
  },
  "normals.building.inlier_22_5": {
    "mean": 0.1362419435447865,
    "std": 0.06373421852252582,
    "median": 0.12232793867588043,
    "min": 0.0,
    "max": 0.5,
    "count": 2795
  },
  "normals.building.inlier_30": {
    "mean": 0.172486338773759,
    "std": 0.060959677038316895,
    "median": 0.16156165301799774,
    "min": 0.0,
    "max": 0.5,
    "count": 2795
  },
  "planarity.building.residual_mean": {
    "mean": 0.3963889922152122,
    "std": 0.4331627972592039,
    "median": 0.3903533071279526,
    "min": 0.013151707127690315,
    "max": 19.911407470703125,
    "count": 2656
  },
  "planarity.building.residual_median": {
    "mean": 0.36746474499505644,
    "std": 0.44302179875834574,