{
  "depth.full.mae": {
    "mean": 3.7248127557337285,
    "std": 1.280623735957245,
    "median": 3.7609673738479614,
    "min": 0.45946618914604187,
    "max": 7.340382099151611,
    "count": 4000
  },
  "depth.full.rmse": {
    "mean": 6.6777958042621615,
    "std": 2.1403792589666253,
    "median": 7.0109498500823975,
    "min": 0.5659468173980713,
    "max": 12.424683570861816,
    "count": 4000
  },
  "depth.full.abs_rel": {
    "mean": 0.3015635293694213,
    "std": 0.18172217856519707,
    "median": 0.2358376383781433,
    "min": 0.05612276867032051,
    "max": 0.9978970289230347,
    "count": 4000
  },
  "depth.full.sq_rel": {
    "mean": 3.508826439852826,
    "std": 2.980835217282828,
    "median": 2.6029449701309204,
    "min": 0.052248042076826096,
    "max": 25.581804275512695,
    "count": 4000
  },
  "depth.full.delta1": {
    "mean": 0.6726181223653257,
    "std": 0.19559799160756317,
    "median": 0.7357374429702759,
    "min": 0.15804064273834229,
    "max": 0.9886109232902527,
    "count": 4000
  },
  "depth.full.delta2": {
    "mean": 0.8752456150203943,
    "std": 0.08843657313399812,
    "median": 0.8947921395301819,
    "min": 0.4003974497318268,
    "max": 0.999967634677887,
    "count": 4000
  },
  "depth.full.delta3": {
    "mean": 0.9357407111078501,
    "std": 0.0524850470950417,
    "median": 0.9497219026088715,
    "min": 0.7499163746833801,
    "max": 1.0,
    "count": 4000
  },
  "depth.full.rmse_log": {
    "mean": 0.3433874237965792,
    "std": 0.1411767826161196,
    "median": 0.31299014389514923,
    "min": 0.07604291290044785,
    "max": 0.726316511631012,
    "count": 4000
  },
  "depth.full.si_log": {
    "mean": 0.33999883169867096,
    "std": 0.14209076218042685,
    "median": 0.310223251581192,
    "min": 0.07361545413732529,
    "max": 0.7261028289794922,
    "count": 4000
  },
  "depth.building.mae": {
    "mean": 10.835176670474317,
    "std": 5.197968234760014,
    "median": 10.589999198913574,
    "min": 0.14467525482177734,
    "max": 54.31786346435547,
    "count": 2826
  },
  "depth.building.rmse": {
    "mean": 12.968535190655125,
    "std": 5.654021114376855,
    "median": 12.919919490814209,
    "min": 0.15787170827388763,
    "max": 54.33172607421875,
    "count": 2826
  },
  "depth.building.abs_rel": {
    "mean": 1.1520473681693806,
    "std": 2.0542295046984096,
    "median": 0.626670628786087,
    "min": 0.0032431972213089466,
    "max": 64.59021759033203,
    "count": 2826
  },
  "depth.building.sq_rel": {
    "mean": 20.770036463817572,
    "std": 46.637195577541036,
    "median": 10.703605651855469,
    "min": 0.0005587117047980428,
    "max": 1639.188720703125,
    "count": 2826
  },
  "depth.building.delta1": {
    "mean": 0.3492597764789559,
    "std": 0.23241925889272064,
    "median": 0.32136760652065277,
    "min": 0.0,
    "max": 1.0,
    "count": 2826
  },
  "depth.building.delta2": {
    "mean": 0.5749218764368699,
    "std": 0.28437928051542805,
    "median": 0.6099510788917542,
    "min": 0.0,
    "max": 1.0,
    "count": 2826
  },
  "depth.building.delta3": {
    "mean": 0.7068021703377677,
    "std": 0.27644568739459124,
    "median": 0.7827014029026031,
    "min": 0.0,
    "max": 1.0,
    "count": 2826
  },
  "depth.building.rmse_log": {
    "mean": 0.6789427916884326,
    "std": 0.4059165668779713,
    "median": 0.590580940246582,
    "min": 0.0035456621553748846,
    "max": 4.143628120422363,
    "count": 2826
  },
  "depth.building.si_log": {
    "mean": 0.49876983815708387,
    "std": 0.2551478624821742,
    "median": 0.4773777574300766,
    "min": 0.0,
    "max": 1.6935667991638184,
    "count": 2826
  },
  "depth.non_building.mae": {
    "mean": 3.504019045427442,
    "std": 1.2831476868964355,
    "median": 3.4889168739318848,
    "min": 0.37889915704727173,
    "max": 7.340382099151611,
    "count": 4000
  },
  "depth.non_building.rmse": {
    "mean": 6.356196043208241,
    "std": 2.1775304943294818,
    "median": 6.658535003662109,
    "min": 0.5337216258049011,
    "max": 12.424683570861816,
    "count": 4000
  },
  "depth.non_building.abs_rel": {
    "mean": 0.2807359740231186,
    "std": 0.16713751520888342,
    "median": 0.22129429131746292,
    "min": 0.04411587119102478,
    "max": 0.8756228089332581,
    "count": 4000
  },
  "depth.non_building.sq_rel": {
    "mean": 3.1063942695707083,
    "std": 2.7310333086714715,
    "median": 2.248879551887512,
    "min": 0.04358962923288345,
    "max": 18.92593765258789,
    "count": 4000
  },
  "depth.non_building.delta1": {
    "mean": 0.6837086909525096,
    "std": 0.19772472646172357,
    "median": 0.7485692501068115,
    "min": 0.16004876792430878,
    "max": 0.9886109232902527,
    "count": 4000
  },
  "depth.non_building.delta2": {
    "mean": 0.884723354563117,
    "std": 0.08406620260227708,
    "median": 0.9036094844341278,
    "min": 0.4019094705581665,
    "max": 0.9999921321868896,
    "count": 4000
  },
  "depth.non_building.delta3": {
    "mean": 0.9423575702607632,
    "std": 0.048094923983443866,
    "median": 0.9550069570541382,
    "min": 0.7620512843132019,
    "max": 1.0,
    "count": 4000
  },
  "depth.non_building.rmse_log": {
    "mean": 0.32728173698857427,
    "std": 0.13497364996830302,
    "median": 0.2995179295539856,
    "min": 0.068120576441288,
    "max": 0.6955568790435791,
    "count": 4000
  },
  "depth.non_building.si_log": {
    "mean": 0.32317069617658856,
    "std": 0.13569817092517894,
    "median": 0.2958020567893982,
    "min": 0.06419497728347778,
    "max": 0.6930060386657715,
    "count": 4000
  },
  "normals.full.angular_mean": {
    "mean": 92.63094214630127,
    "std": 1.761668615915548,
    "median": 92.89659118652344,
    "min": 81.5119400024414,
    "max": 99.20801544189453,
    "count": 4000
  },
  "normals.full.angular_median": {
    "mean": 87.0255618648529,
    "std": 1.1285134908499221,
    "median": 87.19508743286133,
    "min": 76.56596374511719,
    "max": 89.541015625,
    "count": 4000
  },
  "normals.full.inlier_11_25": {
    "mean": 0.04414168485766277,
    "std": 0.011750601549977693,
    "median": 0.04552781954407692,
    "min": 0.006969491485506296,
    "max": 0.07647772878408432,
    "count": 4000
  },
  "normals.full.inlier_22_5": {
    "mean": 0.09215435311291367,
    "std": 0.01258815384228417,
    "median": 0.09407801553606987,
    "min": 0.0421564020216465,
    "max": 0.13330739736557007,
    "count": 4000
  },
  "normals.full.inlier_30": {
    "mean": 0.11607075431756675,
    "std": 0.010753188883183771,
    "median": 0.11731807515025139,
    "min": 0.07424653321504593,
    "max": 0.16063332557678223,
    "count": 4000
  },
  "normals.building.angular_mean": {
    "mean": 81.34533044959498,
    "std": 6.825290603731662,
    "median": 81.28070831298828,
    "min": 43.89805221557617,
    "max": 134.51007080078125,
    "count": 2826
  },
  "normals.building.angular_median": {
    "mean": 84.84294331259366,
    "std": 6.527962186750987,
    "median": 85.21329498291016,
    "min": 3.7819607257843018,
    "max": 103.14555358886719,
    "count": 2826
  },
  "normals.building.inlier_11_25": {
    "mean": 0.055421823744635904,
    "std": 0.04400687952724899,
    "median": 0.044861024245619774,
    "min": 0.0,
    "max": 0.5,
    "count": 2826
  },
  "normals.building.inlier_22_5": {
    "mean": 0.1268712052520462,
    "std": 0.05770744247274813,
    "median": 0.11565688252449036,
    "min": 0.0,
    "max": 0.5,
    "count": 2826
  },
  "normals.building.inlier_30": {
    "mean": 0.16572734405947698,
    "std": 0.05767081173247834,
    "median": 0.15657414495944977,
    "min": 0.0,
    "max": 0.75,
    "count": 2826
  },
  "planarity.building.residual_mean": {
    "mean": 0.44542055632160216,
    "std": 0.5269691427450628,
    "median": 0.43597443401813507,
    "min": 0.005065212491899729,
    "max": 22.242162704467773,
    "count": 2700
  },
  "planarity.building.residual_median": {
    "mean": 0.40945585087010705,
    "std": 0.5344662856823094,