{
  "depth.full.mae": {
    "mean": 3.590757546469569,
    "std": 1.20622312776178,
    "median": 3.7038158178329468,
    "min": 0.6298120617866516,
    "max": 6.90427303314209,
    "count": 4000
  },
  "depth.full.rmse": {
    "mean": 6.554059027448297,
    "std": 2.043224713571651,
    "median": 6.960817813873291,
    "min": 0.8977547287940979,
    "max": 13.021240234375,
    "count": 4000
  },
  "depth.full.abs_rel": {
    "mean": 0.2753672025799751,
    "std": 0.15822460251025408,
    "median": 0.22636234015226364,
    "min": 0.04138455167412758,
    "max": 0.8237915635108948,
    "count": 4000
  },
  "depth.full.sq_rel": {
    "mean": 3.1010814187992364,
    "std": 2.4671046203878184,
    "median": 2.437720537185669,
    "min": 0.07940538227558136,
    "max": 18.083269119262695,
    "count": 4000
  },
  "depth.full.delta1": {
    "mean": 0.6903598631992937,
    "std": 0.18916990741031564,
    "median": 0.740999311208725,
    "min": 0.19850437343120575,
    "max": 0.9868435263633728,
    "count": 4000
  },
  "depth.full.delta2": {
    "mean": 0.8834722037762404,
    "std": 0.07744482875848942,
    "median": 0.8957739770412445,
    "min": 0.4743102192878723,
    "max": 0.9997283220291138,
    "count": 4000
  },
  "depth.full.delta3": {
    "mean": 0.9412068449407816,
    "std": 0.046392214745816986,
    "median": 0.9516170024871826,
    "min": 0.7708635330200195,
    "max": 1.0,
    "count": 4000
  },
  "depth.full.rmse_log": {
    "mean": 0.3256333904005587,
    "std": 0.1310883269686859,
    "median": 0.30593670904636383,
    "min": 0.0677943304181099,
    "max": 0.6656524538993835,
    "count": 4000
  },
  "depth.full.si_log": {
    "mean": 0.3225738940834999,
    "std": 0.13115171668409728,
    "median": 0.3014254719018936,
    "min": 0.06778614223003387,
    "max": 0.6654340028762817,
    "count": 4000
  },
  "depth.non_building.mae": {
    "mean": 3.4113522326648233,
    "std": 1.217533950300013,
    "median": 3.4663695096969604,
    "min": 0.5124972462654114,
    "max": 6.90427303314209,
    "count": 4000
  },
  "depth.non_building.rmse": {
    "mean": 6.2973067424595355,
    "std": 2.0671977643479096,
    "median": 6.6725780963897705,
    "min": 0.6950512528419495,
    "max": 12.175034523010254,
    "count": 4000
  },
  "depth.non_building.abs_rel": {
    "mean": 0.26157697156723586,
    "std": 0.1511374634509766,
    "median": 0.21528633683919907,
    "min": 0.04138455167412758,
    "max": 0.8238973617553711,
    "count": 4000
  },
  "depth.non_building.sq_rel": {
    "mean": 2.8437875097319485,
    "std": 2.3754279479871228,
    "median": 2.2021918296813965,
    "min": 0.07940538227558136,
    "max": 18.083269119262695,
    "count": 4000
  },
  "depth.non_building.delta1": {
    "mean": 0.7005545688234269,
    "std": 0.19032699198341332,
    "median": 0.7531066238880157,
    "min": 0.19956588745117188,
    "max": 0.9871933460235596,
    "count": 4000
  },
  "depth.non_building.delta2": {
    "mean": 0.8912276078537107,
    "std": 0.07455167697832028,
    "median": 0.9041402637958527,
    "min": 0.4749923050403595,
    "max": 0.9997248649597168,
    "count": 4000
  },
  "depth.non_building.delta3": {
    "mean": 0.9458966119736433,
    "std": 0.04415867019744773,
    "median": 0.9567959606647491,
    "min": 0.7741360664367676,
    "max": 1.0,
    "count": 4000
  },
  "depth.non_building.rmse_log": {
    "mean": 0.31380076104961335,
    "std": 0.1277551057735009,
    "median": 0.29462747275829315,
    "min": 0.0677943304181099,
    "max": 0.6649593114852905,
    "count": 4000
  },
  "depth.non_building.si_log": {
    "mean": 0.3099794394429773,
    "std": 0.12779811280014408,
    "median": 0.2897256016731262,
    "min": 0.06778614223003387,
    "max": 0.6647031307220459,
    "count": 4000
  },
  "normals.full.angular_mean": {
    "mean": 93.5951409702301,
    "std": 1.9037020062529881,
    "median": 93.81751251220703,
    "min": 80.56006622314453,
    "max": 100.33979797363281,
    "count": 4000
  },
  "normals.full.angular_median": {
    "mean": 87.0978465976715,
    "std": 0.9529315325201264,
    "median": 87.19377136230469,
    "min": 76.11238861083984,
    "max": 89.5875244140625,
    "count": 4000
  },
  "normals.full.inlier_11_25": {
    "mean": 0.046904048583935945,
    "std": 0.01197606274816213,
    "median": 0.048356954008340836,
    "min": 0.006827530916780233,
    "max": 0.09401971101760864,
    "count": 4000
  },
  "normals.full.inlier_22_5": {
    "mean": 0.09700335262529552,
    "std": 0.011856491138360742,
    "median": 0.09824396297335625,
    "min": 0.03557443246245384,
    "max": 0.14399026334285736,
    "count": 4000
  },
  "normals.full.inlier_30": {
    "mean": 0.11880531563609839,
    "std": 0.010386410354221418,
    "median": 0.11956281587481499,
    "min": 0.06677117943763733,
    "max": 0.16558584570884705,
    "count": 4000
  },
  "depth.building.mae": {
    "mean": 9.497628081145388,
    "std": 5.0091793576217984,
    "median": 8.882037162780762,
    "min": 0.030342578887939453,
    "max": 29.158952713012695,
    "count": 2757
  },
  "depth.building.rmse": {
    "mean": 11.758799291505333,
    "std": 5.553055298730801,
    "median": 11.468764305114746,
    "min": 0.03646295890212059,
    "max": 31.30834197998047,
    "count": 2757
  },
  "depth.building.abs_rel": {
    "mean": 0.7983168945690001,
    "std": 0.9654753477556103,
    "median": 0.5012112855911255,
    "min": 0.00239472184330225,
    "max": 15.517213821411133,
    "count": 2757
  },
  "depth.building.sq_rel": {
    "mean": 13.39567835464864,
    "std": 20.246943482654206,
    "median": 7.672234535217285,
    "min": 0.00010493162699276581,
    "max": 329.05072021484375,
    "count": 2757
  },
  "depth.building.delta1": {
    "mean": 0.39900103751895966,
    "std": 0.23382109273622437,
    "median": 0.3668571412563324,
    "min": 0.0,
    "max": 1.0,
    "count": 2757
  },
  "depth.building.delta2": {
    "mean": 0.6416849567868035,
    "std": 0.2510579505077333,
    "median": 0.6675702333450317,
    "min": 0.0,
    "max": 1.0,
    "count": 2757
  },
  "depth.building.delta3": {
    "mean": 0.7809059458305416,
    "std": 0.21818222843140134,
    "median": 0.8392311334609985,
    "min": 0.0,
    "max": 1.0,
    "count": 2757
  },
  "depth.building.rmse_log": {
    "mean": 0.5756777508705713,
    "std": 0.314290340520364,
    "median": 0.5177691578865051,
    "min": 0.0028718484099954367,
    "max": 2.511598825454712,
    "count": 2757
  },
  "depth.building.si_log": {
    "mean": 0.4608551309338278,
    "std": 0.2280321977193073,
    "median": 0.44457292556762695,
    "min": 0.0,
    "max": 1.6834865808486938,
    "count": 2757
  },
  "normals.building.angular_mean": {
    "mean": 80.92020077682899,
    "std": 6.638544753805511,
    "median": 81.39573669433594,
    "min": 42.472076416015625,
    "max": 174.58192443847656,
    "count": 2757
  },
  "normals.building.angular_median": {
    "mean": 85.10425238579911,
    "std": 6.375550332368533,
    "median": 85.44834899902344,
    "min": 6.4798359870910645,
    "max": 170.82562255859375,
    "count": 2757
  },
  "normals.building.inlier_11_25": {
    "mean": 0.06796037133181475,
    "std": 0.05753050331287726,
    "median": 0.05032646283507347,
    "min": 0.0,
    "max": 0.5,
    "count": 2757
  },
  "normals.building.inlier_22_5": {
    "mean": 0.13715004597513203,
    "std": 0.06358229312847748,
    "median": 0.12201518565416336,
    "min": 0.0,
    "max": 0.5,
    "count": 2757
  },
  "normals.building.inlier_30": {
    "mean": 0.17342413208620688,
    "std": 0.06083428119856079,
    "median": 0.16156983375549316,
    "min": 0.0,
    "max": 0.5,
    "count": 2757
  },
  "planarity.building.residual_mean": {
    "mean": 0.37142070940523814,
    "std": 0.1920707388711796,
    "median": 0.3719916045665741,
    "min": 0.013169782236218452,
    "max": 3.2740280628204346,
    "count": 2617
  },
  "planarity.building.residual_median": {
    "mean": 0.3461467568130212,
    "std": 0.19089245419217415,