{
  "depth.full.mae": {
    "mean": 3.678852617546916,
    "std": 1.2897270845018955,
    "median": 3.7140891551971436,
    "min": 0.5285753011703491,
    "max": 7.207294464111328,
    "count": 4000
  },
  "depth.full.rmse": {
    "mean": 6.58278298124671,
    "std": 2.1449438438917947,
    "median": 6.920825481414795,
    "min": 0.7136721014976501,
    "max": 13.168107986450195,
    "count": 4000
  },
  "depth.full.abs_rel": {
    "mean": 0.29450244351290167,
    "std": 0.173792099944601,
    "median": 0.23904401808977127,
    "min": 0.04669423773884773,
    "max": 0.9218688011169434,
    "count": 4000
  },
  "depth.full.sq_rel": {
    "mean": 3.2657692899880932,
    "std": 2.654432422124381,
    "median": 2.528867721557617,
    "min": 0.06075684353709221,
    "max": 18.374048233032227,
    "count": 4000
  },
  "depth.full.delta1": {
    "mean": 0.6669724994637072,
    "std": 0.20401450476061353,
    "median": 0.7278625965118408,
    "min": 0.1769382357597351,
    "max": 0.9903843402862549,
    "count": 4000
  },
  "depth.full.delta2": {
    "mean": 0.8756146603748203,
    "std": 0.08597483374739964,
    "median": 0.8932199478149414,
    "min": 0.408159464597702,
    "max": 0.9993284940719604,
    "count": 4000
  },
  "depth.full.delta3": {
    "mean": 0.9362271610945463,
    "std": 0.052044772360970784,
    "median": 0.9499927461147308,
    "min": 0.7499163746833801,
    "max": 1.0,
    "count": 4000
  },
  "depth.full.rmse_log": {
    "mean": 0.3388558763973415,
    "std": 0.13969135840493435,
    "median": 0.31380395591259,
    "min": 0.06875400990247726,
    "max": 0.7274574041366577,
    "count": 4000
  },
  "depth.full.si_log": {
    "mean": 0.3356007300950587,
    "std": 0.14042379870115818,
    "median": 0.3109009712934494,
    "min": 0.06817728281021118,
    "max": 0.725226104259491,
    "count": 4000
  },
  "depth.building.mae": {
    "mean": 10.11106120944236,
    "std": 5.31664509774918,
    "median": 9.217601776123047,
    "min": 0.35524606704711914,
    "max": 34.6103515625,
    "count": 2801
  },
  "depth.building.rmse": {
    "mean": 12.190700552296272,
    "std": 5.792568038585844,
    "median": 11.609739303588867,
    "min": 0.368426650762558,
    "max": 40.03226089477539,
    "count": 2801
  },
  "depth.building.abs_rel": {
    "mean": 1.0668655753950962,
    "std": 2.013712768958133,
    "median": 0.5883199572563171,
    "min": 0.016000615432858467,
    "max": 57.44199752807617,
    "count": 2801
  },
  "depth.building.sq_rel": {
    "mean": 18.118908705231718,
    "std": 42.66354739832785,
    "median": 8.815890312194824,
    "min": 0.006113775074481964,
    "max": 1315.5968017578125,
    "count": 2801
  },
  "depth.building.delta1": {
    "mean": 0.3614565849788023,
    "std": 0.24694736551889676,
    "median": 0.3327026069164276,
    "min": 0.0,
    "max": 1.0,
    "count": 2801
  },
  "depth.building.delta2": {
    "mean": 0.5827359564008703,
    "std": 0.28882905925908403,
    "median": 0.6260715126991272,
    "min": 0.0,
    "max": 1.0,
    "count": 2801
  },
  "depth.building.delta3": {
    "mean": 0.7222865573871183,
    "std": 0.2694274741510201,
    "median": 0.8058423399925232,
    "min": 0.0,
    "max": 1.0,
    "count": 2801
  },
  "depth.building.rmse_log": {
    "mean": 0.6472589526397283,
    "std": 0.3945660334923304,
    "median": 0.5646314024925232,
    "min": 0.01644478365778923,
    "max": 4.025950908660889,
    "count": 2801
  },
  "depth.building.si_log": {
    "mean": 0.48325718163022796,
    "std": 0.2505197960804267,
    "median": 0.4614337980747223,
    "min": 0.0,
    "max": 1.544578194618225,
    "count": 2801
  },
  "depth.non_building.mae": {
    "mean": 3.492344661012292,
    "std": 1.3066635620733975,
    "median": 3.504637360572815,
    "min": 0.4063531756401062,
    "max": 7.207294464111328,
    "count": 4000
  },
  "depth.non_building.rmse": {
    "mean": 6.32542896515131,
    "std": 2.1846877671014897,
    "median": 6.656396389007568,
    "min": 0.5400594472885132,
    "max": 13.168107986450195,
    "count": 4000
  },
  "depth.non_building.abs_rel": {
    "mean": 0.2778809190019965,
    "std": 0.1637091269088423,
    "median": 0.22963329404592514,
    "min": 0.04669423773884773,
    "max": 0.9042049646377563,
    "count": 4000
  },
  "depth.non_building.sq_rel": {
    "mean": 2.982165618869476,
    "std": 2.550205226326932,
    "median": 2.2558257579803467,
    "min": 0.06075684353709221,
    "max": 18.351783752441406,
    "count": 4000
  },
  "depth.non_building.delta1": {
    "mean": 0.6771068016067148,
    "std": 0.20599244226396507,
    "median": 0.7400891780853271,
    "min": 0.17255675792694092,
    "max": 0.9903843402862549,
    "count": 4000
  },
  "depth.non_building.delta2": {
    "mean": 0.8843735901489854,
    "std": 0.08168535239645396,
    "median": 0.8997277617454529,
    "min": 0.412345826625824,
    "max": 0.9999735355377197,
    "count": 4000
  },
  "depth.non_building.delta3": {
    "mean": 0.9418710695058108,
    "std": 0.04827098088878008,
    "median": 0.9542427062988281,
    "min": 0.7557133436203003,
    "max": 1.0,
    "count": 4000
  },
  "depth.non_building.rmse_log": {
    "mean": 0.32543136379122733,
    "std": 0.1353466862386632,
    "median": 0.30366429686546326,
    "min": 0.06875400990247726,
    "max": 0.7174786925315857,
    "count": 4000
  },
  "depth.non_building.si_log": {
    "mean": 0.32144225486926736,
    "std": 0.1358226948733761,
    "median": 0.2998899966478348,
    "min": 0.06817728281021118,
    "max": 0.7142645716667175,
    "count": 4000
  },
  "normals.full.angular_mean": {
    "mean": 92.87953352928162,
    "std": 1.736030895875308,
    "median": 93.10448837280273,
    "min": 82.29593658447266,
    "max": 97.25115203857422,
    "count": 4000
  },
  "normals.full.angular_median": {
    "mean": 87.15396232414246,
    "std": 1.0076817604584716,
    "median": 87.27125930786133,
    "min": 78.68083190917969,
    "max": 89.64865112304688,
    "count": 4000
  },
  "normals.full.inlier_11_25": {
    "mean": 0.044415815950604155,
    "std": 0.011434242676328912,
    "median": 0.04562422260642052,
    "min": 0.007846075110137463,
    "max": 0.07870519161224365,
    "count": 4000
  },
  "normals.full.inlier_22_5": {
    "mean": 0.09307938057277351,
    "std": 0.012182232078736347,
    "median": 0.09446663036942482,
    "min": 0.03625743091106415,
    "max": 0.13878794014453888,
    "count": 4000
  },
  "normals.full.inlier_30": {
    "mean": 0.11700466120801865,
    "std": 0.010656948334174268,
    "median": 0.1176527701318264,
    "min": 0.06740864366292953,
    "max": 0.16593658924102783,
    "count": 4000
  },
  "normals.building.angular_mean": {
    "mean": 81.20817051662458,
    "std": 6.878899510267902,
    "median": 81.4688949584961,
    "min": 42.57030487060547,
    "max": 173.73580932617188,
    "count": 2801
  },
  "normals.building.angular_median": {
    "mean": 84.93277189102568,
    "std": 6.773866609745517,
    "median": 85.23644256591797,
    "min": 3.3189480304718018,
    "max": 169.87899780273438,
    "count": 2801
  },
  "normals.building.inlier_11_25": {
    "mean": 0.05697131067159812,
    "std": 0.04632885939652707,
    "median": 0.04578313231468201,
    "min": 0.0,
    "max": 0.5,
    "count": 2801
  },
  "normals.building.inlier_22_5": {
    "mean": 0.1287801521841898,
    "std": 0.059128901555461716,
    "median": 0.11569844186306,
    "min": 0.0,
    "max": 0.5,
    "count": 2801
  },
  "normals.building.inlier_30": {
    "mean": 0.16727559483932283,
    "std": 0.05792196647417003,
    "median": 0.15701667964458466,
    "min": 0.0,
    "max": 0.5,
    "count": 2801
  },
  "planarity.building.residual_mean": {
    "mean": 0.4234020103378615,
    "std": 0.30519670050972586,
    "median": 0.4106085002422333,
    "min": 0.012686360627412796,
    "max": 7.842204570770264,
    "count": 2668
  },
  "planarity.building.residual_median": {
    "mean": 0.3926863599735462,
    "std": 0.3065831797251832,
    "median": 0.3713608980178833,