{
  "depth.full.mae": {
    "mean": 3.7588829468935727,
    "std": 1.194736641438272,
    "median": 3.851439356803894,
    "min": 0.6576213836669922,
    "max": 6.852213382720947,
    "count": 4000
  },
  "depth.full.rmse": {
    "mean": 6.811100454807281,
    "std": 2.0176797581737365,
    "median": 7.161947250366211,
    "min": 0.9283393025398254,
    "max": 13.221220016479492,
    "count": 4000
  },
  "depth.full.abs_rel": {
    "mean": 0.2857432814016938,
    "std": 0.16965659300447578,
    "median": 0.23116859793663025,
    "min": 0.05331748351454735,
    "max": 0.927894651889801,
    "count": 4000
  },
  "depth.full.sq_rel": {
    "mean": 3.032501397702843,
    "std": 2.296797595051175,
    "median": 2.439826726913452,
    "min": 0.07615335285663605,
    "max": 21.624814987182617,
    "count": 4000
  },
  "depth.full.delta1": {
    "mean": 0.6712304557971657,
    "std": 0.19306418340145004,
    "median": 0.721386045217514,
    "min": 0.18118827044963837,
    "max": 0.9854743480682373,
    "count": 4000
  },
  "depth.full.delta2": {
    "mean": 0.872457929737866,
    "std": 0.08612527212710198,
    "median": 0.8853797316551208,
    "min": 0.3946669399738312,
    "max": 0.9997048377990723,
    "count": 4000
  },
  "depth.full.delta3": {
    "mean": 0.9353387951999903,
    "std": 0.051886839058269366,
    "median": 0.9483218193054199,
    "min": 0.7474007606506348,
    "max": 1.0,
    "count": 4000
  },
  "depth.full.rmse_log": {
    "mean": 0.33699450905062256,
    "std": 0.13597279125121123,
    "median": 0.3137190490961075,
    "min": 0.07686422765254974,
    "max": 0.7250499725341797,
    "count": 4000
  },
  "depth.full.si_log": {
    "mean": 0.3335382313877344,
    "std": 0.13638271986216136,
    "median": 0.3093678802251816,
    "min": 0.07502727210521698,
    "max": 0.7247257828712463,
    "count": 4000
  },
  "depth.building.mae": {
    "mean": 10.282254245528515,
    "std": 5.165240451903626,
    "median": 9.715665340423584,
    "min": 0.39033153653144836,
    "max": 54.81208038330078,
    "count": 2820
  },
  "depth.building.rmse": {
    "mean": 12.421663628360058,
    "std": 5.651617485530914,
    "median": 11.939155578613281,
    "min": 0.48254483938217163,
    "max": 54.820255279541016,
    "count": 2820
  },
  "depth.building.abs_rel": {
    "mean": 0.9903161140898546,
    "std": 1.5651811995694664,
    "median": 0.5557133853435516,
    "min": 0.043178193271160126,
    "max": 32.00962829589844,
    "count": 2820
  },
  "depth.building.sq_rel": {
    "mean": 15.368032944489086,
    "std": 28.07672503915712,
    "median": 8.821146965026855,
    "min": 0.03427140414714813,
    "max": 699.7117919921875,
    "count": 2820
  },
  "depth.building.delta1": {
    "mean": 0.34948138883426133,
    "std": 0.24281785856459082,
    "median": 0.31106510758399963,
    "min": 0.0,
    "max": 1.0,
    "count": 2820
  },
  "depth.building.delta2": {
    "mean": 0.5757154382702544,
    "std": 0.2872267219051782,
    "median": 0.6073097288608551,
    "min": 0.0,
    "max": 1.0,
    "count": 2820
  },
  "depth.building.delta3": {
    "mean": 0.7188996496828313,
    "std": 0.27270888546279487,
    "median": 0.7994060814380646,
    "min": 0.0,
    "max": 1.0,
    "count": 2820
  },
  "depth.building.rmse_log": {
    "mean": 0.640141648479493,
    "std": 0.37340900379839215,
    "median": 0.5676319003105164,
    "min": 0.04418756812810898,
    "max": 3.2044715881347656,
    "count": 2820
  },
  "depth.building.si_log": {
    "mean": 0.4864070705499571,
    "std": 0.24424638780815003,
    "median": 0.47155894339084625,
    "min": 0.0,
    "max": 1.6866554021835327,
    "count": 2820
  },
  "depth.non_building.mae": {
    "mean": 3.548740154623985,
    "std": 1.2002120883869396,
    "median": 3.6159822940826416,
    "min": 0.4626825451850891,
    "max": 6.666239261627197,
    "count": 4000
  },
  "depth.non_building.rmse": {
    "mean": 6.516774611175061,
    "std": 2.0384687703320856,
    "median": 6.8543174266815186,
    "min": 0.6661058068275452,
    "max": 13.221220016479492,
    "count": 4000
  },
  "depth.non_building.abs_rel": {
    "mean": 0.26835720894113185,
    "std": 0.15626937165940621,
    "median": 0.22043272107839584,
    "min": 0.05331748351454735,
    "max": 0.8309009075164795,
    "count": 4000
  },
  "depth.non_building.sq_rel": {
    "mean": 2.7333339753933252,
    "std": 2.135033262252739,
    "median": 2.1756495237350464,
    "min": 0.07223263382911682,
    "max": 14.546932220458984,
    "count": 4000
  },
  "depth.non_building.delta1": {
    "mean": 0.6819650469645858,
    "std": 0.19400296310275209,
    "median": 0.7346744537353516,
    "min": 0.1803431510925293,
    "max": 0.9854743480682373,
    "count": 4000
  },
  "depth.non_building.delta2": {
    "mean": 0.8816774628683924,
    "std": 0.08113091751640851,
    "median": 0.8940783143043518,
    "min": 0.3949461281299591,
    "max": 0.9997048377990723,
    "count": 4000
  },
  "depth.non_building.delta3": {
    "mean": 0.9414504864662886,
    "std": 0.047243927183748834,
    "median": 0.9535058438777924,
    "min": 0.7531481981277466,
    "max": 1.0,
    "count": 4000
  },
  "depth.non_building.rmse_log": {
    "mean": 0.32322178956493736,
    "std": 0.12958019856270359,
    "median": 0.30229684710502625,
    "min": 0.07686422765254974,
    "max": 0.6839867234230042,
    "count": 4000
  },
  "depth.non_building.si_log": {
    "mean": 0.3189503353592008,
    "std": 0.12969649151608487,
    "median": 0.29798978567123413,
    "min": 0.07502727210521698,
    "max": 0.6817620992660522,
    "count": 4000
  },
  "normals.full.angular_mean": {
    "mean": 92.83278884124756,
    "std": 1.480008945052161,
    "median": 93.00220489501953,
    "min": 85.66548156738281,
    "max": 96.4805679321289,
    "count": 4000
  },
  "normals.full.angular_median": {
    "mean": 87.21533821678162,
    "std": 0.8551230648327667,
    "median": 87.2985610961914,
    "min": 79.81536865234375,
    "max": 89.33834838867188,
    "count": 4000
  },
  "normals.full.inlier_11_25": {
    "mean": 0.043816789450123905,
    "std": 0.010489459341702832,
    "median": 0.044481683522462845,
    "min": 0.008427546359598637,
    "max": 0.08798837661743164,
    "count": 4000
  },
  "normals.full.inlier_22_5": {
    "mean": 0.09246706346049904,
    "std": 0.010835983673804016,
    "median": 0.093612190335989,
    "min": 0.04509671404957771,
    "max": 0.13951388001441956,
    "count": 4000
  },
  "normals.full.inlier_30": {
    "mean": 0.11658830830082298,
    "std": 0.009527742502362307,
    "median": 0.11738478019833565,
    "min": 0.07642018049955368,
    "max": 0.16365492343902588,
    "count": 4000
  },
  "normals.building.angular_mean": {
    "mean": 80.85333561457641,
    "std": 6.9428519791148435,
    "median": 81.14754867553711,
    "min": 40.23284912109375,
    "max": 172.85751342773438,
    "count": 2820
  },
  "normals.building.angular_median": {
    "mean": 84.67542987123448,
    "std": 7.04950057466193,
    "median": 84.93396377563477,
    "min": 3.739997386932373,
    "max": 168.93359375,
    "count": 2820
  },
  "normals.building.inlier_11_25": {
    "mean": 0.05638356827932628,
    "std": 0.04425210742477404,
    "median": 0.04572067782282829,
    "min": 0.0,
    "max": 0.5,
    "count": 2820
  },
  "normals.building.inlier_22_5": {
    "mean": 0.1303810091583547,
    "std": 0.05705616923808146,
    "median": 0.11918548122048378,
    "min": 0.0,
    "max": 0.5833333730697632,
    "count": 2820
  },
  "normals.building.inlier_30": {
    "mean": 0.1703116722266249,
    "std": 0.05689355992038098,
    "median": 0.160513237118721,
    "min": 0.0,
    "max": 0.5833333730697632,
    "count": 2820
  },
  "photometric.building.error": {
    "mean": 0.12634380417038324,
    "std": 0.09039095708929822,
    "median": 0.10559957101941109,
    "min": 0.0,
    "max": 0.795661985874176,
    "count": 2460
  },
  "photometric.building.inlier_ratio": {
    "mean": 0.5027930620474725,
    "std": 0.22843528860444687,