{
  "depth.full.mae": {
    "mean": 3.5715914901793004,
    "std": 1.264468642597923,
    "median": 3.675496816635132,
    "min": 0.5718492865562439,
    "max": 8.782651901245117,
    "count": 4000
  },
  "depth.full.rmse": {
    "mean": 6.505089329481125,
    "std": 2.176161898481318,
    "median": 6.876634359359741,
    "min": 0.7811229825019836,
    "max": 14.496403694152832,
    "count": 4000
  },
  "depth.full.abs_rel": {
    "mean": 0.27918954052962364,
    "std": 0.16181316767870696,
    "median": 0.2292148619890213,
    "min": 0.039000190794467926,
    "max": 0.9188374280929565,
    "count": 4000
  },
  "depth.full.sq_rel": {
    "mean": 3.1631792677007615,
    "std": 2.626257517402549,
    "median": 2.4367743730545044,
    "min": 0.0604703314602375,
    "max": 25.569049835205078,
    "count": 4000
  },
  "depth.full.delta1": {
    "mean": 0.6881265550814569,
    "std": 0.192743605466371,
    "median": 0.7398959994316101,
    "min": 0.19669386744499207,
    "max": 0.9930207133293152,
    "count": 4000
  },
  "depth.full.delta2": {
    "mean": 0.8859316807389259,
    "std": 0.07481667386539691,
    "median": 0.896107017993927,
    "min": 0.5949220061302185,
    "max": 0.9998133182525635,
    "count": 4000
  },
  "depth.full.delta3": {
    "mean": 0.942190387263894,
    "std": 0.045766658648103045,
    "median": 0.9520247876644135,
    "min": 0.745424211025238,
    "max": 1.0,
    "count": 4000
  },
  "depth.full.rmse_log": {
    "mean": 0.3265868997965008,
    "std": 0.1323788295841084,
    "median": 0.3049730360507965,
    "min": 0.06544031947851181,
    "max": 0.6713252663612366,
    "count": 4000
  },
  "depth.full.si_log": {
    "mean": 0.32325282533466815,
    "std": 0.1326830774601458,
    "median": 0.30176301300525665,
    "min": 0.06534063071012497,
    "max": 0.6638488173484802,
    "count": 4000
  },
  "depth.building.mae": {
    "mean": 9.841224694087229,
    "std": 5.336770989681706,
    "median": 8.988720893859863,
    "min": 0.5142836570739746,
    "max": 52.90388488769531,
    "count": 2749
  },
  "depth.building.rmse": {
    "mean": 12.024829239726456,
    "std": 5.798516155230335,
    "median": 11.432202339172363,
    "min": 0.5171713829040527,
    "max": 52.92682647705078,
    "count": 2749
  },
  "depth.building.abs_rel": {
    "mean": 0.900115656596329,
    "std": 1.2026101772755595,
    "median": 0.5432314276695251,
    "min": 0.019366035237908363,
    "max": 19.59047508239746,
    "count": 2749
  },
  "depth.building.sq_rel": {
    "mean": 15.313955171035095,
    "std": 23.56737570150974,
    "median": 8.23570442199707,
    "min": 0.010071797296404839,
    "max": 329.3395690917969,
    "count": 2749
  },
  "depth.building.delta1": {
    "mean": 0.38666685419931696,
    "std": 0.24482006432341233,
    "median": 0.35396772623062134,
    "min": 0.0,
    "max": 1.0,
    "count": 2749
  },
  "depth.building.delta2": {
    "mean": 0.622103628425843,
    "std": 0.2721927404000488,
    "median": 0.6617264151573181,
    "min": 0.0,
    "max": 1.0,
    "count": 2749
  },
  "depth.building.delta3": {
    "mean": 0.7592213566788693,
    "std": 0.24170052189947408,
    "median": 0.8253854513168335,
    "min": 0.0,
    "max": 1.0,
    "count": 2749
  },
  "depth.building.rmse_log": {
    "mean": 0.6058124528730965,
    "std": 0.3506405780906469,
    "median": 0.5442891716957092,
    "min": 0.019670262932777405,
    "max": 2.9382331371307373,
    "count": 2749
  },
  "depth.building.si_log": {
    "mean": 0.47226585007646005,
    "std": 0.24064914123924414,
    "median": 0.4514201283454895,
    "min": 0.001220703125,
    "max": 1.6834940910339355,
    "count": 2749
  },
  "depth.non_building.mae": {
    "mean": 3.3938445211052897,
    "std": 1.2686785461629158,
    "median": 3.433793067932129,
    "min": 0.5059139132499695,
    "max": 8.782651901245117,
    "count": 4000
  },
  "depth.non_building.rmse": {
    "mean": 6.248500406518579,
    "std": 2.196678715119698,
    "median": 6.570023059844971,
    "min": 0.7276425957679749,
    "max": 14.496403694152832,
    "count": 4000
  },
  "depth.non_building.abs_rel": {
    "mean": 0.26407824973296373,
    "std": 0.15166000226033408,
    "median": 0.2194758504629135,
    "min": 0.03900031000375748,
    "max": 0.8584203124046326,
    "count": 4000
  },
  "depth.non_building.sq_rel": {
    "mean": 2.87544740226306,
    "std": 2.4832503101139065,
    "median": 2.1597039699554443,
    "min": 0.0604703314602375,
    "max": 19.1257266998291,
    "count": 4000
  },
  "depth.non_building.delta1": {
    "mean": 0.6963038123995066,
    "std": 0.19392848704129598,
    "median": 0.7497653663158417,
    "min": 0.1951749622821808,
    "max": 0.9930207133293152,
    "count": 4000
  },
  "depth.non_building.delta2": {
    "mean": 0.893402337372303,
    "std": 0.07027446284197977,
    "median": 0.903538703918457,
    "min": 0.5949220061302185,
    "max": 0.9998133182525635,
    "count": 4000
  },
  "depth.non_building.delta3": {
    "mean": 0.9471078973561525,
    "std": 0.042546470580615135,
    "median": 0.9568323493003845,
    "min": 0.745424211025238,
    "max": 1.0,
    "count": 4000
  },
  "depth.non_building.rmse_log": {
    "mean": 0.3145694136694074,
    "std": 0.12732255371648832,
    "median": 0.29638200998306274,
    "min": 0.06544094532728195,
    "max": 0.6713626980781555,
    "count": 4000
  },
  "depth.non_building.si_log": {
    "mean": 0.31036622129939495,
    "std": 0.12735776947076452,
    "median": 0.29166215658187866,
    "min": 0.06534130871295929,
    "max": 0.6639124751091003,
    "count": 4000
  },
  "normals.full.angular_mean": {
    "mean": 93.50793735313415,
    "std": 1.8073659896185066,
    "median": 93.69103622436523,
    "min": 82.35730743408203,
    "max": 100.07011413574219,
    "count": 4000
  },
  "normals.full.angular_median": {
    "mean": 87.19928989219666,
    "std": 0.9420798231683631,
    "median": 87.31081771850586,
    "min": 80.0326156616211,
    "max": 90.03292846679688,
    "count": 4000
  },
  "normals.full.inlier_11_25": {
    "mean": 0.04636580161144957,
    "std": 0.012161277018319906,
    "median": 0.04791330173611641,
    "min": 0.009180303663015366,
    "max": 0.09109043329954147,
    "count": 4000
  },
  "normals.full.inlier_22_5": {
    "mean": 0.0953429146958515,
    "std": 0.01242493501277903,
    "median": 0.09696044772863388,
    "min": 0.03883819282054901,
    "max": 0.14153218269348145,
    "count": 4000
  },
  "normals.full.inlier_30": {
    "mean": 0.117874284112826,
    "std": 0.010850317929720176,
    "median": 0.11871642991900444,
    "min": 0.06727851182222366,
    "max": 0.16435347497463226,
    "count": 4000
  },
  "normals.building.angular_mean": {
    "mean": 81.14889428120347,
    "std": 7.234031067107397,
    "median": 81.50142669677734,
    "min": 7.24591064453125,
    "max": 174.38226318359375,
    "count": 2749
  },
  "normals.building.angular_median": {
    "mean": 85.31297815474825,
    "std": 6.873611828485412,
    "median": 85.4525146484375,
    "min": 2.252814292907715,
    "max": 170.59080505371094,
    "count": 2749
  },
  "normals.building.inlier_11_25": {
    "mean": 0.06916349560400778,
    "std": 0.057797719728235525,
    "median": 0.05349115654826164,
    "min": 0.0,
    "max": 1.0,
    "count": 2749
  },
  "normals.building.inlier_22_5": {
    "mean": 0.14021531186988404,
    "std": 0.06693354528294333,
    "median": 0.12598568201065063,
    "min": 0.0,
    "max": 1.0,
    "count": 2749
  },
  "normals.building.inlier_30": {
    "mean": 0.1760476794007118,
    "std": 0.06377856604619847,
    "median": 0.16522365808486938,
    "min": 0.0,
    "max": 1.0,
    "count": 2749
  },
  "planarity.building.residual_mean": {
    "mean": 0.40171452273445046,
    "std": 0.48067291174679083,
    "median": 0.3889295160770416,
    "min": 0.010595808736979961,
    "max": 21.021808624267578,
    "count": 2602
  },
  "planarity.building.residual_median": {
    "mean": 0.37623532051986497,
    "std": 0.48550443135035065,