{
  "depth.full.mae": {
    "mean": 3.5965100655406714,
    "std": 1.2359031828477707,
    "median": 3.7201015949249268,
    "min": 0.5712201595306396,
    "max": 8.173544883728027,
    "count": 4000
  },
  "depth.full.rmse": {
    "mean": 6.586861257448793,
    "std": 2.1250818382182555,
    "median": 6.956380844116211,
    "min": 0.7912164330482483,
    "max": 14.919055938720703,
    "count": 4000
  },
  "depth.full.abs_rel": {
    "mean": 0.2728795909313485,
    "std": 0.15725631777444518,
    "median": 0.22656938433647156,
    "min": 0.056706301867961884,
    "max": 0.8800391554832458,
    "count": 4000
  },
  "depth.full.sq_rel": {
    "mean": 3.07526194412075,
    "std": 2.468750413497623,
    "median": 2.3925639390945435,
    "min": 0.09332192689180374,
    "max": 24.61188316345215,
    "count": 4000
  },
  "depth.full.delta1": {
    "mean": 0.6891024989113211,
    "std": 0.1883886245339252,
    "median": 0.7373014092445374,
    "min": 0.21548855304718018,
    "max": 0.9846503734588623,
    "count": 4000
  },
  "depth.full.delta2": {
    "mean": 0.8848869347721339,
    "std": 0.07348176959726165,
    "median": 0.896249532699585,
    "min": 0.48410820960998535,
    "max": 0.9997283220291138,
    "count": 4000
  },
  "depth.full.delta3": {
    "mean": 0.9423235605359077,
    "std": 0.04447967334186237,
    "median": 0.9523496031761169,
    "min": 0.7726265788078308,
    "max": 1.0,
    "count": 4000
  },
  "depth.full.rmse_log": {
    "mean": 0.32442919156327843,
    "std": 0.12840253621191122,
    "median": 0.30693458020687103,
    "min": 0.07956437766551971,
    "max": 0.6976195573806763,
    "count": 4000
  },
  "depth.full.si_log": {
    "mean": 0.32102875564433636,
    "std": 0.12850630041140682,
    "median": 0.30207039415836334,
    "min": 0.07871666550636292,
    "max": 0.697380542755127,
    "count": 4000
  },
  "depth.building.mae": {
    "mean": 9.647757910469759,
    "std": 5.208432511928573,
    "median": 9.294050216674805,
    "min": 0.5607482194900513,
    "max": 33.4921875,
    "count": 2763
  },
  "depth.building.rmse": {
    "mean": 11.915569451724194,
    "std": 5.75622236883847,
    "median": 11.819780349731445,
    "min": 0.5643173456192017,
    "max": 35.19961166381836,
    "count": 2763
  },
  "depth.building.abs_rel": {
    "mean": 0.8080888664146998,
    "std": 0.913424377922072,
    "median": 0.5359679460525513,
    "min": 0.030726924538612366,
    "max": 12.910249710083008,
    "count": 2763
  },
  "depth.building.sq_rel": {
    "mean": 13.253561622531592,
    "std": 17.571462450469046,
    "median": 7.8942084312438965,
    "min": 0.04393308609724045,
    "max": 266.2325744628906,
    "count": 2763
  },
  "depth.building.delta1": {
    "mean": 0.3818628510288015,
    "std": 0.23628786739898575,
    "median": 0.3440881073474884,
    "min": 0.0,
    "max": 1.0,
    "count": 2763
  },
  "depth.building.delta2": {
    "mean": 0.6271457040769736,
    "std": 0.2550486357154848,
    "median": 0.6477199792861938,
    "min": 0.0,
    "max": 1.0,
    "count": 2763
  },
  "depth.building.delta3": {
    "mean": 0.7711951060391157,
    "std": 0.22285035568662978,
    "median": 0.8233005404472351,
    "min": 0.0,
    "max": 1.0,
    "count": 2763
  },
  "depth.building.rmse_log": {
    "mean": 0.5867284696442663,
    "std": 0.3122693103699913,
    "median": 0.5397593379020691,
    "min": 0.03191680088639259,
    "max": 2.520113706588745,
    "count": 2763
  },
  "depth.building.si_log": {
    "mean": 0.46994731238678467,
    "std": 0.23268637300264922,
    "median": 0.4596419036388397,
    "min": 0.0011187929194420576,
    "max": 1.4975941181182861,
    "count": 2763
  },
  "depth.non_building.mae": {
    "mean": 3.405869573675096,
    "std": 1.2429789274565857,
    "median": 3.4776655435562134,
    "min": 0.3957868218421936,
    "max": 8.173544883728027,
    "count": 4000
  },
  "depth.non_building.rmse": {
    "mean": 6.3083480203002695,
    "std": 2.160492951082495,
    "median": 6.625173568725586,
    "min": 0.5344458222389221,
    "max": 14.919055938720703,
    "count": 4000
  },
  "depth.non_building.abs_rel": {
    "mean": 0.2571105529898778,
    "std": 0.14549851156865035,
    "median": 0.21488378196954727,
    "min": 0.05500354245305061,
    "max": 0.760658860206604,
    "count": 4000
  },
  "depth.non_building.sq_rel": {
    "mean": 2.7798281476050617,
    "std": 2.2965898660657675,
    "median": 2.1493738889694214,
    "min": 0.061575837433338165,
    "max": 15.528085708618164,
    "count": 4000
  },
  "depth.non_building.delta1": {
    "mean": 0.6998839017413556,
    "std": 0.18938751289339614,
    "median": 0.7512732446193695,
    "min": 0.21680863201618195,
    "max": 0.9852061867713928,
    "count": 4000
  },
  "depth.non_building.delta2": {
    "mean": 0.8936686309725046,
    "std": 0.06854225787118202,
    "median": 0.9040586650371552,
    "min": 0.48484134674072266,
    "max": 1.0,
    "count": 4000
  },
  "depth.non_building.delta3": {
    "mean": 0.9476388615220785,
    "std": 0.040577828390094176,
    "median": 0.9568140208721161,
    "min": 0.7757048606872559,
    "max": 1.0,
    "count": 4000
  },
  "depth.non_building.rmse_log": {
    "mean": 0.3114476228654385,
    "std": 0.12273998212941223,
    "median": 0.2963443100452423,
    "min": 0.078366719186306,
    "max": 0.6646623015403748,
    "count": 4000
  },
  "depth.non_building.si_log": {
    "mean": 0.30717122385464607,
    "std": 0.12274181916729505,
    "median": 0.2917306125164032,
    "min": 0.07387574762105942,
    "max": 0.6643983721733093,
    "count": 4000
  },
  "normals.full.angular_mean": {
    "mean": 93.47322473716736,
    "std": 1.9698578083333065,
    "median": 93.7724380493164,
    "min": 80.56005859375,
    "max": 100.34811401367188,
    "count": 4000
  },
  "normals.full.angular_median": {
    "mean": 87.07471525382995,
    "std": 1.0239904302593419,
    "median": 87.20254516601562,
    "min": 76.2169189453125,
    "max": 89.62892150878906,
    "count": 4000
  },
  "normals.full.inlier_11_25": {
    "mean": 0.047424849308561536,
    "std": 0.012560760840705294,
    "median": 0.04903818666934967,
    "min": 0.007083809468895197,
    "max": 0.09406682848930359,
    "count": 4000
  },
  "normals.full.inlier_22_5": {
    "mean": 0.09748708398547024,
    "std": 0.012675840317284436,
    "median": 0.09953845664858818,
    "min": 0.035971224308013916,
    "max": 0.14468920230865479,
    "count": 4000
  },
  "normals.full.inlier_30": {
    "mean": 0.11926423162594438,
    "std": 0.010792769183802077,
    "median": 0.1203722283244133,
    "min": 0.06687524914741516,
    "max": 0.16599367558956146,
    "count": 4000
  },
  "normals.building.angular_mean": {
    "mean": 81.19736883064736,
    "std": 7.2836721249737675,
    "median": 81.60539245605469,
    "min": 7.655156135559082,
    "max": 174.5487060546875,
    "count": 2763
  },
  "normals.building.angular_median": {
    "mean": 85.25163747743986,
    "std": 7.17404998479312,
    "median": 85.69715118408203,
    "min": 2.673787832260132,
    "max": 170.7624969482422,
    "count": 2763
  },
  "normals.building.inlier_11_25": {
    "mean": 0.06925526601251436,
    "std": 0.0589109893226341,
    "median": 0.05357927083969116,
    "min": 0.0,
    "max": 1.0,
    "count": 2763
  },
  "normals.building.inlier_22_5": {
    "mean": 0.13990288267907805,
    "std": 0.06865138667743498,
    "median": 0.12553834915161133,
    "min": 0.0,
    "max": 1.0,
    "count": 2763
  },
  "normals.building.inlier_30": {
    "mean": 0.175012183912271,
    "std": 0.06544550509276964,
    "median": 0.16423045098781586,
    "min": 0.0,
    "max": 1.0,
    "count": 2763
  },
  "planarity.building.residual_mean": {
    "mean": 0.3816003748534486,
    "std": 0.20579525425792985,
    "median": 0.38491642475128174,
    "min": 0.011546969413757324,
    "max": 4.41671085357666,
    "count": 2615
  },
  "planarity.building.residual_median": {
    "mean": 0.35371653291024624,
    "std": 0.19200893320619858,