{
  "depth.full.mae": {
    "mean": 3.637048200309277,
    "std": 1.2255427587851992,
    "median": 3.686073064804077,
    "min": 0.5445147156715393,
    "max": 8.270596504211426,
    "count": 4000
  },
  "depth.full.rmse": {
    "mean": 6.637154662519693,
    "std": 2.0888547170302174,
    "median": 6.9052956104278564,
    "min": 0.7724006175994873,
    "max": 15.048003196716309,
    "count": 4000
  },
  "depth.full.abs_rel": {
    "mean": 0.273835799658671,
    "std": 0.1549965660297608,
    "median": 0.2304711565375328,
    "min": 0.041470326483249664,
    "max": 0.9810225367546082,
    "count": 4000
  },
  "depth.full.sq_rel": {
    "mean": 3.0397951777065173,
    "std": 2.41389139400665,
    "median": 2.4077869653701782,
    "min": 0.04837349057197571,
    "max": 23.83551597595215,
    "count": 4000
  },
  "depth.full.delta1": {
    "mean": 0.6852084635570646,
    "std": 0.1901143411384909,
    "median": 0.7361128628253937,
    "min": 0.21599113941192627,
    "max": 0.9937599301338196,
    "count": 4000
  },
  "depth.full.delta2": {
    "mean": 0.880950257152319,
    "std": 0.07826145361692875,
    "median": 0.8952985405921936,
    "min": 0.48439568281173706,
    "max": 0.9996572732925415,
    "count": 4000
  },
  "depth.full.delta3": {
    "mean": 0.9406691732406616,
    "std": 0.04700974775077007,
    "median": 0.9521992802619934,
    "min": 0.7746320366859436,
    "max": 1.0,
    "count": 4000
  },
  "depth.full.rmse_log": {
    "mean": 0.3262013025553897,
    "std": 0.12942337494848663,
    "median": 0.30661559104919434,
    "min": 0.060885924845933914,
    "max": 0.6791691780090332,
    "count": 4000
  },
  "depth.full.si_log": {
    "mean": 0.3230482574310154,
    "std": 0.12967412300572864,
    "median": 0.30232854187488556,
    "min": 0.06078977882862091,
    "max": 0.6790789365768433,
    "count": 4000
  },
  "depth.building.mae": {
    "mean": 9.821387289393265,
    "std": 5.234597990086057,
    "median": 9.277870178222656,
    "min": 0.6099664568901062,
    "max": 36.82040023803711,
    "count": 2825
  },
  "depth.building.rmse": {
    "mean": 12.154039870215728,
    "std": 5.874202072992308,
    "median": 11.891800880432129,
    "min": 0.6854299306869507,
    "max": 41.115623474121094,
    "count": 2825
  },
  "depth.building.abs_rel": {
    "mean": 0.7959776576667761,
    "std": 0.9328810213155027,
    "median": 0.5062139630317688,
    "min": 0.06656137853860855,
    "max": 11.918639183044434,
    "count": 2825
  },
  "depth.building.sq_rel": {
    "mean": 13.142960636673775,
    "std": 18.447601506014372,
    "median": 7.643647193908691,
    "min": 0.08947837352752686,
    "max": 216.83856201171875,
    "count": 2825
  },
  "depth.building.delta1": {
    "mean": 0.37999000015058676,
    "std": 0.2219847796642488,
    "median": 0.35169491171836853,
    "min": 0.0,
    "max": 1.0,
    "count": 2825
  },
  "depth.building.delta2": {
    "mean": 0.6311359504607827,
    "std": 0.24710916430008978,
    "median": 0.6598936319351196,
    "min": 0.0,
    "max": 1.0,
    "count": 2825
  },
  "depth.building.delta3": {
    "mean": 0.772050061793421,
    "std": 0.21852973794131864,
    "median": 0.8285381197929382,
    "min": 0.0,
    "max": 1.0,
    "count": 2825
  },
  "depth.building.rmse_log": {
    "mean": 0.5843630513627972,
    "std": 0.3073726001231731,
    "median": 0.5263580083847046,
    "min": 0.07729346305131912,
    "max": 2.487356662750244,
    "count": 2825
  },
  "depth.building.si_log": {
    "mean": 0.47081600914730903,
    "std": 0.2252495425664598,
    "median": 0.44813311100006104,
    "min": 0.0003452669770922512,
    "max": 1.4952442646026611,
    "count": 2825
  },
  "depth.non_building.mae": {
    "mean": 3.4551822776496413,
    "std": 1.2324008895265242,
    "median": 3.4649100303649902,
    "min": 0.5445147156715393,
    "max": 8.270596504211426,
    "count": 4000
  },
  "depth.non_building.rmse": {
    "mean": 6.374818876683712,
    "std": 2.107181083700174,
    "median": 6.662011623382568,
    "min": 0.7724006175994873,
    "max": 15.048003196716309,
    "count": 4000
  },
  "depth.non_building.abs_rel": {
    "mean": 0.2602983433790505,
    "std": 0.14617764921629686,
    "median": 0.22115077823400497,
    "min": 0.041470326483249664,
    "max": 0.9072411060333252,
    "count": 4000
  },
  "depth.non_building.sq_rel": {
    "mean": 2.776095300278626,
    "std": 2.2634428814216916,
    "median": 2.1777204275131226,
    "min": 0.04837349057197571,
    "max": 19.09191131591797,
    "count": 4000
  },
  "depth.non_building.delta1": {
    "mean": 0.6947257211059332,
    "std": 0.1908353946346926,
    "median": 0.7499226033687592,
    "min": 0.20996010303497314,
    "max": 0.9937599301338196,
    "count": 4000
  },
  "depth.non_building.delta2": {
    "mean": 0.8886054939106107,
    "std": 0.07455109158165758,
    "median": 0.9022201299667358,
    "min": 0.4852023422718048,
    "max": 0.9996572732925415,
    "count": 4000
  },
  "depth.non_building.delta3": {
    "mean": 0.9453455534279347,
    "std": 0.044022524134807305,
    "median": 0.9564217925071716,
    "min": 0.7913609147071838,
    "max": 1.0,
    "count": 4000
  },
  "depth.non_building.rmse_log": {
    "mean": 0.3149089478002861,
    "std": 0.12504420708412264,
    "median": 0.2958262264728546,
    "min": 0.060885924845933914,
    "max": 0.6619011163711548,
    "count": 4000
  },
  "depth.non_building.si_log": {
    "mean": 0.3112621591202915,
    "std": 0.12519046477209142,
    "median": 0.29268716275691986,
    "min": 0.06078977882862091,
    "max": 0.6616085767745972,
    "count": 4000
  },
  "normals.full.angular_mean": {
    "mean": 93.6575453968048,
    "std": 1.857052056541634,
    "median": 93.85890579223633,
    "min": 81.22052764892578,
    "max": 98.36460876464844,
    "count": 4000
  },
  "normals.full.angular_median": {
    "mean": 87.15385413360596,
    "std": 0.9160563861011966,
    "median": 87.22412109375,
    "min": 78.16081237792969,
    "max": 89.76404571533203,
    "count": 4000
  },
  "normals.full.inlier_11_25": {
    "mean": 0.04681582304043695,
    "std": 0.0119828321866111,
    "median": 0.04802749305963516,
    "min": 0.008696294389665127,
    "max": 0.08263543993234634,
    "count": 4000
  },
  "normals.full.inlier_22_5": {
    "mean": 0.09636938565596938,
    "std": 0.011979116258486732,
    "median": 0.09770311042666435,
    "min": 0.04608229920268059,
    "max": 0.14143334329128265,
    "count": 4000
  },
  "normals.full.inlier_30": {
    "mean": 0.11815915618091821,
    "std": 0.01048610414448971,
    "median": 0.11888949573040009,
    "min": 0.07799459248781204,
    "max": 0.16591593623161316,
    "count": 4000
  },
  "normals.building.angular_mean": {
    "mean": 81.0763050950312,
    "std": 6.418590037858322,
    "median": 81.43817901611328,
    "min": 47.18421173095703,
    "max": 132.1092987060547,
    "count": 2825
  },
  "normals.building.angular_median": {
    "mean": 85.17766998586401,
    "std": 5.9333558250715575,
    "median": 85.55960083007812,
    "min": 2.6081950664520264,
    "max": 108.25119018554688,
    "count": 2825
  },
  "normals.building.inlier_11_25": {
    "mean": 0.06776383830028364,
    "std": 0.05152985210553641,
    "median": 0.05268768221139908,
    "min": 0.0,
    "max": 0.5,
    "count": 2825
  },
  "normals.building.inlier_22_5": {
    "mean": 0.1379022616332611,
    "std": 0.06040489205184721,
    "median": 0.12568399310112,
    "min": 0.0,
    "max": 0.5,
    "count": 2825
  },
  "normals.building.inlier_30": {
    "mean": 0.1746039181261991,
    "std": 0.0578478981089272,
    "median": 0.16446790099143982,
    "min": 0.0,
    "max": 0.5,
    "count": 2825
  },
  "planarity.building.residual_mean": {
    "mean": 0.37258028154747613,
    "std": 0.20527812705607312,
    "median": 0.3703417181968689,
    "min": 0.008410947397351265,
    "max": 4.320693492889404,
    "count": 2720
  },
  "planarity.building.residual_median": {
    "mean": 0.3429271802463678,
    "std": 0.19954027336613583,