{
  "depth.full.mae": {
    "mean": 3.59691316524148,
    "std": 1.2457222615067187,
    "median": 3.6866917610168457,
    "min": 0.6123645901679993,
    "max": 7.40632963180542,
    "count": 4000
  },
  "depth.full.rmse": {
    "mean": 6.554261655643582,
    "std": 2.1555017456022694,
    "median": 6.887562990188599,
    "min": 0.9126668572425842,
    "max": 13.32686996459961,
    "count": 4000
  },
  "depth.full.abs_rel": {
    "mean": 0.27499049198627473,
    "std": 0.1597448576116407,
    "median": 0.22594016790390015,
    "min": 0.03850817680358887,
    "max": 0.9911205172538757,
    "count": 4000
  },
  "depth.full.sq_rel": {
    "mean": 3.0694406114127486,
    "std": 2.529933893402454,
    "median": 2.310462474822998,
    "min": 0.07086661458015442,
    "max": 20.237112045288086,
    "count": 4000
  },
  "depth.full.delta1": {
    "mean": 0.6921254938617348,
    "std": 0.18006674668847072,
    "median": 0.7392384707927704,
    "min": 0.19145096838474274,
    "max": 0.9865404963493347,
    "count": 4000
  },
  "depth.full.delta2": {
    "mean": 0.882999734312296,
    "std": 0.07520047608433492,
    "median": 0.8960407376289368,
    "min": 0.475999116897583,
    "max": 0.9992161393165588,
    "count": 4000
  },
  "depth.full.delta3": {
    "mean": 0.9412360272109509,
    "std": 0.04603633403802842,
    "median": 0.9524475038051605,
    "min": 0.7462376952171326,
    "max": 1.0,
    "count": 4000
  },
  "depth.full.rmse_log": {
    "mean": 0.3260901682898402,
    "std": 0.12913286657237993,
    "median": 0.3038969933986664,
    "min": 0.06384669989347458,
    "max": 0.689315915107727,
    "count": 4000
  },
  "depth.full.si_log": {
    "mean": 0.3229292744081467,
    "std": 0.12943305448052494,
    "median": 0.30069853365421295,
    "min": 0.06346962600946426,
    "max": 0.6882838606834412,
    "count": 4000
  },
  "depth.building.mae": {
    "mean": 9.658184740380053,
    "std": 5.216578468640393,
    "median": 8.924415588378906,
    "min": 0.24623775482177734,
    "max": 52.29811096191406,
    "count": 2803
  },
  "depth.building.rmse": {
    "mean": 11.873765029701598,
    "std": 5.749395819518773,
    "median": 11.347491264343262,
    "min": 0.24719221889972687,
    "max": 52.32685852050781,
    "count": 2803
  },
  "depth.building.abs_rel": {
    "mean": 0.8487494504860031,
    "std": 1.4284307469355568,
    "median": 0.5157647132873535,
    "min": 0.013536952435970306,
    "max": 40.12945556640625,
    "count": 2803
  },
  "depth.building.sq_rel": {
    "mean": 13.580661500077973,
    "std": 26.341752162295617,
    "median": 7.682218551635742,
    "min": 0.004822499584406614,
    "max": 723.2264404296875,
    "count": 2803
  },
  "depth.building.delta1": {
    "mean": 0.3816753080542672,
    "std": 0.24006737840688747,
    "median": 0.34547415375709534,
    "min": 0.0,
    "max": 1.0,
    "count": 2803
  },
  "depth.building.delta2": {
    "mean": 0.6187907334672446,
    "std": 0.2651874678719894,
    "median": 0.6460235714912415,
    "min": 0.0,
    "max": 1.0,
    "count": 2803
  },
  "depth.building.delta3": {
    "mean": 0.7601265634055064,
    "std": 0.2354326419196298,
    "median": 0.8152804970741272,
    "min": 0.0,
    "max": 1.0,
    "count": 2803
  },
  "depth.building.rmse_log": {
    "mean": 0.5894115474413983,
    "std": 0.3345441963110072,
    "median": 0.5338127017021179,
    "min": 0.0135657899081707,
    "max": 3.649803400039673,
    "count": 2803
  },
  "depth.building.si_log": {
    "mean": 0.45723298023211634,
    "std": 0.23017197196332184,
    "median": 0.4360414147377014,
    "min": 0.0017464982811361551,
    "max": 1.6836844682693481,
    "count": 2803
  },
  "depth.non_building.mae": {
    "mean": 3.4138108065649866,
    "std": 1.2656354070789289,
    "median": 3.46053946018219,
    "min": 0.3390757441520691,
    "max": 7.40632963180542,
    "count": 4000
  },
  "depth.non_building.rmse": {
    "mean": 6.283627700150013,
    "std": 2.199814013164374,
    "median": 6.630465745925903,
    "min": 0.5343448519706726,
    "max": 13.32686996459961,
    "count": 4000
  },
  "depth.non_building.abs_rel": {
    "mean": 0.2610110252071172,
    "std": 0.1521960277065488,
    "median": 0.21444804966449738,
    "min": 0.03850817680358887,
    "max": 0.9127592444419861,
    "count": 4000
  },
  "depth.non_building.sq_rel": {
    "mean": 2.809858874250669,
    "std": 2.421046541947387,
    "median": 2.0718947649002075,
    "min": 0.02988968975841999,
    "max": 19.02992057800293,
    "count": 4000
  },
  "depth.non_building.delta1": {
    "mean": 0.7029993524737657,
    "std": 0.18197105845925837,
    "median": 0.7488609254360199,
    "min": 0.19060863554477692,
    "max": 0.9958747625350952,
    "count": 4000
  },
  "depth.non_building.delta2": {
    "mean": 0.8907026554495097,
    "std": 0.07251460100076276,
    "median": 0.9030604362487793,
    "min": 0.4767792224884033,
    "max": 0.9998841285705566,
    "count": 4000
  },
  "depth.non_building.delta3": {
    "mean": 0.9459515446275473,
    "std": 0.04366855781690397,
    "median": 0.957033634185791,
    "min": 0.7462376952171326,
    "max": 1.0,
    "count": 4000
  },
  "depth.non_building.rmse_log": {
    "mean": 0.3137743245298043,
    "std": 0.12643527940324806,
    "median": 0.29295699298381805,
    "min": 0.05734025314450264,
    "max": 0.6771570444107056,
    "count": 4000
  },
  "depth.non_building.si_log": {
    "mean": 0.31000976489298043,
    "std": 0.12674880536729655,
    "median": 0.289168044924736,
    "min": 0.055593639612197876,
    "max": 0.6753085851669312,
    "count": 4000
  },
  "normals.full.angular_mean": {
    "mean": 93.49913916778564,
    "std": 1.9280840580340899,
    "median": 93.7513198852539,
    "min": 80.65011596679688,
    "max": 98.32164001464844,
    "count": 4000
  },
  "normals.full.angular_median": {
    "mean": 87.12015409469605,
    "std": 1.0017254118592482,
    "median": 87.22390365600586,
    "min": 76.13117218017578,
    "max": 90.0,
    "count": 4000
  },
  "normals.full.inlier_11_25": {
    "mean": 0.045904249184648506,
    "std": 0.012068135113777986,
    "median": 0.046913452446460724,
    "min": 0.006801245734095573,
    "max": 0.08330275118350983,
    "count": 4000
  },
  "normals.full.inlier_22_5": {
    "mean": 0.09586673873011023,
    "std": 0.012324733019929765,
    "median": 0.09709088131785393,
    "min": 0.035776082426309586,
    "max": 0.13940994441509247,
    "count": 4000
  },
  "normals.full.inlier_30": {
    "mean": 0.11801832391880453,
    "std": 0.01071423988478005,
    "median": 0.11867551133036613,
    "min": 0.06734359264373779,
    "max": 0.16487471759319305,
    "count": 4000
  },
  "normals.building.angular_mean": {
    "mean": 80.84324944584955,
    "std": 6.590706321613356,
    "median": 81.2057876586914,
    "min": 37.568519592285156,
    "max": 119.7671127319336,
    "count": 2803
  },
  "normals.building.angular_median": {
    "mean": 85.10683274558302,
    "std": 6.491768381468487,
    "median": 85.60425567626953,
    "min": 3.186227321624756,
    "max": 106.84828186035156,
    "count": 2803
  },
  "normals.building.inlier_11_25": {
    "mean": 0.06926813091581194,
    "std": 0.056787789807887415,
    "median": 0.05263157933950424,
    "min": 0.0,
    "max": 0.5,
    "count": 2803
  },
  "normals.building.inlier_22_5": {
    "mean": 0.1396158794253464,
    "std": 0.0665649057589402,
    "median": 0.125,
    "min": 0.0,
    "max": 0.75,
    "count": 2803
  },
  "normals.building.inlier_30": {
    "mean": 0.17535316762442976,
    "std": 0.06331577079188978,
    "median": 0.16368545591831207,
    "min": 0.0,
    "max": 0.75,
    "count": 2803
  },
  "planarity.building.residual_mean": {
    "mean": 0.3786273142949885,
    "std": 0.20744451626884294,
    "median": 0.3721921592950821,
    "min": 0.008596164174377918,
    "max": 4.870963096618652,
    "count": 2644
  },
  "planarity.building.residual_median": {
    "mean": 0.3514490547782281,
    "std": 0.19500782256305318,