{
  "depth.full.mae": {
    "mean": 3.670941841214895,
    "std": 1.2801382221656072,
    "median": 3.7524936199188232,
    "min": 0.6185816526412964,
    "max": 7.76405143737793,
    "count": 4000
  },
  "depth.full.rmse": {
    "mean": 6.631727692529559,
    "std": 2.164990840617984,
    "median": 7.005005121231079,
    "min": 0.8904664516448975,
    "max": 13.16537857055664,
    "count": 4000
  },
  "depth.full.abs_rel": {
    "mean": 0.28700522327329964,
    "std": 0.1714939422747221,
    "median": 0.23045431077480316,
    "min": 0.049532342702150345,
    "max": 1.034613013267517,
    "count": 4000
  },
  "depth.full.sq_rel": {
    "mean": 3.198153514711186,
    "std": 2.699881737099972,
    "median": 2.3658427000045776,
    "min": 0.06232914328575134,
    "max": 23.27088737487793,
    "count": 4000
  },
  "depth.full.delta1": {
    "mean": 0.6788249332793057,
    "std": 0.19312157183683615,
    "median": 0.7345788776874542,
    "min": 0.1648741364479065,
    "max": 0.9903777241706848,
    "count": 4000
  },
  "depth.full.delta2": {
    "mean": 0.8782652609199285,
    "std": 0.08290727580799918,
    "median": 0.89468714594841,
    "min": 0.478568971157074,
    "max": 0.9995357990264893,
    "count": 4000
  },
  "depth.full.delta3": {
    "mean": 0.9383730412721634,
    "std": 0.050462437621349665,
    "median": 0.9527579843997955,
    "min": 0.7583350539207458,
    "max": 1.0,
    "count": 4000
  },
  "depth.full.rmse_log": {
    "mean": 0.3339908599741757,
    "std": 0.1359903437494256,
    "median": 0.3074294179677963,
    "min": 0.07046471536159515,
    "max": 0.7036467790603638,
    "count": 4000
  },
  "depth.full.si_log": {
    "mean": 0.330657553980127,
    "std": 0.1365885773189632,
    "median": 0.3038610368967056,
    "min": 0.06977725774049759,
    "max": 0.7036454081535339,
    "count": 4000
  },
  "depth.building.mae": {
    "mean": 10.326605364560558,
    "std": 5.366135299877685,
    "median": 9.649272918701172,
    "min": 0.28306150436401367,
    "max": 36.81085205078125,
    "count": 2738
  },
  "depth.building.rmse": {
    "mean": 12.535302500684736,
    "std": 5.901930759377638,
    "median": 12.112415790557861,
    "min": 0.2862018942832947,
    "max": 41.18768310546875,
    "count": 2738
  },
  "depth.building.abs_rel": {
    "mean": 0.9731664913342524,
    "std": 1.492580294307593,
    "median": 0.5458827614784241,
    "min": 0.010659057646989822,
    "max": 31.531736373901367,
    "count": 2738
  },
  "depth.building.sq_rel": {
    "mean": 16.291494629220914,
    "std": 29.25781860310847,
    "median": 8.851445198059082,
    "min": 0.003084487048909068,
    "max": 710.9940185546875,
    "count": 2738
  },
  "depth.building.delta1": {
    "mean": 0.35920905684662807,
    "std": 0.23506768380738438,
    "median": 0.3374600261449814,
    "min": 0.0,
    "max": 1.0,
    "count": 2738
  },
  "depth.building.delta2": {
    "mean": 0.5905014655922799,
    "std": 0.27689389481253046,
    "median": 0.6362649202346802,
    "min": 0.0,
    "max": 1.0,
    "count": 2738
  },
  "depth.building.delta3": {
    "mean": 0.7336448918859841,
    "std": 0.255939939210604,
    "median": 0.8101874589920044,
    "min": 0.0,
    "max": 1.0,
    "count": 2738
  },
  "depth.building.rmse_log": {
    "mean": 0.6348649619230178,
    "std": 0.36300600542191624,
    "median": 0.5500778555870056,
    "min": 0.01083771139383316,
    "max": 3.1848554611206055,
    "count": 2738
  },
  "depth.building.si_log": {
    "mean": 0.48946549304220327,
    "std": 0.24375491401163962,
    "median": 0.4650529623031616,
    "min": 0.0,
    "max": 1.466913104057312,
    "count": 2738
  },
  "depth.non_building.mae": {
    "mean": 3.4701493731588124,
    "std": 1.2946754324902783,
    "median": 3.507194757461548,
    "min": 0.3530493378639221,
    "max": 7.76405143737793,
    "count": 4000
  },
  "depth.non_building.rmse": {
    "mean": 6.340305201023817,
    "std": 2.207310451022261,
    "median": 6.667758464813232,
    "min": 0.5679886341094971,
    "max": 12.617766380310059,
    "count": 4000
  },
  "depth.non_building.abs_rel": {
    "mean": 0.2706503341458738,
    "std": 0.16177611543060152,
    "median": 0.21933966875076294,
    "min": 0.04208024591207504,
    "max": 0.9369485378265381,
    "count": 4000
  },
  "depth.non_building.sq_rel": {
    "mean": 2.901809782850556,
    "std": 2.5563316504628277,
    "median": 2.1321831941604614,
    "min": 0.03633223846554756,
    "max": 18.745168685913086,
    "count": 4000
  },
  "depth.non_building.delta1": {
    "mean": 0.6899012319408357,
    "std": 0.19515173203875907,
    "median": 0.74678635597229,
    "min": 0.16547510027885437,
    "max": 0.9926635026931763,
    "count": 4000
  },
  "depth.non_building.delta2": {
    "mean": 0.8872231140211224,
    "std": 0.07863982865840355,
    "median": 0.9024388194084167,
    "min": 0.47866401076316833,
    "max": 0.9998117089271545,
    "count": 4000
  },
  "depth.non_building.delta3": {
    "mean": 0.9440255665481091,
    "std": 0.04691931540092822,
    "median": 0.957246720790863,
    "min": 0.7723961472511292,
    "max": 1.0,
    "count": 4000
  },
  "depth.non_building.rmse_log": {
    "mean": 0.32027612942643463,
    "std": 0.13204623435947446,
    "median": 0.29643215239048004,
    "min": 0.0636664405465126,
    "max": 0.6785209774971008,
    "count": 4000
  },
  "depth.non_building.si_log": {
    "mean": 0.316252717314288,
    "std": 0.1325158206094214,
    "median": 0.2934141159057617,
    "min": 0.05796124041080475,
    "max": 0.6772306561470032,
    "count": 4000
  },
  "normals.full.angular_mean": {
    "mean": 93.07013147735596,
    "std": 1.6910303793439934,
    "median": 93.234375,
    "min": 82.90428161621094,
    "max": 99.55772399902344,
    "count": 4000
  },
  "normals.full.angular_median": {
    "mean": 87.11080638694763,
    "std": 0.9450321962412115,
    "median": 87.22036361694336,
    "min": 78.63092041015625,
    "max": 89.61560821533203,
    "count": 4000
  },
  "normals.full.inlier_11_25": {
    "mean": 0.04359273579053115,
    "std": 0.011729502374800183,
    "median": 0.04472736082971096,
    "min": 0.007520418148487806,
    "max": 0.08750147372484207,
    "count": 4000
  },
  "normals.full.inlier_22_5": {
    "mean": 0.092562314462848,
    "std": 0.012311331147312142,
    "median": 0.09415122866630554,
    "min": 0.04571620374917984,
    "max": 0.1395043432712555,
    "count": 4000
  },
  "normals.full.inlier_30": {
    "mean": 0.11633897702768445,
    "std": 0.010669349480260094,
    "median": 0.11722365021705627,
    "min": 0.07380696386098862,
    "max": 0.1661604642868042,
    "count": 4000
  },
  "normals.building.angular_mean": {
    "mean": 81.11231233639992,
    "std": 6.515862028198244,
    "median": 81.19649505615234,
    "min": 29.962718963623047,
    "max": 131.93251037597656,
    "count": 2738
  },
  "normals.building.angular_median": {
    "mean": 84.94309283016894,
    "std": 6.419659685991429,
    "median": 85.24585723876953,
    "min": 4.152467727661133,
    "max": 103.35491180419922,
    "count": 2738
  },
  "normals.building.inlier_11_25": {
    "mean": 0.05927565489214327,
    "std": 0.04689384669138257,
    "median": 0.04785975627601147,
    "min": 0.0,
    "max": 0.5833333730697632,
    "count": 2738
  },
  "normals.building.inlier_22_5": {
    "mean": 0.1318550519512557,
    "std": 0.05826241068984656,
    "median": 0.12018703669309616,
    "min": 0.0,
    "max": 0.5833333730697632,
    "count": 2738
  },
  "normals.building.inlier_30": {
    "mean": 0.1702988516876761,
    "std": 0.056231031034281495,
    "median": 0.16037989407777786,
    "min": 0.0,
    "max": 0.5833333730697632,
    "count": 2738
  },
  "planarity.building.residual_mean": {
    "mean": 0.41410844906858735,
    "std": 0.46471421164872956,
    "median": 0.4029611349105835,
    "min": 0.009702848270535469,
    "max": 20.681636810302734,
    "count": 2631
  },
  "planarity.building.residual_median": {
    "mean": 0.38693241528877853,