{
  "depth.full.mae": {
    "mean": 3.6399988564401866,
    "std": 1.1604341947883134,
    "median": 3.727842092514038,
    "min": 0.6001371741294861,
    "max": 7.875617980957031,
    "count": 4000
  },
  "depth.full.rmse": {
    "mean": 6.673346692442894,
    "std": 2.003926162856984,
    "median": 6.923385381698608,
    "min": 0.8442216515541077,
    "max": 14.655678749084473,
    "count": 4000
  },
  "depth.full.abs_rel": {
    "mean": 0.27733342672884465,
    "std": 0.15773608183115995,
    "median": 0.23058370500802994,
    "min": 0.036296818405389786,
    "max": 0.9110087156295776,
    "count": 4000
  },
  "depth.full.sq_rel": {
    "mean": 3.211859150188975,
    "std": 2.611275236824787,
    "median": 2.4745941162109375,
    "min": 0.05570000037550926,
    "max": 26.513957977294922,
    "count": 4000
  },
  "depth.full.delta1": {
    "mean": 0.6878874769322574,
    "std": 0.18844998011916386,
    "median": 0.7424066066741943,
    "min": 0.2095092236995697,
    "max": 0.9943804740905762,
    "count": 4000
  },
  "depth.full.delta2": {
    "mean": 0.8847040910571814,
    "std": 0.07357462834942459,
    "median": 0.8961651027202606,
    "min": 0.46384143829345703,
    "max": 0.9997418522834778,
    "count": 4000
  },
  "depth.full.delta3": {
    "mean": 0.9422573667764663,
    "std": 0.04416461899058302,
    "median": 0.95233353972435,
    "min": 0.7796253561973572,
    "max": 1.0,
    "count": 4000
  },
  "depth.full.rmse_log": {
    "mean": 0.3267167867384851,
    "std": 0.12733688233676624,
    "median": 0.30564410984516144,
    "min": 0.061172351241111755,
    "max": 0.6712034344673157,
    "count": 4000
  },
  "depth.full.si_log": {
    "mean": 0.3233391318311915,
    "std": 0.12781681859422073,
    "median": 0.3016248494386673,
    "min": 0.06084490567445755,
    "max": 0.6710612773895264,
    "count": 4000
  },
  "depth.building.mae": {
    "mean": 9.83597750321311,
    "std": 5.155136421626343,
    "median": 9.351828575134277,
    "min": 0.06779289245605469,
    "max": 36.667816162109375,
    "count": 2764
  },
  "depth.building.rmse": {
    "mean": 12.168907487737998,
    "std": 5.728661917891729,
    "median": 11.893153190612793,
    "min": 0.07307565957307816,
    "max": 39.52057647705078,
    "count": 2764
  },
  "depth.building.abs_rel": {
    "mean": 0.8131452833478205,
    "std": 0.9003224984246403,
    "median": 0.5153566300868988,
    "min": 0.005350406281650066,
    "max": 10.424280166625977,
    "count": 2764
  },
  "depth.building.sq_rel": {
    "mean": 14.289430432716593,
    "std": 20.88939859625381,
    "median": 8.170336723327637,
    "min": 0.0004214519285596907,
    "max": 288.454345703125,
    "count": 2764
  },
  "depth.building.delta1": {
    "mean": 0.3893148481319207,
    "std": 0.22644644387778262,
    "median": 0.3619406223297119,
    "min": 0.0,
    "max": 1.0,
    "count": 2764
  },
  "depth.building.delta2": {
    "mean": 0.6336266117388795,
    "std": 0.25010963014473914,
    "median": 0.6663202941417694,
    "min": 0.0,
    "max": 1.0,
    "count": 2764
  },
  "depth.building.delta3": {
    "mean": 0.7695881877628232,
    "std": 0.2224347824797286,
    "median": 0.8270831108093262,
    "min": 0.0,
    "max": 1.0,
    "count": 2764
  },
  "depth.building.rmse_log": {
    "mean": 0.5876969136796385,
    "std": 0.30960598286395397,
    "median": 0.525350034236908,
    "min": 0.0057475268840789795,
    "max": 2.435669183731079,
    "count": 2764
  },
  "depth.building.si_log": {
    "mean": 0.4702656513605892,
    "std": 0.2249173913850827,
    "median": 0.44668544828891754,
    "min": 0.0014546356396749616,
    "max": 1.4898545742034912,
    "count": 2764
  },
  "depth.non_building.mae": {
    "mean": 3.447715229049325,
    "std": 1.169577874287373,
    "median": 3.4795327186584473,
    "min": 0.5969662666320801,
    "max": 7.875617980957031,
    "count": 4000
  },
  "depth.non_building.rmse": {
    "mean": 6.393168978691101,
    "std": 2.0351362713168246,
    "median": 6.635067462921143,
    "min": 0.8442216515541077,
    "max": 14.655678749084473,
    "count": 4000
  },
  "depth.non_building.abs_rel": {
    "mean": 0.26275339846313,
    "std": 0.14844150999465805,
    "median": 0.21993765234947205,
    "min": 0.036296408623456955,
    "max": 0.7982181906700134,
    "count": 4000
  },
  "depth.non_building.sq_rel": {
    "mean": 2.9152356407148763,
    "std": 2.4496783573669436,
    "median": 2.2057543992996216,
    "min": 0.05570000037550926,
    "max": 19.663896560668945,
    "count": 4000
  },
  "depth.non_building.delta1": {
    "mean": 0.6974884773530066,
    "std": 0.18980088359074082,
    "median": 0.7542577683925629,
    "min": 0.205472931265831,
    "max": 0.9943804740905762,
    "count": 4000
  },
  "depth.non_building.delta2": {
    "mean": 0.8925689172297716,
    "std": 0.07023518217546333,
    "median": 0.9036888480186462,
    "min": 0.46435511112213135,
    "max": 0.9997386336326599,
    "count": 4000
  },
  "depth.non_building.delta3": {
    "mean": 0.9470362042486667,
    "std": 0.04158731507138977,
    "median": 0.9571045637130737,
    "min": 0.7906579375267029,
    "max": 1.0,
    "count": 4000
  },
  "depth.non_building.rmse_log": {
    "mean": 0.31466664557438345,
    "std": 0.12279817562559592,
    "median": 0.29579608142375946,
    "min": 0.06117255613207817,
    "max": 0.6704690456390381,
    "count": 4000
  },
  "depth.non_building.si_log": {
    "mean": 0.3105392016908154,
    "std": 0.12313886573124834,
    "median": 0.29067759215831757,
    "min": 0.06084524095058441,
    "max": 0.6702937483787537,
    "count": 4000
  },
  "normals.full.angular_mean": {
    "mean": 93.73081435966492,
    "std": 1.7725005855358784,
    "median": 93.92832946777344,
    "min": 81.46517944335938,
    "max": 98.86378479003906,
    "count": 4000
  },
  "normals.full.angular_median": {
    "mean": 87.2143613910675,
    "std": 0.8377332432250636,
    "median": 87.30064392089844,
    "min": 78.43970489501953,
    "max": 89.69677734375,
    "count": 4000
  },
  "normals.full.inlier_11_25": {
    "mean": 0.04787029860075563,
    "std": 0.012109735698636537,
    "median": 0.04920368641614914,
    "min": 0.00826310459524393,
    "max": 0.08433958888053894,
    "count": 4000
  },
  "normals.full.inlier_22_5": {
    "mean": 0.09752337608300149,
    "std": 0.01192988829505835,
    "median": 0.09896983578801155,
    "min": 0.045439496636390686,
    "max": 0.13340482115745544,
    "count": 4000
  },
  "normals.full.inlier_30": {
    "mean": 0.11898686293885112,
    "std": 0.010414925934442999,
    "median": 0.11986817792057991,
    "min": 0.07302539795637131,
    "max": 0.15403038263320923,
    "count": 4000
  },
  "normals.building.angular_mean": {
    "mean": 81.49937562763087,
    "std": 6.684977349847822,
    "median": 82.0298080444336,
    "min": 39.86894607543945,
    "max": 121.85870361328125,
    "count": 2764
  },
  "normals.building.angular_median": {
    "mean": 85.53966190759766,
    "std": 6.302016304361452,
    "median": 85.9109878540039,
    "min": 3.610264778137207,
    "max": 102.97754669189453,
    "count": 2764
  },
  "normals.building.inlier_11_25": {
    "mean": 0.07120588235144319,
    "std": 0.06121623659915788,
    "median": 0.053678810596466064,
    "min": 0.0,
    "max": 0.5833333730697632,
    "count": 2764
  },
  "normals.building.inlier_22_5": {
    "mean": 0.13862218758813746,
    "std": 0.06581860805119513,
    "median": 0.1243978701531887,
    "min": 0.0,
    "max": 0.5833333730697632,
    "count": 2764
  },
  "normals.building.inlier_30": {
    "mean": 0.17356334156060238,
    "std": 0.062410085206173686,
    "median": 0.1624455526471138,
    "min": 0.0,
    "max": 0.5833333730697632,
    "count": 2764
  },
  "photometric.building.error": {
    "mean": 0.13468465370543792,
    "std": 0.09488701358471359,
    "median": 0.11530488729476929,
    "min": 0.0018639554036781192,
    "max": 0.8888224959373474,
    "count": 2409
  },