{
  "depth.full.mae": {
    "mean": 7.541247620031237,
    "std": 2.275776043401853,
    "median": 7.834817171096802,
    "min": 0.39729130268096924,
    "max": 14.627626419067383,
    "count": 4000
  },
  "depth.full.rmse": {
    "mean": 11.73548949199915,
    "std": 3.7450369736710796,
    "median": 12.365946292877197,
    "min": 0.5498965382575989,
    "max": 20.65229034423828,
    "count": 4000
  },
  "depth.full.abs_rel": {
    "mean": 0.5558075746893882,
    "std": 0.12051716754855094,
    "median": 0.5626292824745178,
    "min": 0.08460687100887299,
    "max": 1.0548980236053467,
    "count": 4000
  },
  "depth.full.sq_rel": {
    "mean": 5.607899837259203,
    "std": 1.9589205300362529,
    "median": 5.925927400588989,
    "min": 0.06672180444002151,
    "max": 12.249732971191406,
    "count": 4000
  },
  "depth.full.delta1": {
    "mean": 0.27505126617103814,
    "std": 0.10132247005222116,
    "median": 0.24599332362413406,
    "min": 0.13387036323547363,
    "max": 0.9476540088653564,
    "count": 4000
  },
  "depth.full.delta2": {
    "mean": 0.5138295935690403,
    "std": 0.11108671722595485,
    "median": 0.4838595986366272,
    "min": 0.31794965267181396,
    "max": 0.9960766434669495,
    "count": 4000
  },
  "depth.full.delta3": {
    "mean": 0.7061894582286478,
    "std": 0.09228294230619932,
    "median": 0.6834847033023834,
    "min": 0.4813903570175171,
    "max": 0.9999505877494812,
    "count": 4000
  },
  "depth.full.rmse_log": {
    "mean": 0.6300331767499446,
    "std": 0.11321609536750996,
    "median": 0.6559886634349823,
    "min": 0.11247818917036057,
    "max": 0.930459201335907,
    "count": 4000
  },
  "depth.full.si_log": {
    "mean": 0.6262599580492825,
    "std": 0.11389658739986366,
    "median": 0.653370589017868,
    "min": 0.11034548282623291,
    "max": 0.9276746511459351,
    "count": 4000
  },
  "depth.building.mae": {
    "mean": 17.052759800521997,
    "std": 10.562794633447774,
    "median": 15.027111530303955,
    "min": 0.5322977304458618,
    "max": 52.44189453125,
    "count": 2778
  },
  "depth.building.rmse": {
    "mean": 20.04013027058736,
    "std": 11.281117966986708,
    "median": 19.3114652633667,
    "min": 0.6303784251213074,
    "max": 54.43791580200195,
    "count": 2778
  },
  "depth.building.abs_rel": {
    "mean": 0.8946896114898208,
    "std": 0.9346395127203858,
    "median": 0.6360630691051483,
    "min": 0.038194797933101654,
    "max": 11.665044784545898,
    "count": 2778
  },
  "depth.building.sq_rel": {
    "mean": 15.308493804755836,
    "std": 12.527466013437492,
    "median": 13.038958072662354,
    "min": 0.0281964223831892,
    "max": 175.20753479003906,
    "count": 2778
  },
  "depth.building.delta1": {
    "mean": 0.13916151312467676,
    "std": 0.17650933745825526,
    "median": 0.08119403570890427,
    "min": 0.0,
    "max": 1.0,
    "count": 2778
  },
  "depth.building.delta2": {
    "mean": 0.2763125070691442,
    "std": 0.2619298404026714,
    "median": 0.19910210371017456,
    "min": 0.0,
    "max": 1.0,
    "count": 2778
  },
  "depth.building.delta3": {
    "mean": 0.4160211584210189,
    "std": 0.29228865780867014,
    "median": 0.36457492411136627,
    "min": 0.0,
    "max": 1.0,
    "count": 2778
  },
  "depth.building.rmse_log": {
    "mean": 0.9090007937562238,
    "std": 0.32650643716063305,
    "median": 0.9244437515735626,
    "min": 0.04621601477265358,
    "max": 2.374718189239502,
    "count": 2778
  },
  "depth.building.si_log": {
    "mean": 0.5548847542644759,
    "std": 0.30651441032510407,
    "median": 0.5043651759624481,
    "min": 0.0,
    "max": 1.795806884765625,
    "count": 2778
  },
  "depth.non_building.mae": {
    "mean": 7.263537185981869,
    "std": 2.2592172901632126,
    "median": 7.605169057846069,
    "min": 0.39729130268096924,
    "max": 14.627626419067383,
    "count": 4000
  },
  "depth.non_building.rmse": {
    "mean": 11.32903599022329,
    "std": 3.7200129904630073,
    "median": 12.008395671844482,
    "min": 0.5498965382575989,
    "max": 20.65229034423828,
    "count": 4000
  },
  "depth.non_building.abs_rel": {
    "mean": 0.5504405197016895,
    "std": 0.11537357286007757,
    "median": 0.5585142374038696,
    "min": 0.08460687100887299,
    "max": 1.0548980236053467,
    "count": 4000
  },
  "depth.non_building.sq_rel": {
    "mean": 5.383563761860132,
    "std": 1.9260928778612327,
    "median": 5.643023252487183,
    "min": 0.06672180444002151,
    "max": 12.249732971191406,
    "count": 4000
  },
  "depth.non_building.delta1": {
    "mean": 0.2794535223804414,
    "std": 0.10008678891604049,
    "median": 0.24999281764030457,
    "min": 0.14262843132019043,
    "max": 0.9476540088653564,
    "count": 4000
  },
  "depth.non_building.delta2": {
    "mean": 0.5213282166644931,
    "std": 0.10951901526824699,
    "median": 0.4923965483903885,
    "min": 0.31794965267181396,
    "max": 0.9960766434669495,
    "count": 4000
  },
  "depth.non_building.delta3": {
    "mean": 0.7151712720170618,
    "std": 0.09115805467896242,
    "median": 0.6940863132476807,
    "min": 0.4813903570175171,
    "max": 0.9999505877494812,
    "count": 4000
  },
  "depth.non_building.rmse_log": {
    "mean": 0.6198224858008325,
    "std": 0.11131484104618107,
    "median": 0.6438040137290955,
    "min": 0.11247818917036057,
    "max": 0.9208056330680847,
    "count": 4000
  },
  "depth.non_building.si_log": {
    "mean": 0.615229121612385,
    "std": 0.11451858631133935,
    "median": 0.6413181722164154,
    "min": 0.11034548282623291,
    "max": 0.9144197702407837,
    "count": 4000
  },
  "normals.full.angular_mean": {
    "mean": 81.03927545166016,
    "std": 1.1480883242551523,
    "median": 81.1646614074707,
    "min": 75.69087219238281,
    "max": 83.91940307617188,
    "count": 4000
  },
  "normals.full.angular_median": {
    "mean": 79.07411719512939,
    "std": 1.5435550185077613,
    "median": 79.10418319702148,
    "min": 73.05776977539062,
    "max": 84.22293853759766,
    "count": 4000
  },
  "normals.full.inlier_11_25": {
    "mean": 0.02559967186395079,
    "std": 0.0028020121161333768,
    "median": 0.025167123414576054,
    "min": 0.019563188776373863,
    "max": 0.04556060582399368,
    "count": 4000
  },
  "normals.full.inlier_22_5": {
    "mean": 0.06775752932112664,
    "std": 0.009399767462869472,
    "median": 0.06711943820118904,
    "min": 0.047191742807626724,
    "max": 0.12422458082437515,
    "count": 4000
  },
  "normals.full.inlier_30": {
    "mean": 0.10658666113391518,
    "std": 0.011496678911095558,
    "median": 0.10624534636735916,
    "min": 0.07723165303468704,
    "max": 0.17193517088890076,
    "count": 4000
  },
  "normals.building.angular_mean": {
    "mean": 83.95592538756033,
    "std": 7.024561321028736,
    "median": 83.56084823608398,
    "min": 4.366882801055908,
    "max": 124.96138763427734,
    "count": 2778
  },
  "normals.building.angular_median": {
    "mean": 84.01312691358416,
    "std": 8.197353509953873,
    "median": 83.60968017578125,
    "min": 0.2639295756816864,
    "max": 124.9207763671875,
    "count": 2778
  },
  "normals.building.inlier_11_25": {
    "mean": 0.020576726848193273,
    "std": 0.03838539194552923,
    "median": 0.013362782076001167,
    "min": 0.0,
    "max": 1.0,
    "count": 2778
  },
  "normals.building.inlier_22_5": {
    "mean": 0.05584498775433655,
    "std": 0.05051085104352402,
    "median": 0.04643811285495758,
    "min": 0.0,
    "max": 1.0,
    "count": 2778
  },
  "normals.building.inlier_30": {
    "mean": 0.08695973385863953,
    "std": 0.054209773422305756,
    "median": 0.07952846214175224,
    "min": 0.0,
    "max": 1.0,
    "count": 2778
  },
  "planarity.building.residual_mean": {
    "mean": 0.2878232616185016,
    "std": 0.26188714099706406,
    "median": 0.25986480712890625,
    "min": 0.015939796343445778,
    "max": 6.730076789855957,
    "count": 2646
  },
  "planarity.building.residual_median": {
    "mean": 0.2514613052556968,