{
  "depth.full.mae": {
    "mean": 3.8802171952575444,
    "std": 1.3407455113215578,
    "median": 3.928130626678467,
    "min": 0.38844770193099976,
    "max": 8.246816635131836,
    "count": 4000
  },
  "depth.full.rmse": {
    "mean": 6.944125551477074,
    "std": 2.3202032906297796,
    "median": 7.2952659130096436,
    "min": 0.4858534336090088,
    "max": 13.79967975616455,
    "count": 4000
  },
  "depth.full.abs_rel": {
    "mean": 0.30326898295618593,
    "std": 0.18184194304014267,
    "median": 0.2391330599784851,
    "min": 0.061712831258773804,
    "max": 1.1577386856079102,
    "count": 4000
  },
  "depth.full.sq_rel": {
    "mean": 3.311533728223294,
    "std": 2.8056403917178403,
    "median": 2.491997718811035,
    "min": 0.05043334513902664,
    "max": 30.99987030029297,
    "count": 4000
  },
  "depth.full.delta1": {
    "mean": 0.6493347001075744,
    "std": 0.2014356878795505,
    "median": 0.7132449746131897,
    "min": 0.14132271707057953,
    "max": 0.978699266910553,
    "count": 4000
  },
  "depth.full.delta2": {
    "mean": 0.8641426218822599,
    "std": 0.09578588257039614,
    "median": 0.8793776035308838,
    "min": 0.35197922587394714,
    "max": 0.9999224543571472,
    "count": 4000
  },
  "depth.full.delta3": {
    "mean": 0.9320170576125384,
    "std": 0.05386933181317364,
    "median": 0.9450182318687439,
    "min": 0.6767107248306274,
    "max": 1.0,
    "count": 4000
  },
  "depth.full.rmse_log": {
    "mean": 0.3503809604048729,
    "std": 0.1412079243490719,
    "median": 0.32294340431690216,
    "min": 0.0865715891122818,
    "max": 0.7462843656539917,
    "count": 4000
  },
  "depth.full.si_log": {
    "mean": 0.34569463828764857,
    "std": 0.1417299209874665,
    "median": 0.31722500920295715,
    "min": 0.08105435222387314,
    "max": 0.7462623119354248,
    "count": 4000
  },
  "depth.building.mae": {
    "mean": 11.33422147843715,
    "std": 6.043032656767988,
    "median": 10.702216148376465,
    "min": 0.7545709609985352,
    "max": 40.889678955078125,
    "count": 2701
  },
  "depth.building.rmse": {
    "mean": 13.432712319072905,
    "std": 6.418659510749941,
    "median": 12.858935356140137,
    "min": 1.0153213739395142,
    "max": 42.57915496826172,
    "count": 2701
  },
  "depth.building.abs_rel": {
    "mean": 1.1006127298595463,
    "std": 1.8520928968708155,
    "median": 0.5879595875740051,
    "min": 0.02628352865576744,
    "max": 39.952598571777344,
    "count": 2701
  },
  "depth.building.sq_rel": {
    "mean": 18.74054237777455,
    "std": 38.35891136733662,
    "median": 9.811798095703125,
    "min": 0.03432665020227432,
    "max": 999.1110229492188,
    "count": 2701
  },
  "depth.building.delta1": {
    "mean": 0.3155328959149199,
    "std": 0.24155055810396933,
    "median": 0.26601943373680115,
    "min": 0.0,
    "max": 1.0,
    "count": 2701
  },
  "depth.building.delta2": {
    "mean": 0.5367462970704318,
    "std": 0.2949655818065143,
    "median": 0.551777720451355,
    "min": 0.0,
    "max": 1.0,
    "count": 2701
  },
  "depth.building.delta3": {
    "mean": 0.69244698586602,
    "std": 0.28533981120143714,
    "median": 0.7626494765281677,
    "min": 0.0,
    "max": 1.0,
    "count": 2701
  },
  "depth.building.rmse_log": {
    "mean": 0.6786874823137065,
    "std": 0.3970197852938626,
    "median": 0.603412389755249,
    "min": 0.031947892159223557,
    "max": 3.4013819694519043,
    "count": 2701
  },
  "depth.building.si_log": {
    "mean": 0.49539320521500246,
    "std": 0.26499557556303366,
    "median": 0.4676383137702942,
    "min": 0.0006459353608079255,
    "max": 1.6037298440933228,
    "count": 2701
  },
  "depth.non_building.mae": {
    "mean": 3.6703094141334294,
    "std": 1.342115828135348,
    "median": 3.671576499938965,
    "min": 0.38844770193099976,
    "max": 8.246816635131836,
    "count": 4000
  },
  "depth.non_building.rmse": {
    "mean": 6.6393862327635285,
    "std": 2.3084497997826197,
    "median": 6.962021827697754,
    "min": 0.4858534336090088,
    "max": 13.79967975616455,
    "count": 4000
  },
  "depth.non_building.abs_rel": {
    "mean": 0.2857927868887782,
    "std": 0.16903223598010847,
    "median": 0.2278054878115654,
    "min": 0.061712831258773804,
    "max": 1.0348232984542847,
    "count": 4000
  },
  "depth.non_building.sq_rel": {
    "mean": 2.9754137993119656,
    "std": 2.6007996951557604,
    "median": 2.189211845397949,
    "min": 0.05043334513902664,
    "max": 26.996065139770508,
    "count": 4000
  },
  "depth.non_building.delta1": {
    "mean": 0.6586276215575635,
    "std": 0.2037488892813723,
    "median": 0.726715087890625,
    "min": 0.13813146948814392,
    "max": 0.978699266910553,
    "count": 4000
  },
  "depth.non_building.delta2": {
    "mean": 0.8728456992283463,
    "std": 0.09352192714532927,
    "median": 0.8892631530761719,
    "min": 0.3520137369632721,
    "max": 0.9999224543571472,
    "count": 4000
  },
  "depth.non_building.delta3": {
    "mean": 0.9377647509276867,
    "std": 0.051005211210598325,
    "median": 0.9500309824943542,
    "min": 0.6768774390220642,
    "max": 1.0,
    "count": 4000
  },
  "depth.non_building.rmse_log": {
    "mean": 0.3366970012038946,
    "std": 0.1359083612738493,
    "median": 0.3096623122692108,
    "min": 0.0865715891122818,
    "max": 0.7127145528793335,
    "count": 4000
  },
  "depth.non_building.si_log": {
    "mean": 0.3310458271782845,
    "std": 0.13604924450126102,
    "median": 0.30509965121746063,
    "min": 0.08105435222387314,
    "max": 0.7125487327575684,
    "count": 4000
  },
  "normals.full.angular_mean": {
    "mean": 92.17339145660401,
    "std": 1.548934692168165,
    "median": 92.30855178833008,
    "min": 82.68062591552734,
    "max": 98.80976104736328,
    "count": 4000
  },
  "normals.full.angular_median": {
    "mean": 86.92548943901062,
    "std": 0.9569035222775584,
    "median": 87.05788040161133,
    "min": 77.23404693603516,
    "max": 88.90277862548828,
    "count": 4000
  },
  "normals.full.inlier_11_25": {
    "mean": 0.044087468539830296,
    "std": 0.010430066990694212,
    "median": 0.04526280052959919,
    "min": 0.00794516783207655,
    "max": 0.07583355158567429,
    "count": 4000
  },
  "normals.full.inlier_22_5": {
    "mean": 0.09125395656516776,
    "std": 0.011942714041133512,
    "median": 0.09292096644639969,
    "min": 0.0309711005538702,
    "max": 0.12557640671730042,
    "count": 4000
  },
  "normals.full.inlier_30": {
    "mean": 0.1159184970408678,
    "std": 0.010841171135794988,
    "median": 0.11670089140534401,
    "min": 0.06277726590633392,
    "max": 0.15295085310935974,
    "count": 4000
  },
  "normals.building.angular_mean": {
    "mean": 80.8216828491369,
    "std": 7.066072576231972,
    "median": 80.57564544677734,
    "min": 47.207557678222656,
    "max": 174.33575439453125,
    "count": 2701
  },
  "normals.building.angular_median": {
    "mean": 82.71639351966601,
    "std": 6.847097349170663,
    "median": 82.69134521484375,
    "min": 7.797999858856201,
    "max": 170.5477752685547,
    "count": 2701
  },
  "normals.building.inlier_11_25": {
    "mean": 0.03499049149883442,
    "std": 0.03534065018655562,
    "median": 0.025209004059433937,
    "min": 0.0,
    "max": 0.5,
    "count": 2701
  },
  "normals.building.inlier_22_5": {
    "mean": 0.11157115869657148,
    "std": 0.05781283527838973,
    "median": 0.09854660928249359,
    "min": 0.0,
    "max": 0.5,
    "count": 2701
  },
  "normals.building.inlier_30": {
    "mean": 0.15516147258222898,
    "std": 0.060355992318904324,
    "median": 0.14504790306091309,
    "min": 0.0,
    "max": 0.5,
    "count": 2701
  },
  "planarity.building.residual_mean": {
    "mean": 0.42330683589219875,
    "std": 0.47111978213742484,
    "median": 0.38519608974456787,
    "min": 0.010473123751580715,
    "max": 20.931657791137695,
    "count": 2580
  },
  "planarity.building.residual_median": {
    "mean": 0.37533623620311823,