{
  "depth.full.mae": {
    "mean": 3.764781259968877,
    "std": 1.2542835890190174,
    "median": 3.7822418212890625,
    "min": 0.4289155602455139,
    "max": 7.9421305656433105,
    "count": 4000
  },
  "depth.full.rmse": {
    "mean": 6.767997445881367,
    "std": 2.1052631623354556,
    "median": 7.105665922164917,
    "min": 0.532090961933136,
    "max": 12.587824821472168,
    "count": 4000
  },
  "depth.full.abs_rel": {
    "mean": 0.29756452938821165,
    "std": 0.18003858525225022,
    "median": 0.2314041331410408,
    "min": 0.05918484553694725,
    "max": 1.0036159753799438,
    "count": 4000
  },
  "depth.full.sq_rel": {
    "mean": 3.3692153144525365,
    "std": 2.778745249831463,
    "median": 2.4911563396453857,
    "min": 0.060981448739767075,
    "max": 19.339984893798828,
    "count": 4000
  },
  "depth.full.delta1": {
    "mean": 0.674522152621299,
    "std": 0.1912858676927188,
    "median": 0.7344043850898743,
    "min": 0.16538235545158386,
    "max": 0.9859620928764343,
    "count": 4000
  },
  "depth.full.delta2": {
    "mean": 0.8741856745034456,
    "std": 0.08768922333247098,
    "median": 0.8894579112529755,
    "min": 0.35244637727737427,
    "max": 0.9999806880950928,
    "count": 4000
  },
  "depth.full.delta3": {
    "mean": 0.93606776098907,
    "std": 0.051446308006170526,
    "median": 0.948533445596695,
    "min": 0.7438399195671082,
    "max": 1.0,
    "count": 4000
  },
  "depth.full.rmse_log": {
    "mean": 0.34138388323225083,
    "std": 0.13944932412479522,
    "median": 0.3111172616481781,
    "min": 0.08033188432455063,
    "max": 0.7623022198677063,
    "count": 4000
  },
  "depth.full.si_log": {
    "mean": 0.33758296197094023,
    "std": 0.14056574509107925,
    "median": 0.3078300803899765,
    "min": 0.07634534686803818,
    "max": 0.7618322968482971,
    "count": 4000
  },
  "depth.building.mae": {
    "mean": 11.047855398811018,
    "std": 5.6049270067073635,
    "median": 10.304166793823242,
    "min": 0.32099246978759766,
    "max": 54.49473190307617,
    "count": 2635
  },
  "depth.building.rmse": {
    "mean": 13.120538747921389,
    "std": 5.969443055816595,
    "median": 12.71225357055664,
    "min": 0.3289938271045685,
    "max": 54.5051383972168,
    "count": 2635
  },
  "depth.building.abs_rel": {
    "mean": 1.163150747147242,
    "std": 2.3372186269412536,
    "median": 0.5727049708366394,
    "min": 0.02533363178372383,
    "max": 67.19415283203125,
    "count": 2635
  },
  "depth.building.sq_rel": {
    "mean": 20.610078686534425,
    "std": 53.7653225277979,
    "median": 10.181992530822754,
    "min": 0.008542364463210106,
    "max": 1762.2919921875,
    "count": 2635
  },
  "depth.building.delta1": {
    "mean": 0.3425676280281602,
    "std": 0.23465213931000536,
    "median": 0.3258022367954254,
    "min": 0.0,
    "max": 1.0,
    "count": 2635
  },
  "depth.building.delta2": {
    "mean": 0.5681546539134492,
    "std": 0.2846508406427978,
    "median": 0.6123141646385193,
    "min": 0.0,
    "max": 1.0,
    "count": 2635
  },
  "depth.building.delta3": {
    "mean": 0.7093387186540506,
    "std": 0.2764324795628561,
    "median": 0.7982195615768433,
    "min": 0.0,
    "max": 1.0,
    "count": 2635
  },
  "depth.building.rmse_log": {
    "mean": 0.6752320199335379,
    "std": 0.4156085687199326,
    "median": 0.5747385621070862,
    "min": 0.02633276768028736,
    "max": 4.184187889099121,
    "count": 2635
  },
  "depth.building.si_log": {
    "mean": 0.49824376219439104,
    "std": 0.2555132780522959,
    "median": 0.47052398324012756,
    "min": 0.001065933145582676,
    "max": 1.6902647018432617,
    "count": 2635
  },
  "depth.non_building.mae": {
    "mean": 3.5649940813928844,
    "std": 1.2586907350758632,
    "median": 3.518651843070984,
    "min": 0.4246126115322113,
    "max": 7.9421305656433105,
    "count": 4000
  },
  "depth.non_building.rmse": {
    "mean": 6.495444241404534,
    "std": 2.125683360123411,
    "median": 6.752303838729858,
    "min": 0.532090961933136,
    "max": 12.587824821472168,
    "count": 4000
  },
  "depth.non_building.abs_rel": {
    "mean": 0.2782928945021704,
    "std": 0.16448260623907487,
    "median": 0.2206227108836174,
    "min": 0.05918484553694725,
    "max": 0.9827728271484375,
    "count": 4000
  },
  "depth.non_building.sq_rel": {
    "mean": 3.0214642164735124,
    "std": 2.5785691399424375,
    "median": 2.1936464309692383,
    "min": 0.060762591660022736,
    "max": 17.012666702270508,
    "count": 4000
  },
  "depth.non_building.delta1": {
    "mean": 0.6837679162919521,
    "std": 0.19278347854913264,
    "median": 0.7474482655525208,
    "min": 0.16083529591560364,
    "max": 0.9859620928764343,
    "count": 4000
  },
  "depth.non_building.delta2": {
    "mean": 0.8828749998509884,
    "std": 0.0838557869814658,
    "median": 0.8991386592388153,
    "min": 0.35267192125320435,
    "max": 0.9999999403953552,
    "count": 4000
  },
  "depth.non_building.delta3": {
    "mean": 0.9421526790112257,
    "std": 0.047398719597449436,
    "median": 0.9537045657634735,
    "min": 0.7506253719329834,
    "max": 1.0,
    "count": 4000
  },
  "depth.non_building.rmse_log": {
    "mean": 0.32698536683805285,
    "std": 0.13209220641546413,
    "median": 0.2993483245372772,
    "min": 0.08033188432455063,
    "max": 0.7115914225578308,
    "count": 4000
  },
  "depth.non_building.si_log": {
    "mean": 0.3222220154646784,
    "std": 0.1328898725691503,
    "median": 0.29506780207157135,
    "min": 0.07634534686803818,
    "max": 0.7080397009849548,
    "count": 4000
  },
  "normals.full.angular_mean": {
    "mean": 92.10832439231872,
    "std": 1.576303148236047,
    "median": 92.29535293579102,
    "min": 81.65300750732422,
    "max": 96.3824462890625,
    "count": 4000
  },
  "normals.full.angular_median": {
    "mean": 87.00250250053406,
    "std": 1.0266371941828116,
    "median": 87.12761688232422,
    "min": 76.85104370117188,
    "max": 89.37678527832031,
    "count": 4000
  },
  "normals.full.inlier_11_25": {
    "mean": 0.044817097825463864,
    "std": 0.011418927289160642,
    "median": 0.046365125104784966,
    "min": 0.007766801863908768,
    "max": 0.0819472149014473,
    "count": 4000
  },
  "normals.full.inlier_22_5": {
    "mean": 0.09222701560147106,
    "std": 0.012370154627298804,
    "median": 0.09392272308468819,
    "min": 0.03670845925807953,
    "max": 0.13113945722579956,
    "count": 4000
  },
  "normals.full.inlier_30": {
    "mean": 0.11689601774513722,
    "std": 0.010852861703029229,
    "median": 0.11781448498368263,
    "min": 0.07036194205284119,
    "max": 0.1603780835866928,
    "count": 4000
  },
  "normals.building.angular_mean": {
    "mean": 80.69986462384972,
    "std": 6.707602762501818,
    "median": 80.69916534423828,
    "min": 46.24862289428711,
    "max": 151.34207153320312,
    "count": 2635
  },
  "normals.building.angular_median": {
    "mean": 84.64519763544796,
    "std": 6.468640078073709,
    "median": 84.80709838867188,
    "min": 5.574009418487549,
    "max": 177.35826110839844,
    "count": 2635
  },
  "normals.building.inlier_11_25": {
    "mean": 0.052825888952300434,
    "std": 0.04194245979308853,
    "median": 0.04279131069779396,
    "min": 0.0,
    "max": 0.5,
    "count": 2635
  },
  "normals.building.inlier_22_5": {
    "mean": 0.12733765135093308,
    "std": 0.05646384430034329,
    "median": 0.11754735559225082,
    "min": 0.0,
    "max": 0.5,
    "count": 2635
  },
  "normals.building.inlier_30": {
    "mean": 0.16802969302388307,
    "std": 0.05644603669748885,
    "median": 0.16069193184375763,
    "min": 0.0,
    "max": 0.5,
    "count": 2635
  },
  "planarity.building.residual_mean": {
    "mean": 0.42940558221324526,
    "std": 0.2702348410555866,
    "median": 0.4238954037427902,
    "min": 0.010034899227321148,
    "max": 8.708979606628418,
    "count": 2542
  },
  "planarity.building.residual_median": {
    "mean": 0.3881485995819703,