{
  "run_id": "20250825_183028",
  "batch_frames": 10,
  "steps": 100,
  "warmup_skip_steps": 5,
  "train": {
    "count": 95,
    "loss_objective": {
      "mean": 2.803413920653494,
      "median": 2.6482598781585693,
      "p90": 3.8751683235168457,
      "max": 5.810359477996826
    },
    "step_time_s": {
      "mean": 0.3212685233668277,
      "median": 0.30850791931152344,
      "p90": 0.3842885494232178,
      "max": 0.44085025787353516
    },
    "fps_local": {
      "mean": 27.63629029762637,
      "median": 27.772562247017515,
      "p90": 34.77745781445241,
      "max": 36.15729438214645
    },
    "fps_world": {
      "mean": 27.63629029762637,
      "median": 27.772562247017515,
      "p90": 34.77745781445241,
      "max": 36.15729438214645
    },
    "frames_utilization": {
      "mean": 0.8768421052631578,
      "median": 0.9,
      "p90": 1.0,
      "max": 1.0
    },
    "vram_alloc_gb": {
      "mean": 7.63905549473684,
      "median": 7.638844416,
      "p90": 7.641337344,
      "max": 7.642866176
    },
    "vram_peak_alloc_epoch_gb": {
      "mean": 8.669612915873673,
      "median": 8.669221888,
      "p90": 8.670772224,
      "max": 8.670772224
    },
    "loss_T": {
      "mean": 0.21815503867048966,
      "median": 0.2125566005706787,
      "p90": 0.290480375289917,
      "max": 0.4471334218978882
    },
    "loss_R": {
      "mean": 0.19484981667054327,
      "median": 0.17592161893844604,
      "p90": 0.30242809653282166,
      "max": 0.5049049854278564
    },
    "loss_FL": {
      "mean": 0.16957857244108854,
      "median": 0.15760096907615662,
      "p90": 0.28898704051971436,
      "max": 0.38209933042526245
    },
    "loss_conf_depth": {
      "mean": 0.1540882360386221,
      "median": 0.12919063866138458,
      "p90": 0.29673445224761963,
      "max": 0.5235506892204285
    },
    "loss_reg_depth": {
      "mean": 0.14743363335728646,
      "median": 0.134904146194458,
      "p90": 0.21257762610912323,
      "max": 0.3266652226448059
    },
    "loss_grad_depth": {
      "mean": 0.012921307821709074,
      "median": 0.01273988839238882,
      "p90": 0.01676294207572937,
      "max": 0.021985948085784912
    }
  },
  "val": {
    "count": 11,
    "loss_objective": {
      "mean": 0.0,
      "median": 0.0,
      "p90": 0.0,
      "max": 0.0
    },
    "step_time_s": {
      "mean": 0.3218633695082231,
      "median": 0.18029475212097168,
      "p90": 0.25951313972473145,
      "max": 1.6520981788635254
    },
    "fps_local": {
      "mean": 37.34319063864562,
      "median": 40.7589252888177,
      "p90": 51.31170149862371,
      "max": 55.46473140433027
    },
    "fps_world": {
      "mean": 37.34319063864562,
      "median": 40.7589252888177,
      "p90": 51.31170149862371,
      "max": 55.46473140433027
    },
    "frames_utilization": {
      "mean": 0.7636363636363637,
      "median": 0.8,
      "p90": 1.0,
      "max": 1.0
    },
    "vram_alloc_gb": {
      "mean": 7.640971170909091,
      "median": 7.641262592,
      "p90": 7.642870272,
      "max": 7.642870272
    },
    "vram_peak_alloc_epoch_gb": {
      "mean": 8.076419909818183,
      "median": 8.076418048,
      "p90": 8.076422144,
      "max": 8.076422144
    },
    "loss_T": {
      "mean": 0.21556717699224298,
      "median": 0.224220409989357,
      "p90": 0.24807988107204437,
      "max": 0.24892982840538025
    },
    "loss_R": {
      "mean": 0.1637168973684311,
      "median": 0.16176173090934753,
      "p90": 0.21293288469314575,
      "max": 0.22591359913349152
    },
    "loss_FL": {
      "mean": 0.07738779586824504,
      "median": 0.0746539831161499,
      "p90": 0.08603706955909729,
      "max": 0.12108436226844788
    },
    "loss_conf_depth": {
      "mean": 0.03129827493632382,
      "median": 0.039289440959692,
      "p90": 0.0648765116930008,
      "max": 0.10074963420629501
    },
    "loss_reg_depth": {
      "mean": 0.08303153718059714,
      "median": 0.08759499341249466,
      "p90": 0.10163238644599915,
      "max": 0.12131600826978683
    },
    "loss_grad_depth": {
      "mean": 0.012320318259298801,
      "median": 0.012438058853149414,
      "p90": 0.014280075207352638,
      "max": 0.01458031591027975
    }
  }
}