{
  "depth.full.mae": {
    "mean": 4.343019062821187,
    "std": 1.8683090842551389,
    "median": 4.315272092819214,
    "min": 0.2753969728946686,
    "max": 12.299291610717773,
    "count": 12240
  },
  "depth.full.rmse": {
    "mean": 8.300489858998095,
    "std": 3.4265471573497113,
    "median": 8.484312057495117,
    "min": 0.36389490962028503,
    "max": 25.547883987426758,
    "count": 12240
  },
  "depth.full.abs_rel": {
    "mean": 0.3915006561250444,
    "std": 0.3098544519578171,
    "median": 0.27599063515663147,
    "min": 0.04334951937198639,
    "max": 2.165188789367676,
    "count": 12240
  },
  "depth.full.sq_rel": {
    "mean": 8.361768174757024,
    "std": 10.276931400390536,
    "median": 4.457288503646851,
    "min": 0.020564602687954903,
    "max": 93.9364242553711,
    "count": 12240
  },
  "depth.full.delta1": {
    "mean": 0.6651842611604462,
    "std": 0.21709519275444944,
    "median": 0.7273704707622528,
    "min": 0.11166481673717499,
    "max": 1.0,
    "count": 12240
  },
  "depth.full.delta2": {
    "mean": 0.8597170594130077,
    "std": 0.10117749852921393,
    "median": 0.8772653341293335,
    "min": 0.273790568113327,
    "max": 1.0,
    "count": 12240
  },
  "depth.full.delta3": {
    "mean": 0.9205277210162356,
    "std": 0.060428538209415426,
    "median": 0.932386577129364,
    "min": 0.4965473413467407,
    "max": 1.0,
    "count": 12240
  },
  "depth.full.rmse_log": {
    "mean": 0.3966682199011344,
    "std": 0.18742732972226034,
    "median": 0.3620823621749878,
    "min": 0.05788690224289894,
    "max": 1.0563147068023682,
    "count": 12240
  },
  "depth.full.si_log": {
    "mean": 0.39274812327253517,
    "std": 0.18745516498004922,
    "median": 0.356481671333313,
    "min": 0.05728668347001076,
    "max": 1.0497549772262573,
    "count": 12240
  },
  "depth.building.mae": {
    "mean": 15.66141403344439,
    "std": 10.60129532999212,
    "median": 13.518484115600586,
    "min": 0.01642576977610588,
    "max": 80.44435119628906,
    "count": 8539
  },
  "depth.building.rmse": {
    "mean": 18.39604631456782,
    "std": 10.757899055602694,
    "median": 16.89422607421875,
    "min": 0.01963213086128235,
    "max": 80.44465637207031,
    "count": 8539
  },
  "depth.building.abs_rel": {
    "mean": 2.236084953848535,
    "std": 4.403061041557266,
    "median": 0.9699147939682007,
    "min": 0.002516969107091427,
    "max": 111.53917694091797,
    "count": 8539
  },
  "depth.building.sq_rel": {
    "mean": 79.42312866697553,
    "std": 201.13935680124587,
    "median": 24.224674224853516,
    "min": 5.9081266954308376e-05,
    "max": 4981.693359375,
    "count": 8539
  },
  "depth.building.delta1": {
    "mean": 0.3682595887235234,
    "std": 0.26859792186939024,
    "median": 0.3267900347709656,
    "min": 0.0,
    "max": 1.0,
    "count": 8539
  },
  "depth.building.delta2": {
    "mean": 0.5572076780791184,
    "std": 0.3072600462632376,
    "median": 0.5877862572669983,
    "min": 0.0,
    "max": 1.0,
    "count": 8539
  },
  "depth.building.delta3": {
    "mean": 0.6551293114527967,
    "std": 0.3072847370437564,
    "median": 0.7295464873313904,
    "min": 0.0,
    "max": 1.0,
    "count": 8539
  },
  "depth.building.rmse_log": {
    "mean": 0.8664102256036305,
    "std": 0.6081758622654889,
    "median": 0.7252552509307861,
    "min": 0.0030037276446819305,
    "max": 4.695326328277588,
    "count": 8539
  },
  "depth.building.si_log": {
    "mean": 0.5488657942586566,
    "std": 0.3065778030659269,
    "median": 0.5158382654190063,
    "min": 0.0,
    "max": 1.9768702983856201,
    "count": 8536
  },
  "depth.non_building.mae": {
    "mean": 4.084613871345528,
    "std": 1.8476557138185592,
    "median": 4.0006537437438965,
    "min": 0.2555209696292877,
    "max": 12.299291610717773,
    "count": 12240
  },
  "depth.non_building.rmse": {
    "mean": 7.912141726531234,
    "std": 3.4266755648209903,
    "median": 8.055599689483643,
    "min": 0.3421875238418579,
    "max": 25.547883987426758,
    "count": 12240
  },
  "depth.non_building.abs_rel": {
    "mean": 0.3583212929850846,
    "std": 0.2840316649603568,
    "median": 0.25406013429164886,
    "min": 0.03927387297153473,
    "max": 1.961669683456421,
    "count": 12240
  },
  "depth.non_building.sq_rel": {
    "mean": 7.368785470903522,
    "std": 9.576138583917531,
    "median": 3.6606212854385376,
    "min": 0.020564602687954903,
    "max": 93.91983032226562,
    "count": 12240
  },
  "depth.non_building.delta1": {
    "mean": 0.673723814554902,
    "std": 0.21876005224129522,
    "median": 0.7383252084255219,
    "min": 0.10038448125123978,
    "max": 1.0,
    "count": 12240
  },
  "depth.non_building.delta2": {
    "mean": 0.8684229096263841,
    "std": 0.0975817843018478,
    "median": 0.8859186470508575,
    "min": 0.2728874981403351,
    "max": 1.0,
    "count": 12240
  },
  "depth.non_building.delta3": {
    "mean": 0.9274330714705333,
    "std": 0.056252190955715944,
    "median": 0.939388781785965,
    "min": 0.49637502431869507,
    "max": 1.0,
    "count": 12240
  },
  "depth.non_building.rmse_log": {
    "mean": 0.3771821569684844,
    "std": 0.1784031102818012,
    "median": 0.3449990451335907,
    "min": 0.05788690224289894,
    "max": 1.044676423072815,
    "count": 12240
  },
  "depth.non_building.si_log": {
    "mean": 0.37240344907546696,
    "std": 0.1785387431485249,
    "median": 0.3396523892879486,
    "min": 0.05323495715856552,
    "max": 1.039930820465088,
    "count": 12240
  },
  "normals.full.angular_mean": {
    "mean": 93.14398853950252,
    "std": 2.4965635928867687,
    "median": 93.56525802612305,
    "min": 74.14691925048828,
    "max": 101.67088317871094,
    "count": 12240
  },
  "normals.full.angular_median": {
    "mean": 87.80693642049054,
    "std": 1.0433766768253123,
    "median": 88.0351676940918,
    "min": 70.76251220703125,
    "max": 90.0633773803711,
    "count": 12240
  },
  "normals.full.inlier_11_25": {
    "mean": 0.05260828049438096,
    "std": 0.014268948127198504,
    "median": 0.054527876898646355,
    "min": 0.0003599280316848308,
    "max": 0.13188187777996063,
    "count": 12240
  },
  "normals.full.inlier_22_5": {
    "mean": 0.0974727759682543,
    "std": 0.015172445858632977,
    "median": 0.09916660189628601,
    "min": 0.005602186545729637,
    "max": 0.18071214854717255,
    "count": 12240
  },
  "normals.full.inlier_30": {
    "mean": 0.11532949262657781,
    "std": 0.013581188953010078,
    "median": 0.11627514287829399,
    "min": 0.015811476856470108,
    "max": 0.19029220938682556,
    "count": 12240
  },
  "normals.building.angular_mean": {
    "mean": 84.07632725187705,
    "std": 6.7499472812249,
    "median": 83.12178802490234,
    "min": 35.53479766845703,
    "max": 146.62086486816406,
    "count": 8539
  },
  "normals.building.angular_median": {
    "mean": 84.38501665806908,
    "std": 6.135469575986072,
    "median": 84.90729522705078,
    "min": 6.185641765594482,
    "max": 144.01211547851562,
    "count": 8539
  },
  "normals.building.inlier_11_25": {
    "mean": 0.029373902501868325,
    "std": 0.026093782585652214,
    "median": 0.023541999980807304,
    "min": 0.0,
    "max": 0.5,
    "count": 8539
  },
  "normals.building.inlier_22_5": {
    "mean": 0.0826060751733944,
    "std": 0.044767275518397716,
    "median": 0.07818026840686798,
    "min": 0.0,
    "max": 0.5,
    "count": 8539
  },
  "normals.building.inlier_30": {
    "mean": 0.11657921135932074,
    "std": 0.04770966606081085,
    "median": 0.11435217410326004,
    "min": 0.0,
    "max": 0.5,
    "count": 8539
  },
  "planarity.building.residual_mean": {
    "mean": 0.6202658555716118,
    "std": 0.5800643292805931,
    "median": 0.5642524063587189,
    "min": 0.007591160945594311,
    "max": 22.421558380126953,
    "count": 8134
  },
  "planarity.building.residual_median": {
    "mean": 0.5077758807743223,
    "std": 0.5702325010323072,
    "median": 0.46480685472488403,