{
  "depth.full.mae": {
    "mean": 3.5821580122693693,
    "std": 1.2352022959823563,
    "median": 3.6903568506240845,
    "min": 0.5445147156715393,
    "max": 9.255386352539062,
    "count": 12240
  },
  "depth.full.rmse": {
    "mean": 6.544655885586357,
    "std": 2.129244493304294,
    "median": 6.906720876693726,
    "min": 0.7724006175994873,
    "max": 15.130997657775879,
    "count": 12240
  },
  "depth.full.abs_rel": {
    "mean": 0.2701864339828223,
    "std": 0.15385925284763605,
    "median": 0.22602695226669312,
    "min": 0.03657211735844612,
    "max": 0.9810225367546082,
    "count": 12240
  },
  "depth.full.sq_rel": {
    "mean": 2.9777148887865077,
    "std": 2.3902295089623737,
    "median": 2.344625949859619,
    "min": 0.04837349057197571,
    "max": 23.83551597595215,
    "count": 12240
  },
  "depth.full.delta1": {
    "mean": 0.6908515090074122,
    "std": 0.18503089956763016,
    "median": 0.7372270226478577,
    "min": 0.19255299866199493,
    "max": 0.9937599301338196,
    "count": 12240
  },
  "depth.full.delta2": {
    "mean": 0.8840628981833754,
    "std": 0.07477788122381539,
    "median": 0.8948407173156738,
    "min": 0.48439568281173706,
    "max": 0.9998326301574707,
    "count": 12240
  },
  "depth.full.delta3": {
    "mean": 0.9422195522905954,
    "std": 0.04536715240101215,
    "median": 0.9525068402290344,
    "min": 0.7479376792907715,
    "max": 1.0,
    "count": 12240
  },
  "depth.full.rmse_log": {
    "mean": 0.32348082441489634,
    "std": 0.12750609269589047,
    "median": 0.30483342707157135,
    "min": 0.060885924845933914,
    "max": 0.6966914534568787,
    "count": 12240
  },
  "depth.full.si_log": {
    "mean": 0.320043295692482,
    "std": 0.1276371479838116,
    "median": 0.30049411952495575,
    "min": 0.06078977882862091,
    "max": 0.6964060664176941,
    "count": 12240
  },
  "depth.building.mae": {
    "mean": 9.673002463116385,
    "std": 5.297138474618902,
    "median": 9.101188659667969,
    "min": 0.07944750785827637,
    "max": 51.94165802001953,
    "count": 8539
  },
  "depth.building.rmse": {
    "mean": 11.929022673518775,
    "std": 5.876618028098911,
    "median": 11.566558837890625,
    "min": 0.0822628065943718,
    "max": 51.974571228027344,
    "count": 8539
  },
  "depth.building.abs_rel": {
    "mean": 0.8248879751745422,
    "std": 1.1174463996689221,
    "median": 0.524583101272583,
    "min": 0.0031341228168457747,
    "max": 36.805171966552734,
    "count": 8539
  },
  "depth.building.sq_rel": {
    "mean": 13.806039376115834,
    "std": 23.10230096984421,
    "median": 7.849465847015381,
    "min": 0.0004555410414468497,
    "max": 636.3032836914062,
    "count": 8539
  },
  "depth.building.delta1": {
    "mean": 0.382043062121851,
    "std": 0.23188818865035274,
    "median": 0.34547656774520874,
    "min": 0.0,
    "max": 1.0,
    "count": 8539
  },
  "depth.building.delta2": {
    "mean": 0.6259865990943185,
    "std": 0.25356880172458734,
    "median": 0.6506909728050232,
    "min": 0.0,
    "max": 1.0,
    "count": 8539
  },
  "depth.building.delta3": {
    "mean": 0.7688208086117445,
    "std": 0.22208873390815614,
    "median": 0.8221415877342224,
    "min": 0.0,
    "max": 1.0,
    "count": 8539
  },
  "depth.building.rmse_log": {
    "mean": 0.5895083325180527,
    "std": 0.3189023264550165,
    "median": 0.5359043478965759,
    "min": 0.00350133772008121,
    "max": 3.555675506591797,
    "count": 8539
  },
  "depth.building.si_log": {
    "mean": 0.4722312124011055,
    "std": 0.22911336124806284,
    "median": 0.4591980576515198,
    "min": 0.0,
    "max": 1.6837133169174194,
    "count": 8539
  },
  "depth.non_building.mae": {
    "mean": 3.3945881932194717,
    "std": 1.2447023301505467,
    "median": 3.4476194381713867,
    "min": 0.33794721961021423,
    "max": 9.255386352539062,
    "count": 12240
  },
  "depth.non_building.rmse": {
    "mean": 6.274395284714068,
    "std": 2.1587339217419355,
    "median": 6.607771635055542,
    "min": 0.5258663892745972,
    "max": 15.130997657775879,
    "count": 12240
  },
  "depth.non_building.abs_rel": {
    "mean": 0.25553635971900684,
    "std": 0.14459514760274456,
    "median": 0.2155386134982109,
    "min": 0.03657211735844612,
    "max": 0.9072411060333252,
    "count": 12240
  },
  "depth.non_building.sq_rel": {
    "mean": 2.704937624886139,
    "std": 2.261370376080679,
    "median": 2.0824235677719116,
    "min": 0.029113000258803368,
    "max": 19.09191131591797,
    "count": 12240
  },
  "depth.non_building.delta1": {
    "mean": 0.7015442987952649,
    "std": 0.18636247761155256,
    "median": 0.7503702044487,
    "min": 0.18200357258319855,
    "max": 0.9963055849075317,
    "count": 12240
  },
  "depth.non_building.delta2": {
    "mean": 0.8923804754890453,
    "std": 0.0708975573422887,
    "median": 0.903156042098999,
    "min": 0.4852023422718048,
    "max": 1.0,
    "count": 12240
  },
  "depth.non_building.delta3": {
    "mean": 0.9472667152731636,
    "std": 0.04236522198585313,
    "median": 0.9573289155960083,
    "min": 0.7479376792907715,
    "max": 1.0,
    "count": 12240
  },
  "depth.non_building.rmse_log": {
    "mean": 0.3109092914389775,
    "std": 0.12324927814517385,
    "median": 0.294130876660347,
    "min": 0.05679364874958992,
    "max": 0.6723512411117554,
    "count": 12240
  },
  "depth.non_building.si_log": {
    "mean": 0.3066694109986713,
    "std": 0.12327956997014893,
    "median": 0.289577379822731,
    "min": 0.054993268102407455,
    "max": 0.6698751449584961,
    "count": 12240
  },
  "normals.full.angular_mean": {
    "mean": 93.49980062222949,
    "std": 1.9454129602846146,
    "median": 93.76014709472656,
    "min": 80.51366424560547,
    "max": 100.26492309570312,
    "count": 12240
  },
  "normals.full.angular_median": {
    "mean": 87.08063740075804,
    "std": 0.9940421650751133,
    "median": 87.20104598999023,
    "min": 75.99649810791016,
    "max": 90.0,
    "count": 12240
  },
  "normals.full.inlier_11_25": {
    "mean": 0.04649907746150621,
    "std": 0.012573556433627273,
    "median": 0.04790956899523735,
    "min": 0.006899814587086439,
    "max": 0.09349354356527328,
    "count": 12240
  },
  "normals.full.inlier_22_5": {
    "mean": 0.09629967925717044,
    "std": 0.012503267484626308,
    "median": 0.0978090800344944,
    "min": 0.035398807376623154,
    "max": 0.14399026334285736,
    "count": 12240
  },
  "normals.full.inlier_30": {
    "mean": 0.11830026974621552,
    "std": 0.010708787136376099,
    "median": 0.11918887495994568,
    "min": 0.06638740003108978,
    "max": 0.16591593623161316,
    "count": 12240
  },
  "normals.building.angular_mean": {
    "mean": 81.09282696298754,
    "std": 6.739681663856206,
    "median": 81.51602935791016,
    "min": 7.595783233642578,
    "max": 174.4977264404297,
    "count": 8539
  },
  "normals.building.angular_median": {
    "mean": 85.10535035977696,
    "std": 6.543189235688326,
    "median": 85.48564910888672,
    "min": 2.6081950664520264,
    "max": 171.41163635253906,
    "count": 8539
  },
  "normals.building.inlier_11_25": {
    "mean": 0.06785744456364912,
    "std": 0.05651775237323986,
    "median": 0.05146316811442375,
    "min": 0.0,
    "max": 1.0,
    "count": 8539
  },
  "normals.building.inlier_22_5": {
    "mean": 0.13773280522176506,
    "std": 0.06471127826717356,
    "median": 0.12295081466436386,
    "min": 0.0,
    "max": 1.0,
    "count": 8539
  },
  "normals.building.inlier_30": {
    "mean": 0.173904190488253,
    "std": 0.061629464534760835,
    "median": 0.1619206815958023,
    "min": 0.0,
    "max": 1.0,
    "count": 8539
  },
  "planarity.building.residual_mean": {
    "mean": 0.3784858245504019,
    "std": 0.29949386563729874,
    "median": 0.37289537489414215,
    "min": 0.008410947397351265,
    "max": 19.426437377929688,
    "count": 8134
  },
  "planarity.building.residual_median": {
    "mean": 0.3513879176209316,
    "std": 0.3003267502542245,