{
  "depth.full.mae": {
    "mean": 3.7290665283896565,
    "std": 1.2769388304351499,
    "median": 3.7889935970306396,
    "min": 0.49091145396232605,
    "max": 9.019115447998047,
    "count": 12240
  },
  "depth.full.rmse": {
    "mean": 6.693296923381246,
    "std": 2.140839650130899,
    "median": 7.0446624755859375,
    "min": 0.6069822311401367,
    "max": 15.022334098815918,
    "count": 12240
  },
  "depth.full.abs_rel": {
    "mean": 0.29062169818785893,
    "std": 0.17204767448276614,
    "median": 0.233298197388649,
    "min": 0.0467558391392231,
    "max": 1.047296404838562,
    "count": 12240
  },
  "depth.full.sq_rel": {
    "mean": 3.164522969517918,
    "std": 2.5094291424105437,
    "median": 2.4596595764160156,
    "min": 0.060191068798303604,
    "max": 23.195154190063477,
    "count": 12240
  },
  "depth.full.delta1": {
    "mean": 0.6697839388757749,
    "std": 0.19650943093532086,
    "median": 0.7256951332092285,
    "min": 0.15796543657779694,
    "max": 0.9889212250709534,
    "count": 12240
  },
  "depth.full.delta2": {
    "mean": 0.8749806974764938,
    "std": 0.08525553167452622,
    "median": 0.8906831741333008,
    "min": 0.3825225532054901,
    "max": 0.9999806880950928,
    "count": 12240
  },
  "depth.full.delta3": {
    "mean": 0.9365800580947228,
    "std": 0.051265345826985206,
    "median": 0.9497515559196472,
    "min": 0.7283422350883484,
    "max": 1.0,
    "count": 12240
  },
  "depth.full.rmse_log": {
    "mean": 0.3378933965021537,
    "std": 0.13710121315153023,
    "median": 0.3120265305042267,
    "min": 0.07394858449697495,
    "max": 0.7338367700576782,
    "count": 12240
  },
  "depth.full.si_log": {
    "mean": 0.33452102184673055,
    "std": 0.13764222736372872,
    "median": 0.30833810567855835,
    "min": 0.07292815297842026,
    "max": 0.7325325012207031,
    "count": 12240
  },
  "depth.building.mae": {
    "mean": 10.4908613350837,
    "std": 5.321891502664678,
    "median": 9.95923900604248,
    "min": 0.1738588809967041,
    "max": 54.45331954956055,
    "count": 8539
  },
  "depth.building.rmse": {
    "mean": 12.606979129168256,
    "std": 5.802252430686416,
    "median": 12.237336158752441,
    "min": 0.19353215396404266,
    "max": 54.46293258666992,
    "count": 8539
  },
  "depth.building.abs_rel": {
    "mean": 1.0215439246431917,
    "std": 1.6059611280462789,
    "median": 0.579373300075531,
    "min": 0.008942291140556335,
    "max": 58.63226318359375,
    "count": 8539
  },
  "depth.building.sq_rel": {
    "mean": 16.80054517644757,
    "std": 31.421660833757283,
    "median": 9.293110847473145,
    "min": 0.002239916007965803,
    "max": 1350.5091552734375,
    "count": 8539
  },
  "depth.building.delta1": {
    "mean": 0.34941785756233895,
    "std": 0.2369361692213962,
    "median": 0.3196776211261749,
    "min": 0.0,
    "max": 1.0,
    "count": 8539
  },
  "depth.building.delta2": {
    "mean": 0.5784087698603563,
    "std": 0.28367389814445765,
    "median": 0.6121488213539124,
    "min": 0.0,
    "max": 1.0,
    "count": 8539
  },
  "depth.building.delta3": {
    "mean": 0.7202199433917076,
    "std": 0.2690962998126895,
    "median": 0.7948350310325623,
    "min": 0.0,
    "max": 1.0,
    "count": 8539
  },
  "depth.building.rmse_log": {
    "mean": 0.6497921571481263,
    "std": 0.37817102776293077,
    "median": 0.5702781081199646,
    "min": 0.009229710325598717,
    "max": 4.050062656402588,
    "count": 8539
  },
  "depth.building.si_log": {
    "mean": 0.49072348697284623,
    "std": 0.24926249947171536,
    "median": 0.4682293087244034,
    "min": 0.0,
    "max": 1.6854499578475952,
    "count": 8538
  },
  "depth.non_building.mae": {
    "mean": 3.527881434214076,
    "std": 1.2834803262690004,
    "median": 3.5478233098983765,
    "min": 0.37078461050987244,
    "max": 9.019115447998047,
    "count": 12240
  },
  "depth.non_building.rmse": {
    "mean": 6.407656788163715,
    "std": 2.169827106326047,
    "median": 6.709181308746338,
    "min": 0.5455555319786072,
    "max": 15.022334098815918,
    "count": 12240
  },
  "depth.non_building.abs_rel": {
    "mean": 0.27287333491319193,
    "std": 0.1595311066474594,
    "median": 0.22311653196811676,
    "min": 0.04326247423887253,
    "max": 0.9438962936401367,
    "count": 12240
  },
  "depth.non_building.sq_rel": {
    "mean": 2.850839437807612,
    "std": 2.348098080596806,
    "median": 2.184165358543396,
    "min": 0.04226648062467575,
    "max": 18.512807846069336,
    "count": 12240
  },
  "depth.non_building.delta1": {
    "mean": 0.680086144131724,
    "std": 0.1979792147724711,
    "median": 0.7379864156246185,
    "min": 0.15931034088134766,
    "max": 0.9896528124809265,
    "count": 12240
  },
  "depth.non_building.delta2": {
    "mean": 0.8840996205806733,
    "std": 0.08066347336238075,
    "median": 0.8989746570587158,
    "min": 0.3865586519241333,
    "max": 0.9999842643737793,
    "count": 12240
  },
  "depth.non_building.delta3": {
    "mean": 0.9426449556609774,
    "std": 0.04721559937809182,
    "median": 0.9547654092311859,
    "min": 0.7357911467552185,
    "max": 1.0,
    "count": 12240
  },
  "depth.non_building.rmse_log": {
    "mean": 0.3237238698115487,
    "std": 0.13129778838221914,
    "median": 0.3005277067422867,
    "min": 0.06777815520763397,
    "max": 0.7249386310577393,
    "count": 12240
  },
  "depth.non_building.si_log": {
    "mean": 0.3193360498168938,
    "std": 0.13152704008597593,
    "median": 0.29680727422237396,
    "min": 0.061684250831604004,
    "max": 0.7194874882698059,
    "count": 12240
  },
  "normals.full.angular_mean": {
    "mean": 92.6670506782781,
    "std": 1.653132583672306,
    "median": 92.86934280395508,
    "min": 80.41402435302734,
    "max": 98.93171691894531,
    "count": 12240
  },
  "normals.full.angular_median": {
    "mean": 87.0489322606255,
    "std": 1.040786328774719,
    "median": 87.18804550170898,
    "min": 74.55670928955078,
    "max": 90.0,
    "count": 12240
  },
  "normals.full.inlier_11_25": {
    "mean": 0.0441707394543116,
    "std": 0.01151706876996747,
    "median": 0.04547388106584549,
    "min": 0.007152640726417303,
    "max": 0.08853811025619507,
    "count": 12240
  },
  "normals.full.inlier_22_5": {
    "mean": 0.0926497368318534,
    "std": 0.012177307216904963,
    "median": 0.09431137889623642,
    "min": 0.03498900681734085,
    "max": 0.139875128865242,
    "count": 12240
  },
  "normals.full.inlier_30": {
    "mean": 0.11671202002287982,
    "std": 0.010530108381955458,
    "median": 0.11773332580924034,
    "min": 0.06610118597745895,
    "max": 0.16720521450042725,
    "count": 12240
  },
  "normals.building.angular_mean": {
    "mean": 81.01076157448485,
    "std": 6.650698443448814,
    "median": 81.20816040039062,
    "min": 9.233244895935059,
    "max": 173.330322265625,
    "count": 8539
  },
  "normals.building.angular_median": {
    "mean": 84.91423608849375,
    "std": 6.520186258116399,
    "median": 85.2939682006836,
    "min": 3.2608675956726074,
    "max": 173.406982421875,
    "count": 8539
  },
  "normals.building.inlier_11_25": {
    "mean": 0.05784055688533513,
    "std": 0.046185210844615694,
    "median": 0.04635482281446457,
    "min": 0.0,
    "max": 0.8333333730697632,
    "count": 8539
  },
  "normals.building.inlier_22_5": {
    "mean": 0.1298599887404463,
    "std": 0.05825914219832418,
    "median": 0.11801701784133911,
    "min": 0.0,
    "max": 1.0,
    "count": 8539
  },
  "normals.building.inlier_30": {
    "mean": 0.1692073104085318,
    "std": 0.05736971008888019,
    "median": 0.15987572073936462,
    "min": 0.0,
    "max": 1.0,
    "count": 8539
  },
  "planarity.building.residual_mean": {
    "mean": 0.4127312446247126,
    "std": 0.3373869106459211,
    "median": 0.4044498950242996,
    "min": 0.0068064117804169655,
    "max": 19.960758209228516,
    "count": 8134
  },
  "planarity.building.residual_median": {
    "mean": 0.37983456984774205,