{
  "depth.full.mae": {
    "mean": 3.6714478729256226,
    "std": 1.2549464766182548,
    "median": 3.7383352518081665,
    "min": 0.5203471779823303,
    "max": 8.85653018951416,
    "count": 12240
  },
  "depth.full.rmse": {
    "mean": 6.626841631117794,
    "std": 2.1208361490526846,
    "median": 6.964643478393555,
    "min": 0.6923527717590332,
    "max": 14.743377685546875,
    "count": 12240
  },
  "depth.full.abs_rel": {
    "mean": 0.2859182625893333,
    "std": 0.1678033101742384,
    "median": 0.23180575668811798,
    "min": 0.045253314077854156,
    "max": 1.0344796180725098,
    "count": 12240
  },
  "depth.full.sq_rel": {
    "mean": 3.1624323624950144,
    "std": 2.531000927222895,
    "median": 2.460299491882324,
    "min": 0.06232872232794762,
    "max": 23.260988235473633,
    "count": 12240
  },
  "depth.full.delta1": {
    "mean": 0.6791182435756805,
    "std": 0.19125663411004404,
    "median": 0.7325549423694611,
    "min": 0.1648096740245819,
    "max": 0.9903645515441895,
    "count": 12240
  },
  "depth.full.delta2": {
    "mean": 0.8790415908776078,
    "std": 0.08097473410616518,
    "median": 0.8931024074554443,
    "min": 0.4200758635997772,
    "max": 0.9999871850013733,
    "count": 12240
  },
  "depth.full.delta3": {
    "mean": 0.9384173835414688,
    "std": 0.049423255002660614,
    "median": 0.9506821930408478,
    "min": 0.741294264793396,
    "max": 1.0,
    "count": 12240
  },
  "depth.full.rmse_log": {
    "mean": 0.3334402772494488,
    "std": 0.1344192605381302,
    "median": 0.3090709447860718,
    "min": 0.07047469168901443,
    "max": 0.7217245697975159,
    "count": 12240
  },
  "depth.full.si_log": {
    "mean": 0.3301456511203273,
    "std": 0.13497372652937187,
    "median": 0.306080624461174,
    "min": 0.06978335976600647,
    "max": 0.7216531038284302,
    "count": 12240
  },
  "depth.building.mae": {
    "mean": 10.275111035477543,
    "std": 5.2781243738735535,
    "median": 9.701125144958496,
    "min": 0.19274282455444336,
    "max": 54.02811813354492,
    "count": 8539
  },
  "depth.building.rmse": {
    "mean": 12.416116468391118,
    "std": 5.781722441316301,
    "median": 12.059615135192871,
    "min": 0.21453674137592316,
    "max": 54.04374694824219,
    "count": 8539
  },
  "depth.building.abs_rel": {
    "mean": 0.9789720858385195,
    "std": 1.4819393574124302,
    "median": 0.5755177140235901,
    "min": 0.008681317791342735,
    "max": 53.759708404541016,
    "count": 8539
  },
  "depth.building.sq_rel": {
    "mean": 16.199318522455474,
    "std": 29.133992810620267,
    "median": 9.03780746459961,
    "min": 0.00207305490039289,
    "max": 1162.14990234375,
    "count": 8539
  },
  "depth.building.delta1": {
    "mean": 0.35758984028219,
    "std": 0.23806761265783782,
    "median": 0.3290734887123108,
    "min": 0.0,
    "max": 1.0,
    "count": 8539
  },
  "depth.building.delta2": {
    "mean": 0.5884363236804642,
    "std": 0.27994507050721745,
    "median": 0.6231883764266968,
    "min": 0.0,
    "max": 1.0,
    "count": 8539
  },
  "depth.building.delta3": {
    "mean": 0.7303842290040441,
    "std": 0.2597574066680478,
    "median": 0.803010880947113,
    "min": 0.0,
    "max": 1.0,
    "count": 8539
  },
  "depth.building.rmse_log": {
    "mean": 0.6363752637079656,
    "std": 0.3644003677987538,
    "median": 0.5627163052558899,
    "min": 0.009721474722027779,
    "max": 3.9597814083099365,
    "count": 8539
  },
  "depth.building.si_log": {
    "mean": 0.48418158679044576,
    "std": 0.2427233159049821,
    "median": 0.46503305435180664,
    "min": 0.0,
    "max": 1.6857056617736816,
    "count": 8539
  },
  "depth.non_building.mae": {
    "mean": 3.4733660390929266,
    "std": 1.263361707120514,
    "median": 3.497786045074463,
    "min": 0.3530181348323822,
    "max": 8.85653018951416,
    "count": 12240
  },
  "depth.non_building.rmse": {
    "mean": 6.344089299854305,
    "std": 2.1525576083900972,
    "median": 6.641538858413696,
    "min": 0.527852475643158,
    "max": 14.743377685546875,
    "count": 12240
  },
  "depth.non_building.abs_rel": {
    "mean": 0.268673382169914,
    "std": 0.1560786751299928,
    "median": 0.22059054672718048,
    "min": 0.04209238663315773,
    "max": 0.9368274807929993,
    "count": 12240
  },
  "depth.non_building.sq_rel": {
    "mean": 2.853641816723812,
    "std": 2.3810164533868083,
    "median": 2.175020217895508,
    "min": 0.03632660210132599,
    "max": 18.73764419555664,
    "count": 12240
  },
  "depth.non_building.delta1": {
    "mean": 0.6897398248107897,
    "std": 0.19245848717584985,
    "median": 0.7443405091762543,
    "min": 0.1654079705476761,
    "max": 0.9926635026931763,
    "count": 12240
  },
  "depth.non_building.delta2": {
    "mean": 0.8880296903692819,
    "std": 0.07641787315837562,
    "median": 0.9014201164245605,
    "min": 0.4203900396823883,
    "max": 1.0,
    "count": 12240
  },
  "depth.non_building.delta3": {
    "mean": 0.9442605767423421,
    "std": 0.045623306848278505,
    "median": 0.9558018445968628,
    "min": 0.741294264793396,
    "max": 1.0,
    "count": 12240
  },
  "depth.non_building.rmse_log": {
    "mean": 0.31948337317779174,
    "std": 0.12897882299811728,
    "median": 0.29810546338558197,
    "min": 0.06366520375013351,
    "max": 0.7058915495872498,
    "count": 12240
  },
  "depth.non_building.si_log": {
    "mean": 0.3153303691109922,
    "std": 0.12935265975709598,
    "median": 0.2939614802598953,
    "min": 0.057956844568252563,
    "max": 0.7034034729003906,
    "count": 12240
  },
  "normals.full.angular_mean": {
    "mean": 93.10802474551731,
    "std": 1.7480555844800556,
    "median": 93.31543350219727,
    "min": 80.65372467041016,
    "max": 99.52436065673828,
    "count": 12240
  },
  "normals.full.angular_median": {
    "mean": 87.103949533101,
    "std": 1.027952576891807,
    "median": 87.22534942626953,
    "min": 75.32113647460938,
    "max": 90.0,
    "count": 12240
  },
  "normals.full.inlier_11_25": {
    "mean": 0.04390204913934748,
    "std": 0.011538852143922262,
    "median": 0.04515647701919079,
    "min": 0.007583828177303076,
    "max": 0.08697529882192612,
    "count": 12240
  },
  "normals.full.inlier_22_5": {
    "mean": 0.0927925368086161,
    "std": 0.012000143088214184,
    "median": 0.09435997903347015,
    "min": 0.03615986183285713,
    "max": 0.13889987766742706,
    "count": 12240
  },
  "normals.full.inlier_30": {
    "mean": 0.11647890918261183,
    "std": 0.010330203744076937,
    "median": 0.11734206601977348,
    "min": 0.06817620247602463,
    "max": 0.16587688028812408,
    "count": 12240
  },
  "normals.building.angular_mean": {
    "mean": 81.07477992183222,
    "std": 6.718473797675819,
    "median": 81.35405731201172,
    "min": 8.483057975769043,
    "max": 173.8251953125,
    "count": 8539
  },
  "normals.building.angular_median": {
    "mean": 84.93447160799005,
    "std": 6.598175538740306,
    "median": 85.28990173339844,
    "min": 2.4361441135406494,
    "max": 171.54457092285156,
    "count": 8539
  },
  "normals.building.inlier_11_25": {
    "mean": 0.06090677462328221,
    "std": 0.04979885079399127,
    "median": 0.04790782183408737,
    "min": 0.0,
    "max": 1.0,
    "count": 8539
  },
  "normals.building.inlier_22_5": {
    "mean": 0.13262657432741995,
    "std": 0.06046477448007738,
    "median": 0.11945542693138123,
    "min": 0.0,
    "max": 1.0,
    "count": 8539
  },
  "normals.building.inlier_30": {
    "mean": 0.17078273871675567,
    "std": 0.05884290214389764,
    "median": 0.15993358194828033,
    "min": 0.0,
    "max": 1.0,
    "count": 8539
  },
  "planarity.building.residual_mean": {
    "mean": 0.40887364286806627,
    "std": 0.33301499369665966,
    "median": 0.40301986038684845,
    "min": 0.009702124632894993,
    "max": 20.673465728759766,
    "count": 8134
  },
  "planarity.building.residual_median": {
    "mean": 0.38051446218397134,
    "std": 0.3357942683182208,