{
  "depth.full.mae": {
    "mean": 3.611822735576653,
    "std": 1.241376436473215,
    "median": 3.697645425796509,
    "min": 0.5721703171730042,
    "max": 8.90896224975586,
    "count": 12240
  },
  "depth.full.rmse": {
    "mean": 6.574254077273646,
    "std": 2.1278192251136225,
    "median": 6.906811714172363,
    "min": 0.7740515470504761,
    "max": 14.690120697021484,
    "count": 12240
  },
  "depth.full.abs_rel": {
    "mean": 0.27872056237428017,
    "std": 0.16086875991594285,
    "median": 0.23056764900684357,
    "min": 0.03827735409140587,
    "max": 1.0179041624069214,
    "count": 12240
  },
  "depth.full.sq_rel": {
    "mean": 3.148893311750935,
    "std": 2.5548637384641313,
    "median": 2.448516368865967,
    "min": 0.06022444739937782,
    "max": 25.201202392578125,
    "count": 12240
  },
  "depth.full.delta1": {
    "mean": 0.6869512462136306,
    "std": 0.18888240388825692,
    "median": 0.7381061911582947,
    "min": 0.1824091374874115,
    "max": 0.9929051995277405,
    "count": 12240
  },
  "depth.full.delta2": {
    "mean": 0.8830661741639274,
    "std": 0.0763064888069342,
    "median": 0.8951701521873474,
    "min": 0.45366325974464417,
    "max": 0.9997712969779968,
    "count": 12240
  },
  "depth.full.delta3": {
    "mean": 0.9407469230880535,
    "std": 0.04669020847868026,
    "median": 0.9515289962291718,
    "min": 0.7450383305549622,
    "max": 1.0,
    "count": 12240
  },
  "depth.full.rmse_log": {
    "mean": 0.32807236375786314,
    "std": 0.1305848281818565,
    "median": 0.30694180727005005,
    "min": 0.06449531018733978,
    "max": 0.7083064317703247,
    "count": 12240
  },
  "depth.full.si_log": {
    "mean": 0.3247936763587633,
    "std": 0.13086034633283242,
    "median": 0.3029482811689377,
    "min": 0.06413180381059647,
    "max": 0.7082371711730957,
    "count": 12240
  },
  "depth.building.mae": {
    "mean": 9.913719962957327,
    "std": 5.27114960629267,
    "median": 9.34768009185791,
    "min": 0.3955109119415283,
    "max": 52.865081787109375,
    "count": 8539
  },
  "depth.building.rmse": {
    "mean": 12.133565707139855,
    "std": 5.832077975427698,
    "median": 11.771108627319336,
    "min": 0.3962903320789337,
    "max": 52.88465118408203,
    "count": 8539
  },
  "depth.building.abs_rel": {
    "mean": 0.8947277023218243,
    "std": 1.2594040154860175,
    "median": 0.5534968376159668,
    "min": 0.012180434539914131,
    "max": 43.333168029785156,
    "count": 8539
  },
  "depth.building.sq_rel": {
    "mean": 15.136785426428048,
    "std": 25.75095308208744,
    "median": 8.4415283203125,
    "min": 0.007944268174469471,
    "max": 815.0631713867188,
    "count": 8539
  },
  "depth.building.delta1": {
    "mean": 0.373249466838452,
    "std": 0.23532902044873327,
    "median": 0.3435840308666229,
    "min": 0.0,
    "max": 1.0,
    "count": 8539
  },
  "depth.building.delta2": {
    "mean": 0.6116861354343762,
    "std": 0.26444120376865415,
    "median": 0.6402201652526855,
    "min": 0.0,
    "max": 1.0,
    "count": 8539
  },
  "depth.building.delta3": {
    "mean": 0.7527166757705527,
    "std": 0.23707438650688087,
    "median": 0.8136982917785645,
    "min": 0.0,
    "max": 1.0,
    "count": 8539
  },
  "depth.building.rmse_log": {
    "mean": 0.6102355043549409,
    "std": 0.3379822302029163,
    "median": 0.5468676686286926,
    "min": 0.013454591855406761,
    "max": 3.7329840660095215,
    "count": 8539
  },
  "depth.building.si_log": {
    "mean": 0.4750019443761057,
    "std": 0.23246858144480462,
    "median": 0.45995670557022095,
    "min": 0.0,
    "max": 1.6838412284851074,
    "count": 8539
  },
  "depth.non_building.mae": {
    "mean": 3.419660918412158,
    "std": 1.2523799675076057,
    "median": 3.4561619758605957,
    "min": 0.3526424169540405,
    "max": 8.90896224975586,
    "count": 12240
  },
  "depth.non_building.rmse": {
    "mean": 6.296589425673671,
    "std": 2.1626759486445066,
    "median": 6.6016435623168945,
    "min": 0.548949658870697,
    "max": 14.690120697021484,
    "count": 12240
  },
  "depth.non_building.abs_rel": {
    "mean": 0.26284498797936573,
    "std": 0.15063348515922198,
    "median": 0.21984151005744934,
    "min": 0.03827719762921333,
    "max": 0.934016764163971,
    "count": 12240
  },
  "depth.non_building.sq_rel": {
    "mean": 2.8530019477271518,
    "std": 2.417002497493167,
    "median": 2.177138090133667,
    "min": 0.03206884115934372,
    "max": 19.979610443115234,
    "count": 12240
  },
  "depth.non_building.delta1": {
    "mean": 0.6975535254682006,
    "std": 0.1902844787024975,
    "median": 0.7507791817188263,
    "min": 0.18349947035312653,
    "max": 0.9954654574394226,
    "count": 12240
  },
  "depth.non_building.delta2": {
    "mean": 0.8916868969895482,
    "std": 0.07215594773030962,
    "median": 0.9032147228717804,
    "min": 0.4538881778717041,
    "max": 0.9999735355377197,
    "count": 12240
  },
  "depth.non_building.delta3": {
    "mean": 0.9461341775418107,
    "std": 0.043404719666546784,
    "median": 0.9566514194011688,
    "min": 0.7450383305549622,
    "max": 1.0,
    "count": 12240
  },
  "depth.non_building.rmse_log": {
    "mean": 0.3148454272383033,
    "std": 0.12589960453007015,
    "median": 0.2961423248052597,
    "min": 0.06008080020546913,
    "max": 0.6853610873222351,
    "count": 12240
  },
  "depth.non_building.si_log": {
    "mean": 0.3107649911167648,
    "std": 0.12609719230936697,
    "median": 0.29196617007255554,
    "min": 0.05837748944759369,
    "max": 0.6841890811920166,
    "count": 12240
  },
  "normals.full.angular_mean": {
    "mean": 93.44710021735796,
    "std": 1.8586939061020993,
    "median": 93.68563461303711,
    "min": 80.77742004394531,
    "max": 99.96725463867188,
    "count": 12240
  },
  "normals.full.angular_median": {
    "mean": 87.14507629606459,
    "std": 0.9856566733845841,
    "median": 87.25324630737305,
    "min": 75.96741485595703,
    "max": 90.01870727539062,
    "count": 12240
  },
  "normals.full.inlier_11_25": {
    "mean": 0.04599035166746486,
    "std": 0.012004553125106364,
    "median": 0.047303345054388046,
    "min": 0.00739265838637948,
    "max": 0.09085483103990555,
    "count": 12240
  },
  "normals.full.inlier_22_5": {
    "mean": 0.09528731813721261,
    "std": 0.012037661807410465,
    "median": 0.09666740521788597,
    "min": 0.03645257279276848,
    "max": 0.14117594063282013,
    "count": 12240
  },
  "normals.full.inlier_30": {
    "mean": 0.11790102333122608,
    "std": 0.010359153705129139,
    "median": 0.1186373382806778,
    "min": 0.06730979681015015,
    "max": 0.16593658924102783,
    "count": 12240
  },
  "normals.building.angular_mean": {
    "mean": 81.13596053826528,
    "std": 6.750789179705023,
    "median": 81.53614807128906,
    "min": 7.380339622497559,
    "max": 174.21127319335938,
    "count": 8539
  },
  "normals.building.angular_median": {
    "mean": 85.17937323865323,
    "std": 6.621377292502706,
    "median": 85.56282043457031,
    "min": 1.8947553634643555,
    "max": 170.3497772216797,
    "count": 8539
  },
  "normals.building.inlier_11_25": {
    "mean": 0.06661441245488811,
    "std": 0.05410210846433759,
    "median": 0.05141300708055496,
    "min": 0.0,
    "max": 1.0,
    "count": 8539
  },
  "normals.building.inlier_22_5": {
    "mean": 0.13752033667017652,
    "std": 0.06386564360136525,
    "median": 0.12260769307613373,
    "min": 0.0,
    "max": 1.0,
    "count": 8539
  },
  "normals.building.inlier_30": {
    "mean": 0.17398241641027617,
    "std": 0.06102754971343186,
    "median": 0.16199322044849396,
    "min": 0.0,
    "max": 1.0,
    "count": 8539
  },
  "planarity.building.residual_mean": {
    "mean": 0.39672083893796795,
    "std": 0.31625005969653724,
    "median": 0.39275819063186646,
    "min": 0.008871819823980331,
    "max": 20.412817001342773,
    "count": 8134
  },
  "planarity.building.residual_median": {
    "mean": 0.37042052845234974,