{
  "depth.full.mae": {
    "mean": 3.6423449082847905,
    "std": 1.2606406366006067,
    "median": 3.7377222776412964,
    "min": 0.5258601903915405,
    "max": 9.313963890075684,
    "count": 12240
  },
  "depth.full.rmse": {
    "mean": 6.597904868380112,
    "std": 2.1438658753108073,
    "median": 6.9643309116363525,
    "min": 0.7209281325340271,
    "max": 15.310492515563965,
    "count": 12240
  },
  "depth.full.abs_rel": {
    "mean": 0.27750009324925107,
    "std": 0.16163755064406493,
    "median": 0.2283867672085762,
    "min": 0.0405457466840744,
    "max": 0.9997842907905579,
    "count": 12240
  },
  "depth.full.sq_rel": {
    "mean": 2.973561365371631,
    "std": 2.36896852714193,
    "median": 2.333137035369873,
    "min": 0.052276745438575745,
    "max": 22.293773651123047,
    "count": 12240
  },
  "depth.full.delta1": {
    "mean": 0.6799938775842486,
    "std": 0.19264689116264166,
    "median": 0.7323746979236603,
    "min": 0.17156794667243958,
    "max": 0.9921712875366211,
    "count": 12240
  },
  "depth.full.delta2": {
    "mean": 0.8800576963236714,
    "std": 0.07948983829615129,
    "median": 0.892535388469696,
    "min": 0.4320175051689148,
    "max": 0.9999679327011108,
    "count": 12240
  },
  "depth.full.delta3": {
    "mean": 0.9399779909625162,
    "std": 0.04817833276057488,
    "median": 0.9520374536514282,
    "min": 0.743755578994751,
    "max": 1.0,
    "count": 12240
  },
  "depth.full.rmse_log": {
    "mean": 0.3286209237238307,
    "std": 0.13196269669844776,
    "median": 0.3069289028644562,
    "min": 0.06372720748186111,
    "max": 0.7110657691955566,
    "count": 12240
  },
  "depth.full.si_log": {
    "mean": 0.3250629794771716,
    "std": 0.13219844191244415,
    "median": 0.30267496407032013,
    "min": 0.06362542510032654,
    "max": 0.7108070254325867,
    "count": 12240
  },
  "depth.building.mae": {
    "mean": 10.002309296222995,
    "std": 5.293043893666633,
    "median": 9.428017616271973,
    "min": 0.5123273730278015,
    "max": 53.47837829589844,
    "count": 8539
  },
  "depth.building.rmse": {
    "mean": 12.16728734287421,
    "std": 5.835871302158451,
    "median": 11.796388626098633,
    "min": 0.5374076962471008,
    "max": 53.4920654296875,
    "count": 8539
  },
  "depth.building.abs_rel": {
    "mean": 0.9105134913085974,
    "std": 1.3435927661581626,
    "median": 0.5473345518112183,
    "min": 0.022522246465086937,
    "max": 48.02457046508789,
    "count": 8539
  },
  "depth.building.sq_rel": {
    "mean": 14.605906188181093,
    "std": 25.44848793509052,
    "median": 8.331259727478027,
    "min": 0.018872054293751717,
    "max": 942.7734985351562,
    "count": 8539
  },
  "depth.building.delta1": {
    "mean": 0.36119450307975254,
    "std": 0.23965795754842137,
    "median": 0.32781457901000977,
    "min": 0.0,
    "max": 1.0,
    "count": 8539
  },
  "depth.building.delta2": {
    "mean": 0.5986415595443684,
    "std": 0.2743249281124985,
    "median": 0.6298554539680481,
    "min": 0.0,
    "max": 1.0,
    "count": 8539
  },
  "depth.building.delta3": {
    "mean": 0.7442018372022638,
    "std": 0.24869062452378807,
    "median": 0.8115364909172058,
    "min": 0.0,
    "max": 1.0,
    "count": 8539
  },
  "depth.building.rmse_log": {
    "mean": 0.6163761748559621,
    "std": 0.3478699588538147,
    "median": 0.5499340295791626,
    "min": 0.022858748212456703,
    "max": 3.8468034267425537,
    "count": 8539
  },
  "depth.building.si_log": {
    "mean": 0.47831876867649736,
    "std": 0.2389467684124182,
    "median": 0.4618098735809326,
    "min": 0.0,
    "max": 1.6854561567306519,
    "count": 8539
  },
  "depth.non_building.mae": {
    "mean": 3.4497366765915762,
    "std": 1.266386645130521,
    "median": 3.490773320198059,
    "min": 0.3320598900318146,
    "max": 9.313963890075684,
    "count": 12240
  },
  "depth.non_building.rmse": {
    "mean": 6.324038100262094,
    "std": 2.169131552688373,
    "median": 6.652044057846069,
    "min": 0.5147786140441895,
    "max": 15.310492515563965,
    "count": 12240
  },
  "depth.non_building.abs_rel": {
    "mean": 0.2615528876692349,
    "std": 0.15085479749242084,
    "median": 0.217714324593544,
    "min": 0.0405457466840744,
    "max": 0.9111350774765015,
    "count": 12240
  },
  "depth.non_building.sq_rel": {
    "mean": 2.6925346034128537,
    "std": 2.2328742458186635,
    "median": 2.0705785751342773,
    "min": 0.03074638918042183,
    "max": 17.811288833618164,
    "count": 12240
  },
  "depth.non_building.delta1": {
    "mean": 0.690657924342097,
    "std": 0.19386179595669886,
    "median": 0.7447099387645721,
    "min": 0.17225521802902222,
    "max": 0.994819164276123,
    "count": 12240
  },
  "depth.non_building.delta2": {
    "mean": 0.8888685493370871,
    "std": 0.07504462005813504,
    "median": 0.9013709127902985,
    "min": 0.43240219354629517,
    "max": 0.9999735355377197,
    "count": 12240
  },
  "depth.non_building.delta3": {
    "mean": 0.9455195636385016,
    "std": 0.044584119089876244,
    "median": 0.9568985998630524,
    "min": 0.743755578994751,
    "max": 1.0,
    "count": 12240
  },
  "depth.non_building.rmse_log": {
    "mean": 0.31534082648539125,
    "std": 0.12687896281194397,
    "median": 0.29575803875923157,
    "min": 0.0598856657743454,
    "max": 0.6960708498954773,
    "count": 12240
  },
  "depth.non_building.si_log": {
    "mean": 0.31082636108987177,
    "std": 0.1269234687416556,
    "median": 0.2912672162055969,
    "min": 0.05624375119805336,
    "max": 0.6937758922576904,
    "count": 12240
  },
  "normals.full.angular_mean": {
    "mean": 93.23610878614039,
    "std": 1.8067722252104241,
    "median": 93.45550918579102,
    "min": 80.87730407714844,
    "max": 99.68050384521484,
    "count": 12240
  },
  "normals.full.angular_median": {
    "mean": 87.04030235826579,
    "std": 1.012567419977057,
    "median": 87.15669631958008,
    "min": 75.74424743652344,
    "max": 90.0,
    "count": 12240
  },
  "normals.full.inlier_11_25": {
    "mean": 0.04434990986270124,
    "std": 0.011807237830823951,
    "median": 0.045666228979825974,
    "min": 0.007642365992069244,
    "max": 0.08871088176965714,
    "count": 12240
  },
  "normals.full.inlier_22_5": {
    "mean": 0.09358995361466667,
    "std": 0.012125186097206985,
    "median": 0.09505755081772804,
    "min": 0.03655014559626579,
    "max": 0.13980445265769958,
    "count": 12240
  },
  "normals.full.inlier_30": {
    "mean": 0.11688765141126864,
    "std": 0.01040369823932555,
    "median": 0.1176757775247097,
    "min": 0.06730979681015015,
    "max": 0.16539928317070007,
    "count": 12240
  },
  "normals.building.angular_mean": {
    "mean": 80.99874102274948,
    "std": 6.680518390876603,
    "median": 81.37079620361328,
    "min": 6.993001461029053,
    "max": 173.96282958984375,
    "count": 8539
  },
  "normals.building.angular_median": {
    "mean": 84.88598164253959,
    "std": 6.583235167039465,
    "median": 85.25794982910156,
    "min": 2.2221109867095947,
    "max": 170.0765838623047,
    "count": 8539
  },
  "normals.building.inlier_11_25": {
    "mean": 0.06344647553229352,
    "std": 0.052211850781146235,
    "median": 0.049342986196279526,
    "min": 0.0,
    "max": 1.0,
    "count": 8539
  },
  "normals.building.inlier_22_5": {
    "mean": 0.13530041982411828,
    "std": 0.06222728034846585,
    "median": 0.121495321393013,
    "min": 0.0,
    "max": 1.0,
    "count": 8539
  },
  "normals.building.inlier_30": {
    "mean": 0.17288648410396945,
    "std": 0.060377645555751716,
    "median": 0.16131223738193512,
    "min": 0.0,
    "max": 1.0,
    "count": 8539
  },
  "planarity.building.residual_mean": {
    "mean": 0.39031783601096004,
    "std": 0.31064416909658515,
    "median": 0.38571247458457947,
    "min": 0.009439653716981411,
    "max": 19.353097915649414,
    "count": 8134
  },
  "planarity.building.residual_median": {
    "mean": 0.3641683169610144,
    "std": 0.312752970828455,