{
  "depth.full.mae": {
    "mean": 3.5777476000581303,
    "std": 1.235195658537749,
    "median": 3.6824265718460083,
    "min": 0.5536093711853027,
    "max": 9.174797058105469,
    "count": 12240
  },
  "depth.full.rmse": {
    "mean": 6.537741633826027,
    "std": 2.1306220184937392,
    "median": 6.89023756980896,
    "min": 0.7961331605911255,
    "max": 14.96252727508545,
    "count": 12240
  },
  "depth.full.abs_rel": {
    "mean": 0.27181704518707844,
    "std": 0.15489408763247295,
    "median": 0.22727443277835846,
    "min": 0.03639507666230202,
    "max": 0.9909597635269165,
    "count": 12240
  },
  "depth.full.sq_rel": {
    "mean": 3.0503661587849575,
    "std": 2.470930764380668,
    "median": 2.3886711597442627,
    "min": 0.04930397868156433,
    "max": 24.8622989654541,
    "count": 12240
  },
  "depth.full.delta1": {
    "mean": 0.6916863550657248,
    "std": 0.1856395439618869,
    "median": 0.7390742301940918,
    "min": 0.19371703267097473,
    "max": 0.9942287802696228,
    "count": 12240
  },
  "depth.full.delta2": {
    "mean": 0.8849148682422108,
    "std": 0.07443738055599546,
    "median": 0.8960912227630615,
    "min": 0.4795565605163574,
    "max": 0.9998654723167419,
    "count": 12240
  },
  "depth.full.delta3": {
    "mean": 0.9423485951826853,
    "std": 0.04515582905014813,
    "median": 0.9524093866348267,
    "min": 0.7484173774719238,
    "max": 1.0,
    "count": 12240
  },
  "depth.full.rmse_log": {
    "mean": 0.32385317283390347,
    "std": 0.12783383336122958,
    "median": 0.3051135838031769,
    "min": 0.06127473711967468,
    "max": 0.6993767023086548,
    "count": 12240
  },
  "depth.full.si_log": {
    "mean": 0.32051157089181587,
    "std": 0.12798148753081912,
    "median": 0.3011430650949478,
    "min": 0.06062076985836029,
    "max": 0.6991556882858276,
    "count": 12240
  },
  "depth.building.mae": {
    "mean": 9.68589969909307,
    "std": 5.290830796371888,
    "median": 9.136724472045898,
    "min": 0.05662083625793457,
    "max": 51.63631820678711,
    "count": 8539
  },
  "depth.building.rmse": {
    "mean": 11.951351681003695,
    "std": 5.872038380101414,
    "median": 11.609335899353027,
    "min": 0.061973363161087036,
    "max": 51.67382049560547,
    "count": 8539
  },
  "depth.building.abs_rel": {
    "mean": 0.8331443024196633,
    "std": 1.1214039690087032,
    "median": 0.5304837226867676,
    "min": 0.004468676168471575,
    "max": 36.16714096069336,
    "count": 8539
  },
  "depth.building.sq_rel": {
    "mean": 14.261209897528927,
    "std": 23.947782029311856,
    "median": 7.977234840393066,
    "min": 0.00030311872251331806,
    "max": 627.8558959960938,
    "count": 8539
  },
  "depth.building.delta1": {
    "mean": 0.38543538951319023,
    "std": 0.2310990868217513,
    "median": 0.3500276803970337,
    "min": 0.0,
    "max": 1.0,
    "count": 8539
  },
  "depth.building.delta2": {
    "mean": 0.6285670515211618,
    "std": 0.2517527470796521,
    "median": 0.6516174674034119,
    "min": 0.0,
    "max": 1.0,
    "count": 8539
  },
  "depth.building.delta3": {
    "mean": 0.7690956361968587,
    "std": 0.22107653344063752,
    "median": 0.8216409087181091,
    "min": 0.0,
    "max": 1.0,
    "count": 8539
  },
  "depth.building.rmse_log": {
    "mean": 0.5909854993846916,
    "std": 0.31995528388702155,
    "median": 0.5372158885002136,
    "min": 0.004876350052654743,
    "max": 3.5339231491088867,
    "count": 8539
  },
  "depth.building.si_log": {
    "mean": 0.4722575210171658,
    "std": 0.22845709512948348,
    "median": 0.4593551456928253,
    "min": 0.0,
    "max": 1.6832048892974854,
    "count": 8539
  },
  "depth.non_building.mae": {
    "mean": 3.3901363224058954,
    "std": 1.2456175308819115,
    "median": 3.4396008253097534,
    "min": 0.34404295682907104,
    "max": 9.174797058105469,
    "count": 12240
  },
  "depth.non_building.rmse": {
    "mean": 6.2658696474349185,
    "std": 2.1623562739286015,
    "median": 6.592263698577881,
    "min": 0.5334709286689758,
    "max": 14.96252727508545,
    "count": 12240
  },
  "depth.non_building.abs_rel": {
    "mean": 0.25703824618587795,
    "std": 0.1456393201174882,
    "median": 0.21642450243234634,
    "min": 0.03639507666230202,
    "max": 0.9176894426345825,
    "count": 12240
  },
  "depth.non_building.sq_rel": {
    "mean": 2.769630642624091,
    "std": 2.339298999018248,
    "median": 2.121076822280884,
    "min": 0.030015787109732628,
    "max": 19.839542388916016,
    "count": 12240
  },
  "depth.non_building.delta1": {
    "mean": 0.7022459163105274,
    "std": 0.1870257903979276,
    "median": 0.7518346607685089,
    "min": 0.17180699110031128,
    "max": 0.9961870908737183,
    "count": 12240
  },
  "depth.non_building.delta2": {
    "mean": 0.893188231903451,
    "std": 0.07061188793285836,
    "median": 0.9038755595684052,
    "min": 0.48026880621910095,
    "max": 0.9999999403953552,
    "count": 12240
  },
  "depth.non_building.delta3": {
    "mean": 0.9473942105774007,
    "std": 0.04219965663915946,
    "median": 0.9573215544223785,
    "min": 0.7484173774719238,
    "max": 1.0,
    "count": 12240
  },
  "depth.non_building.rmse_log": {
    "mean": 0.3112247118452454,
    "std": 0.12361671028951422,
    "median": 0.29408034682273865,
    "min": 0.05729943513870239,
    "max": 0.6739479899406433,
    "count": 12240
  },
  "depth.non_building.si_log": {
    "mean": 0.30710011607985577,
    "std": 0.12368624408970895,
    "median": 0.28995245695114136,
    "min": 0.05587546527385712,
    "max": 0.6717159152030945,
    "count": 12240
  },
  "normals.full.angular_mean": {
    "mean": 93.55444636563071,
    "std": 1.9498619090015636,
    "median": 93.81476211547852,
    "min": 80.64183807373047,
    "max": 100.34666442871094,
    "count": 12240
  },
  "normals.full.angular_median": {
    "mean": 87.09489551805983,
    "std": 0.981357506919481,
    "median": 87.21271514892578,
    "min": 76.26663970947266,
    "max": 90.0,
    "count": 12240
  },
  "normals.full.inlier_11_25": {
    "mean": 0.04685332370903708,
    "std": 0.012526280610416307,
    "median": 0.04825131967663765,
    "min": 0.007024668622761965,
    "max": 0.0943416953086853,
    "count": 12240
  },
  "normals.full.inlier_22_5": {
    "mean": 0.0966764788161598,
    "std": 0.012423316475747298,
    "median": 0.09817270562052727,
    "min": 0.035971224308013916,
    "max": 0.14416302740573883,
    "count": 12240
  },
  "normals.full.inlier_30": {
    "mean": 0.11849836033215028,
    "std": 0.010647459972637866,
    "median": 0.11937354132533073,
    "min": 0.06683622300624847,
    "max": 0.16586162149906158,
    "count": 12240
  },
  "normals.building.angular_mean": {
    "mean": 81.1763467143718,
    "std": 6.752482302338267,
    "median": 81.62677001953125,
    "min": 7.294000148773193,
    "max": 174.52239990234375,
    "count": 8539
  },
  "normals.building.angular_median": {
    "mean": 85.16427555492156,
    "std": 6.522808427522007,
    "median": 85.53858184814453,
    "min": 1.9922322034835815,
    "max": 171.50343322753906,
    "count": 8539
  },
  "normals.building.inlier_11_25": {
    "mean": 0.0685224333893062,
    "std": 0.05669354260600906,
    "median": 0.05215231701731682,
    "min": 0.0,
    "max": 1.0,
    "count": 8539
  },
  "normals.building.inlier_22_5": {
    "mean": 0.13787369113383852,
    "std": 0.06454484474266724,
    "median": 0.12333966046571732,
    "min": 0.0,
    "max": 1.0,
    "count": 8539
  },
  "normals.building.inlier_30": {
    "mean": 0.17376164468532093,
    "std": 0.06163334458533812,
    "median": 0.16223733127117157,
    "min": 0.0,
    "max": 1.0,
    "count": 8539
  },
  "planarity.building.residual_mean": {
    "mean": 0.3829030647481381,
    "std": 0.3027249921892074,
    "median": 0.37707799673080444,
    "min": 0.008299416862428188,
    "max": 19.716976165771484,
    "count": 8134
  },
  "planarity.building.residual_median": {
    "mean": 0.3554794593101158,