{
  "depth.full.mae": {
    "mean": 3.6518423385187693,
    "std": 1.2431364018095148,
    "median": 3.7333099842071533,
    "min": 0.5276902318000793,
    "max": 9.1063871383667,
    "count": 12240
  },
  "depth.full.rmse": {
    "mean": 6.629869037803287,
    "std": 2.128969083366696,
    "median": 6.9824440479278564,
    "min": 0.7097703218460083,
    "max": 15.095169067382812,
    "count": 12240
  },
  "depth.full.abs_rel": {
    "mean": 0.27889332626641916,
    "std": 0.16187770265592988,
    "median": 0.2270420640707016,
    "min": 0.04392361268401146,
    "max": 1.0063951015472412,
    "count": 12240
  },
  "depth.full.sq_rel": {
    "mean": 3.003502437600172,
    "std": 2.369109065981793,
    "median": 2.36084520816803,
    "min": 0.06542433798313141,
    "max": 21.75750732421875,
    "count": 12240
  },
  "depth.full.delta1": {
    "mean": 0.6844978503858536,
    "std": 0.1829280624261442,
    "median": 0.7297949492931366,
    "min": 0.17731624841690063,
    "max": 0.9900237917900085,
    "count": 12240
  },
  "depth.full.delta2": {
    "mean": 0.8785624393475017,
    "std": 0.07964326427839813,
    "median": 0.891300618648529,
    "min": 0.44425830245018005,
    "max": 0.9999871850013733,
    "count": 12240
  },
  "depth.full.delta3": {
    "mean": 0.9387081907222083,
    "std": 0.04904663217091289,
    "median": 0.9507895410060883,
    "min": 0.7415550351142883,
    "max": 1.0,
    "count": 12240
  },
  "depth.full.rmse_log": {
    "mean": 0.3304845659859673,
    "std": 0.13169340572544652,
    "median": 0.30818577110767365,
    "min": 0.06995965540409088,
    "max": 0.7111483812332153,
    "count": 12240
  },
  "depth.full.si_log": {
    "mean": 0.32724191458725366,
    "std": 0.13207334356172765,
    "median": 0.3044600337743759,
    "min": 0.0699278861284256,
    "max": 0.7110846042633057,
    "count": 12240
  },
  "depth.building.mae": {
    "mean": 10.118186343201696,
    "std": 5.307878871692984,
    "median": 9.500139236450195,
    "min": 0.00916743278503418,
    "max": 54.03182601928711,
    "count": 8539
  },
  "depth.building.rmse": {
    "mean": 12.288235226433931,
    "std": 5.848139844025984,
    "median": 11.879955291748047,
    "min": 0.009220187552273273,
    "max": 54.0435905456543,
    "count": 8539
  },
  "depth.building.abs_rel": {
    "mean": 0.9280454379155814,
    "std": 1.3935087471718641,
    "median": 0.5513351559638977,
    "min": 0.0014401108492165804,
    "max": 50.97353744506836,
    "count": 8539
  },
  "depth.building.sq_rel": {
    "mean": 14.799323253689533,
    "std": 26.161836255002356,
    "median": 8.455531120300293,
    "min": 1.335450269834837e-05,
    "max": 1048.6019287109375,
    "count": 8539
  },
  "depth.building.delta1": {
    "mean": 0.35628133314647203,
    "std": 0.2377261195712578,
    "median": 0.3240000009536743,
    "min": 0.0,
    "max": 1.0,
    "count": 8539
  },
  "depth.building.delta2": {
    "mean": 0.5918283788997613,
    "std": 0.2765645435147607,
    "median": 0.6244539022445679,
    "min": 0.0,
    "max": 1.0,
    "count": 8539
  },
  "depth.building.delta3": {
    "mean": 0.7376377024809818,
    "std": 0.2536273882678741,
    "median": 0.8072702288627625,
    "min": 0.0,
    "max": 1.0,
    "count": 8539
  },
  "depth.building.rmse_log": {
    "mean": 0.6235457337294948,
    "std": 0.352521806021362,
    "median": 0.554985523223877,
    "min": 0.0014487424632534385,
    "max": 3.907595157623291,
    "count": 8539
  },
  "depth.building.si_log": {
    "mean": 0.48147346389960566,
    "std": 0.24080044509364806,
    "median": 0.4626336693763733,
    "min": 0.0,
    "max": 1.6861572265625,
    "count": 8539
  },
  "depth.non_building.mae": {
    "mean": 3.455685940825569,
    "std": 1.250846942128334,
    "median": 3.491722822189331,
    "min": 0.3594460189342499,
    "max": 9.1063871383667,
    "count": 12240
  },
  "depth.non_building.rmse": {
    "mean": 6.3510368246950355,
    "std": 2.15682310179946,
    "median": 6.670625686645508,
    "min": 0.5453944802284241,
    "max": 15.095169067382812,
    "count": 12240
  },
  "depth.non_building.abs_rel": {
    "mean": 0.2624944427440223,
    "std": 0.15071484059554846,
    "median": 0.2171524167060852,
    "min": 0.041685208678245544,
    "max": 0.9135002493858337,
    "count": 12240
  },
  "depth.non_building.sq_rel": {
    "mean": 2.7176776493485604,
    "std": 2.2298899343055765,
    "median": 2.0961155891418457,
    "min": 0.03624323755502701,
    "max": 17.746789932250977,
    "count": 12240
  },
  "depth.non_building.delta1": {
    "mean": 0.6956702705630972,
    "std": 0.18377606178771166,
    "median": 0.7425329983234406,
    "min": 0.17821858823299408,
    "max": 0.9928373098373413,
    "count": 12240
  },
  "depth.non_building.delta2": {
    "mean": 0.8875147303773298,
    "std": 0.07510867328318753,
    "median": 0.8996685147285461,
    "min": 0.4447391927242279,
    "max": 0.9999871850013733,
    "count": 12240
  },
  "depth.non_building.delta3": {
    "mean": 0.9443806357243482,
    "std": 0.04533966485924411,
    "median": 0.9558013081550598,
    "min": 0.7415550351142883,
    "max": 1.0,
    "count": 12240
  },
  "depth.non_building.rmse_log": {
    "mean": 0.31690647150298545,
    "std": 0.12646049887612143,
    "median": 0.2966167479753494,
    "min": 0.06410983204841614,
    "max": 0.6947379112243652,
    "count": 12240
  },
  "depth.non_building.si_log": {
    "mean": 0.3128699937263151,
    "std": 0.12668679610445652,
    "median": 0.29308633506298065,
    "min": 0.05744447931647301,
    "max": 0.6926636695861816,
    "count": 12240
  },
  "normals.full.angular_mean": {
    "mean": 93.00553281135808,
    "std": 1.7530275965474957,
    "median": 93.22079849243164,
    "min": 80.7763442993164,
    "max": 99.29296875,
    "count": 12240
  },
  "normals.full.angular_median": {
    "mean": 87.04415537578608,
    "std": 1.0325063756083728,
    "median": 87.16227340698242,
    "min": 75.47850036621094,
    "max": 90.0,
    "count": 12240
  },
  "normals.full.inlier_11_25": {
    "mean": 0.04335560061876796,
    "std": 0.011427284049918215,
    "median": 0.04455745592713356,
    "min": 0.007622652221471071,
    "max": 0.08711665868759155,
    "count": 12240
  },
  "normals.full.inlier_22_5": {
    "mean": 0.09230909116894884,
    "std": 0.011950864350220802,
    "median": 0.09377375990152359,
    "min": 0.03643956407904625,
    "max": 0.1389521211385727,
    "count": 12240
  },
  "normals.full.inlier_30": {
    "mean": 0.11624504137796417,
    "std": 0.010304519999994126,
    "median": 0.11700330302119255,
    "min": 0.06792251765727997,
    "max": 0.16593658924102783,
    "count": 12240
  },
  "normals.building.angular_mean": {
    "mean": 80.91547080378494,
    "std": 6.627600600520937,
    "median": 81.23345184326172,
    "min": 7.950369834899902,
    "max": 173.632568359375,
    "count": 8539
  },
  "normals.building.angular_median": {
    "mean": 84.93696566554475,
    "std": 6.632864298922617,
    "median": 85.28457641601562,
    "min": 2.6094706058502197,
    "max": 169.76576232910156,
    "count": 8539
  },
  "normals.building.inlier_11_25": {
    "mean": 0.06196959236742171,
    "std": 0.05044676825962975,
    "median": 0.0486486479640007,
    "min": 0.0,
    "max": 1.0,
    "count": 8539
  },
  "normals.building.inlier_22_5": {
    "mean": 0.1342590534923783,
    "std": 0.06132537812395065,
    "median": 0.120676189661026,
    "min": 0.0,
    "max": 1.0,
    "count": 8539
  },
  "normals.building.inlier_30": {
    "mean": 0.1725902158190239,
    "std": 0.059448681046883944,
    "median": 0.16129031777381897,
    "min": 0.0,
    "max": 1.0,
    "count": 8539
  },
  "planarity.building.residual_mean": {
    "mean": 0.394006349081904,
    "std": 0.31813928019591053,
    "median": 0.38628755509853363,
    "min": 0.00957971066236496,
    "max": 19.65663719177246,
    "count": 8134
  },
  "planarity.building.residual_median": {
    "mean": 0.36662997721122154,
    "std": 0.3205701958494658,