{
  "depth.full.mae": {
    "mean": 3.654730925421699,
    "std": 1.2624048433372028,
    "median": 3.7343114614486694,
    "min": 0.5190215110778809,
    "max": 9.124043464660645,
    "count": 12240
  },
  "depth.full.rmse": {
    "mean": 6.614562772428678,
    "std": 2.1398900058448524,
    "median": 6.973376512527466,
    "min": 0.7107490301132202,
    "max": 15.027324676513672,
    "count": 12240
  },
  "depth.full.abs_rel": {
    "mean": 0.2818223254408176,
    "std": 0.16579401829160126,
    "median": 0.22918587923049927,
    "min": 0.04279075935482979,
    "max": 1.0261561870574951,
    "count": 12240
  },
  "depth.full.sq_rel": {
    "mean": 3.0902988244048957,
    "std": 2.4828475151838942,
    "median": 2.4093350172042847,
    "min": 0.06010555475950241,
    "max": 23.1466007232666,
    "count": 12240
  },
  "depth.full.delta1": {
    "mean": 0.6815743452680656,
    "std": 0.1898170058164879,
    "median": 0.7315866649150848,
    "min": 0.17220187187194824,
    "max": 0.9906286001205444,
    "count": 12240
  },
  "depth.full.delta2": {
    "mean": 0.8791068271192071,
    "std": 0.08042351304917789,
    "median": 0.8925320208072662,
    "min": 0.4251013994216919,
    "max": 0.9999679327011108,
    "count": 12240
  },
  "depth.full.delta3": {
    "mean": 0.9387891333769349,
    "std": 0.04922510675310989,
    "median": 0.9509824216365814,
    "min": 0.7415446043014526,
    "max": 1.0,
    "count": 12240
  },
  "depth.full.rmse_log": {
    "mean": 0.3314045067365263,
    "std": 0.13384011560899992,
    "median": 0.3084874451160431,
    "min": 0.0668666735291481,
    "max": 0.7224181890487671,
    "count": 12240
  },
  "depth.full.si_log": {
    "mean": 0.3281654122389025,
    "std": 0.1341663428631292,
    "median": 0.3046724200248718,
    "min": 0.06684251874685287,
    "max": 0.7223736047744751,
    "count": 12240
  },
  "depth.building.mae": {
    "mean": 10.173861536507879,
    "std": 5.282627057547383,
    "median": 9.613492965698242,
    "min": 0.010498762130737305,
    "max": 53.67802047729492,
    "count": 8539
  },
  "depth.building.rmse": {
    "mean": 12.318382698830751,
    "std": 5.799209721363424,
    "median": 11.945928573608398,
    "min": 0.012362619861960411,
    "max": 53.69070053100586,
    "count": 8539
  },
  "depth.building.abs_rel": {
    "mean": 0.9578711826960732,
    "std": 1.4392552050351284,
    "median": 0.5663928985595703,
    "min": 0.0016492491122335196,
    "max": 52.01321792602539,
    "count": 8539
  },
  "depth.building.sq_rel": {
    "mean": 15.75025559205136,
    "std": 28.084333590459423,
    "median": 8.818065643310547,
    "min": 2.4008730179048143e-05,
    "max": 1092.739501953125,
    "count": 8539
  },
  "depth.building.delta1": {
    "mean": 0.3596966035962666,
    "std": 0.23986323087735623,
    "median": 0.3276454508304596,
    "min": 0.0,
    "max": 1.0,
    "count": 8539
  },
  "depth.building.delta2": {
    "mean": 0.5922753340316541,
    "std": 0.2785487052217004,
    "median": 0.6259841322898865,
    "min": 0.0,
    "max": 1.0,
    "count": 8539
  },
  "depth.building.delta3": {
    "mean": 0.7351032692149616,
    "std": 0.2564330497917152,
    "median": 0.8069072365760803,
    "min": 0.0,
    "max": 1.0,
    "count": 8539
  },
  "depth.building.rmse_log": {
    "mean": 0.6297288718592863,
    "std": 0.36001770515941034,
    "median": 0.5584251880645752,
    "min": 0.0019396132556721568,
    "max": 3.926543712615967,
    "count": 8539
  },
  "depth.building.si_log": {
    "mean": 0.48220012381401883,
    "std": 0.2420013378160482,
    "median": 0.46315261721611023,
    "min": 0.0,
    "max": 1.6867519617080688,
    "count": 8539
  },
  "depth.non_building.mae": {
    "mean": 3.4585415701095767,
    "std": 1.269256630758713,
    "median": 3.4940489530563354,
    "min": 0.34744083881378174,
    "max": 9.124043464660645,
    "count": 12240
  },
  "depth.non_building.rmse": {
    "mean": 6.335763356708039,
    "std": 2.168734920255329,
    "median": 6.6549458503723145,
    "min": 0.5447577238082886,
    "max": 15.027324676513672,
    "count": 12240
  },
  "depth.non_building.abs_rel": {
    "mean": 0.26493424737363375,
    "std": 0.15419678231700318,
    "median": 0.218718484044075,
    "min": 0.04143395647406578,
    "max": 0.9321490526199341,
    "count": 12240
  },
  "depth.non_building.sq_rel": {
    "mean": 2.788056047465287,
    "std": 2.331442545660826,
    "median": 2.1291967630386353,
    "min": 0.03451741114258766,
    "max": 18.634674072265625,
    "count": 12240
  },
  "depth.non_building.delta1": {
    "mean": 0.6923776120422226,
    "std": 0.190893221769728,
    "median": 0.7443257868289948,
    "min": 0.17298246920108795,
    "max": 0.9934297204017639,
    "count": 12240
  },
  "depth.non_building.delta2": {
    "mean": 0.8880149918590107,
    "std": 0.07587342188936497,
    "median": 0.9008790552616119,
    "min": 0.42543670535087585,
    "max": 0.9999735355377197,
    "count": 12240
  },
  "depth.non_building.delta3": {
    "mean": 0.9445153180144581,
    "std": 0.04547998810467968,
    "median": 0.9561081528663635,
    "min": 0.7415446043014526,
    "max": 1.0,
    "count": 12240
  },
  "depth.non_building.rmse_log": {
    "mean": 0.3176324279692779,
    "std": 0.12843750958723624,
    "median": 0.2968892455101013,
    "min": 0.06247568875551224,
    "max": 0.7037447690963745,
    "count": 12240
  },
  "depth.non_building.si_log": {
    "mean": 0.3135241766560677,
    "std": 0.12859406591515804,
    "median": 0.2930985391139984,
    "min": 0.05727289989590645,
    "max": 0.7017141580581665,
    "count": 12240
  },
  "normals.full.angular_mean": {
    "mean": 93.13637377608056,
    "std": 1.78435357395877,
    "median": 93.35488891601562,
    "min": 80.74652099609375,
    "max": 99.51958465576172,
    "count": 12240
  },
  "normals.full.angular_median": {
    "mean": 87.08655505086861,
    "std": 1.0409068938779604,
    "median": 87.20972442626953,
    "min": 75.53951263427734,
    "max": 90.0,
    "count": 12240
  },
  "normals.full.inlier_11_25": {
    "mean": 0.043565852294700357,
    "std": 0.011582056591576259,
    "median": 0.044833460822701454,
    "min": 0.00741894356906414,
    "max": 0.08766639232635498,
    "count": 12240
  },
  "normals.full.inlier_22_5": {
    "mean": 0.0923636733511694,
    "std": 0.012040749657592725,
    "median": 0.09381306916475296,
    "min": 0.03624442219734192,
    "max": 0.13861629366874695,
    "count": 12240
  },
  "normals.full.inlier_30": {
    "mean": 0.1160802952506963,
    "std": 0.010363106477603249,
    "median": 0.11689136922359467,
    "min": 0.06781844049692154,
    "max": 0.16582465171813965,
    "count": 12240
  },
  "normals.building.angular_mean": {
    "mean": 81.10389165289719,
    "std": 6.680397028382448,
    "median": 81.403076171875,
    "min": 8.46658992767334,
    "max": 173.74510192871094,
    "count": 8539
  },
  "normals.building.angular_median": {
    "mean": 84.86238432170664,
    "std": 6.607327225510249,
    "median": 85.19900512695312,
    "min": 2.5115456581115723,
    "max": 169.8458709716797,
    "count": 8539
  },
  "normals.building.inlier_11_25": {
    "mean": 0.060839209697683846,
    "std": 0.04950781432134089,
    "median": 0.0476190522313118,
    "min": 0.0,
    "max": 0.6666666865348816,
    "count": 8539
  },
  "normals.building.inlier_22_5": {
    "mean": 0.13216029319913067,
    "std": 0.06086321828710551,
    "median": 0.11876343935728073,
    "min": 0.0,
    "max": 1.0,
    "count": 8539
  },
  "normals.building.inlier_30": {
    "mean": 0.17032237095418684,
    "std": 0.05921864390995572,
    "median": 0.15934066474437714,
    "min": 0.0,
    "max": 1.0,
    "count": 8539
  },
  "planarity.building.residual_mean": {
    "mean": 0.40235086358609173,
    "std": 0.3217963831861908,
    "median": 0.39696943759918213,
    "min": 0.00952579639852047,
    "max": 19.83391571044922,
    "count": 8134
  },
  "planarity.building.residual_median": {
    "mean": 0.37462549750941143,