{
  "depth.full.mae": {
    "mean": 3.589390500527776,
    "std": 1.2335991144057905,
    "median": 3.6920360326766968,
    "min": 0.5617771148681641,
    "max": 9.12033462524414,
    "count": 12240
  },
  "depth.full.rmse": {
    "mean": 6.550960636713536,
    "std": 2.1235532226457714,
    "median": 6.904396295547485,
    "min": 0.779308557510376,
    "max": 15.009366989135742,
    "count": 12240
  },
  "depth.full.abs_rel": {
    "mean": 0.2724137511560876,
    "std": 0.1557717045842907,
    "median": 0.2268679067492485,
    "min": 0.03849461302161217,
    "max": 0.9909924268722534,
    "count": 12240
  },
  "depth.full.sq_rel": {
    "mean": 3.0071221478602976,
    "std": 2.409472573543598,
    "median": 2.360931396484375,
    "min": 0.05146153271198273,
    "max": 23.668697357177734,
    "count": 12240
  },
  "depth.full.delta1": {
    "mean": 0.6903112316199767,
    "std": 0.1850091062165783,
    "median": 0.7373851239681244,
    "min": 0.19014516472816467,
    "max": 0.9935668706893921,
    "count": 12240
  },
  "depth.full.delta2": {
    "mean": 0.883625038983483,
    "std": 0.07521496893269121,
    "median": 0.8947628140449524,
    "min": 0.47587934136390686,
    "max": 0.9998133182525635,
    "count": 12240
  },
  "depth.full.delta3": {
    "mean": 0.9417088263321156,
    "std": 0.04582777349691807,
    "median": 0.9522337913513184,
    "min": 0.7462272644042969,
    "max": 1.0,
    "count": 12240
  },
  "depth.full.rmse_log": {
    "mean": 0.32475278476265323,
    "std": 0.1282864687131595,
    "median": 0.3053674250841141,
    "min": 0.06191485375165939,
    "max": 0.7004042863845825,
    "count": 12240
  },
  "depth.full.si_log": {
    "mean": 0.3214212754963489,
    "std": 0.12847456510247113,
    "median": 0.30098308622837067,
    "min": 0.06188459321856499,
    "max": 0.7002495527267456,
    "count": 12240
  },
  "depth.building.mae": {
    "mean": 9.759390505408778,
    "std": 5.282541998140891,
    "median": 9.17326545715332,
    "min": 0.0882803201675415,
    "max": 52.299407958984375,
    "count": 8539
  },
  "depth.building.rmse": {
    "mean": 11.998611462372418,
    "std": 5.853178408803619,
    "median": 11.654013633728027,
    "min": 0.10377337038516998,
    "max": 52.328147888183594,
    "count": 8539
  },
  "depth.building.abs_rel": {
    "mean": 0.849623468007693,
    "std": 1.1747645929253003,
    "median": 0.5345798134803772,
    "min": 0.013155244290828705,
    "max": 40.12460708618164,
    "count": 8539
  },
  "depth.building.sq_rel": {
    "mean": 14.129326265998646,
    "std": 23.784430454681345,
    "median": 8.029735565185547,
    "min": 0.00228648423217237,
    "max": 723.0409545898438,
    "count": 8539
  },
  "depth.building.delta1": {
    "mean": 0.3773063846303829,
    "std": 0.23349152752075178,
    "median": 0.343143492937088,
    "min": 0.0,
    "max": 1.0,
    "count": 8539
  },
  "depth.building.delta2": {
    "mean": 0.6188746026019316,
    "std": 0.2582298611603952,
    "median": 0.6451054811477661,
    "min": 0.0,
    "max": 1.0,
    "count": 8539
  },
  "depth.building.delta3": {
    "mean": 0.762077121278847,
    "std": 0.22844456786645853,
    "median": 0.8186109662055969,
    "min": 0.0,
    "max": 1.0,
    "count": 8539
  },
  "depth.building.rmse_log": {
    "mean": 0.597275829629342,
    "std": 0.32623418332138965,
    "median": 0.5392099022865295,
    "min": 0.013166902586817741,
    "max": 3.649691343307495,
    "count": 8539
  },
  "depth.building.si_log": {
    "mean": 0.4731221246285691,
    "std": 0.2304741756911567,
    "median": 0.4594406187534332,
    "min": 0.0,
    "max": 1.683731198310852,
    "count": 8539
  },
  "depth.non_building.mae": {
    "mean": 3.3999298009875356,
    "std": 1.2433453780419534,
    "median": 3.4482468366622925,
    "min": 0.33907511830329895,
    "max": 9.12033462524414,
    "count": 12240
  },
  "depth.non_building.rmse": {
    "mean": 6.277945855639729,
    "std": 2.1542833413900984,
    "median": 6.601801156997681,
    "min": 0.5343132615089417,
    "max": 15.009366989135742,
    "count": 12240
  },
  "depth.non_building.abs_rel": {
    "mean": 0.2573102388506621,
    "std": 0.14608540561025304,
    "median": 0.21630537509918213,
    "min": 0.03849461302161217,
    "max": 0.9126346707344055,
    "count": 12240
  },
  "depth.non_building.sq_rel": {
    "mean": 2.7286225980998386,
    "std": 2.277185248760087,
    "median": 2.10127055644989,
    "min": 0.029888680204749107,
    "max": 19.021045684814453,
    "count": 12240
  },
  "depth.non_building.delta1": {
    "mean": 0.701099386945172,
    "std": 0.18629192923304855,
    "median": 0.7501989901065826,
    "min": 0.18414799869060516,
    "max": 0.9958747625350952,
    "count": 12240
  },
  "depth.non_building.delta2": {
    "mean": 0.8920964442485688,
    "std": 0.07120348119569621,
    "median": 0.9030289351940155,
    "min": 0.4766588807106018,
    "max": 0.9999735355377197,
    "count": 12240
  },
  "depth.non_building.delta3": {
    "mean": 0.9468974395466396,
    "std": 0.04269561156447453,
    "median": 0.957140177488327,
    "min": 0.7462272644042969,
    "max": 1.0,
    "count": 12240
  },
  "depth.non_building.rmse_log": {
    "mean": 0.31190716975423344,
    "std": 0.12383572628996813,
    "median": 0.2944188117980957,
    "min": 0.057341091334819794,
    "max": 0.6771488785743713,
    "count": 12240
  },
  "depth.non_building.si_log": {
    "mean": 0.30779069936986453,
    "std": 0.1239292355685425,
    "median": 0.29037101566791534,
    "min": 0.05559614673256874,
    "max": 0.6752997636795044,
    "count": 12240
  },
  "normals.full.angular_mean": {
    "mean": 93.49766680025587,
    "std": 1.9112502195037544,
    "median": 93.74891662597656,
    "min": 80.65216064453125,
    "max": 100.17593383789062,
    "count": 12240
  },
  "normals.full.angular_median": {
    "mean": 87.12378829195609,
    "std": 0.9898927672489607,
    "median": 87.2419548034668,
    "min": 76.15728759765625,
    "max": 90.0,
    "count": 12240
  },
  "normals.full.inlier_11_25": {
    "mean": 0.04620653725582254,
    "std": 0.012380532657942181,
    "median": 0.047528550028800964,
    "min": 0.006761818192899227,
    "max": 0.09285742044448853,
    "count": 12240
  },
  "normals.full.inlier_22_5": {
    "mean": 0.09617722676762569,
    "std": 0.012364745583974528,
    "median": 0.09762424975633621,
    "min": 0.03580860421061516,
    "max": 0.14327560365200043,
    "count": 12240
  },
  "normals.full.inlier_30": {
    "mean": 0.11838234599460573,
    "std": 0.010601622393584368,
    "median": 0.11925693973898888,
    "min": 0.06717421859502792,
    "max": 0.16660821437835693,
    "count": 12240
  },
  "normals.building.angular_mean": {
    "mean": 81.04869602429865,
    "std": 6.713167465295516,
    "median": 81.49530792236328,
    "min": 6.9452667236328125,
    "max": 174.48968505859375,
    "count": 8539
  },
  "normals.building.angular_median": {
    "mean": 85.13893344941471,
    "std": 6.629335252194643,
    "median": 85.53382873535156,
    "min": 2.398411512374878,
    "max": 170.72442626953125,
    "count": 8539
  },
  "normals.building.inlier_11_25": {
    "mean": 0.06758942168479952,
    "std": 0.05568527461080783,
    "median": 0.051954951137304306,
    "min": 0.0,
    "max": 1.0,
    "count": 8539
  },
  "normals.building.inlier_22_5": {
    "mean": 0.13812394368206285,
    "std": 0.06448899992117425,
    "median": 0.12334510684013367,
    "min": 0.0,
    "max": 1.0,
    "count": 8539
  },
  "normals.building.inlier_30": {
    "mean": 0.1743918203775266,
    "std": 0.061450222860985844,
    "median": 0.16254271566867828,
    "min": 0.0,
    "max": 1.0,
    "count": 8539
  },
  "planarity.building.residual_mean": {
    "mean": 0.3841611539868522,
    "std": 0.30451586465102437,
    "median": 0.37886427342891693,
    "min": 0.008595684543251991,
    "max": 19.626361846923828,
    "count": 8134
  },
  "planarity.building.residual_median": {
    "mean": 0.35763476066884886,
    "std": 0.3055802101814591,