{
  "depth.full.mae": {
    "mean": 3.576962477075898,
    "std": 1.2347055768595534,
    "median": 3.6830490827560425,
    "min": 0.5410706996917725,
    "max": 9.223214149475098,
    "count": 12240
  },
  "depth.full.rmse": {
    "mean": 6.537154533081,
    "std": 2.1303551123619706,
    "median": 6.895101070404053,
    "min": 0.7895330190658569,
    "max": 15.051944732666016,
    "count": 12240
  },
  "depth.full.abs_rel": {
    "mean": 0.2707686022322722,
    "std": 0.15425686021380067,
    "median": 0.22632680088281631,
    "min": 0.03639894351363182,
    "max": 0.9856352210044861,
    "count": 12240
  },
  "depth.full.sq_rel": {
    "mean": 3.0186334205441345,
    "std": 2.4372848177724795,
    "median": 2.36997127532959,
    "min": 0.047825247049331665,
    "max": 24.47452163696289,
    "count": 12240
  },
  "depth.full.delta1": {
    "mean": 0.6922163496755697,
    "std": 0.18450288370798254,
    "median": 0.7386737167835236,
    "min": 0.1935310661792755,
    "max": 0.9940564036369324,
    "count": 12240
  },
  "depth.full.delta2": {
    "mean": 0.8846866270515069,
    "std": 0.07451682435946,
    "median": 0.8956295847892761,
    "min": 0.4829044044017792,
    "max": 0.9998654723167419,
    "count": 12240
  },
  "depth.full.delta3": {
    "mean": 0.9423802084246882,
    "std": 0.04518225269639129,
    "median": 0.952532023191452,
    "min": 0.7485842704772949,
    "max": 1.0,
    "count": 12240
  },
  "depth.full.rmse_log": {
    "mean": 0.3234399647762378,
    "std": 0.12758869680776486,
    "median": 0.3047650456428528,
    "min": 0.06055830791592598,
    "max": 0.697990357875824,
    "count": 12240
  },
  "depth.full.si_log": {
    "mean": 0.3200834452074167,
    "std": 0.1277274592637272,
    "median": 0.3006944805383682,
    "min": 0.06045012176036835,
    "max": 0.6977436542510986,
    "count": 12240
  },
  "depth.building.mae": {
    "mean": 9.673006467433064,
    "std": 5.290405876889707,
    "median": 9.11169719696045,
    "min": 0.03938150405883789,
    "max": 51.70185852050781,
    "count": 8539
  },
  "depth.building.rmse": {
    "mean": 11.93384140543138,
    "std": 5.869761771159632,
    "median": 11.589469909667969,
    "min": 0.04731645807623863,
    "max": 51.73932647705078,
    "count": 8539
  },
  "depth.building.abs_rel": {
    "mean": 0.8289554875227009,
    "std": 1.116354476232115,
    "median": 0.5280515551567078,
    "min": 0.0031080995686352253,
    "max": 36.02032470703125,
    "count": 8539
  },
  "depth.building.sq_rel": {
    "mean": 14.087701656660796,
    "std": 23.618678817062918,
    "median": 7.927788257598877,
    "min": 0.0001766961213434115,
    "max": 621.4310913085938,
    "count": 8539
  },
  "depth.building.delta1": {
    "mean": 0.3846461816924756,
    "std": 0.23146014333599751,
    "median": 0.3489198684692383,
    "min": 0.0,
    "max": 1.0,
    "count": 8539
  },
  "depth.building.delta2": {
    "mean": 0.6283375126285317,
    "std": 0.252041314622815,
    "median": 0.6527777910232544,
    "min": 0.0,
    "max": 1.0,
    "count": 8539
  },
  "depth.building.delta3": {
    "mean": 0.7695305163881063,
    "std": 0.22104937574888786,
    "median": 0.8221933245658875,
    "min": 0.0,
    "max": 1.0,
    "count": 8539
  },
  "depth.building.rmse_log": {
    "mean": 0.5899147208647152,
    "std": 0.31923644341999885,
    "median": 0.5365028977394104,
    "min": 0.0037249240558594465,
    "max": 3.53056263923645,
    "count": 8539
  },
  "depth.building.si_log": {
    "mean": 0.4721639497383708,
    "std": 0.22863181453552056,
    "median": 0.45941439270973206,
    "min": 0.0,
    "max": 1.6833457946777344,
    "count": 8539
  },
  "depth.non_building.mae": {
    "mean": 3.3896281660211827,
    "std": 1.2446675701825038,
    "median": 3.4406145811080933,
    "min": 0.3388771116733551,
    "max": 9.223214149475098,
    "count": 12240
  },
  "depth.non_building.rmse": {
    "mean": 6.266438964384249,
    "std": 2.1609748268678195,
    "median": 6.597425937652588,
    "min": 0.5297715663909912,
    "max": 15.051944732666016,
    "count": 12240
  },
  "depth.non_building.abs_rel": {
    "mean": 0.2560666820901793,
    "std": 0.1450336552929409,
    "median": 0.21547982841730118,
    "min": 0.03639894351363182,
    "max": 0.9125725626945496,
    "count": 12240
  },
  "depth.non_building.sq_rel": {
    "mean": 2.741386896588085,
    "std": 2.306953704032375,
    "median": 2.1001843214035034,
    "min": 0.029268549755215645,
    "max": 19.541107177734375,
    "count": 12240
  },
  "depth.non_building.delta1": {
    "mean": 0.7028491732682668,
    "std": 0.18581749180441118,
    "median": 0.7514603137969971,
    "min": 0.17346787452697754,
    "max": 0.9962732791900635,
    "count": 12240
  },
  "depth.non_building.delta2": {
    "mean": 0.8929577831057162,
    "std": 0.07067880741908489,
    "median": 0.9036107063293457,
    "min": 0.48362600803375244,
    "max": 0.9999999403953552,
    "count": 12240
  },
  "depth.non_building.delta3": {
    "mean": 0.9474114224314689,
    "std": 0.04222246212641101,
    "median": 0.9573939740657806,
    "min": 0.7485842704772949,
    "max": 1.0,
    "count": 12240
  },
  "depth.non_building.rmse_log": {
    "mean": 0.31084792370317516,
    "std": 0.12337025402424542,
    "median": 0.2939959913492203,
    "min": 0.05669139698147774,
    "max": 0.6732185482978821,
    "count": 12240
  },
  "depth.non_building.si_log": {
    "mean": 0.3067127621114814,
    "std": 0.12342357662832389,
    "median": 0.28953658044338226,
    "min": 0.05487486720085144,
    "max": 0.6708846092224121,
    "count": 12240
  },
  "normals.full.angular_mean": {
    "mean": 93.53557183384116,
    "std": 1.9517826361107906,
    "median": 93.7946891784668,
    "min": 80.60202026367188,
    "max": 100.34172058105469,
    "count": 12240
  },
  "normals.full.angular_median": {
    "mean": 87.06265091490901,
    "std": 0.984104393347986,
    "median": 87.18172836303711,
    "min": 76.18502044677734,
    "max": 90.0,
    "count": 12240
  },
  "normals.full.inlier_11_25": {
    "mean": 0.04664653413936654,
    "std": 0.012537118581699045,
    "median": 0.048050303012132645,
    "min": 0.007037810981273651,
    "max": 0.09410610049962997,
    "count": 12240
  },
  "normals.full.inlier_22_5": {
    "mean": 0.0965829533743946,
    "std": 0.01246206568249974,
    "median": 0.09811140224337578,
    "min": 0.035756565630435944,
    "max": 0.14377036690711975,
    "count": 12240
  },
  "normals.full.inlier_30": {
    "mean": 0.11842701341530759,
    "std": 0.010670340279093395,
    "median": 0.11931781098246574,
    "min": 0.06647846102714539,
    "max": 0.16619522869586945,
    "count": 12240
  },
  "normals.building.angular_mean": {
    "mean": 81.17007769995543,
    "std": 6.748912998184924,
    "median": 81.61768341064453,
    "min": 8.070903778076172,
    "max": 174.5824737548828,
    "count": 8539
  },
  "normals.building.angular_median": {
    "mean": 85.1322736297702,
    "std": 6.540267333991864,
    "median": 85.54151916503906,
    "min": 1.938357949256897,
    "max": 171.4810791015625,
    "count": 8539
  },
  "normals.building.inlier_11_25": {
    "mean": 0.06840896198440898,
    "std": 0.05684705837556751,
    "median": 0.0518292672932148,
    "min": 0.0,
    "max": 1.0,
    "count": 8539
  },
  "normals.building.inlier_22_5": {
    "mean": 0.1377441329658616,
    "std": 0.06456582827251355,
    "median": 0.1231527104973793,
    "min": 0.0,
    "max": 1.0,
    "count": 8539
  },
  "normals.building.inlier_30": {
    "mean": 0.17363252656616987,
    "std": 0.06176152178667524,
    "median": 0.16175958514213562,
    "min": 0.0,
    "max": 1.0,
    "count": 8539
  },
  "planarity.building.residual_mean": {
    "mean": 0.38088478387042857,
    "std": 0.3007587721594996,
    "median": 0.3752136379480362,
    "min": 0.008315454237163067,
    "max": 19.560163497924805,
    "count": 8134
  },
  "planarity.building.residual_median": {
    "mean": 0.353603417335597,
    "std": 0.3012680180733833,