{
  "depth.full.mae": {
    "mean": 3.591919797050213,
    "std": 1.2431882043954567,
    "median": 3.6873037815093994,
    "min": 0.5729511976242065,
    "max": 8.96979808807373,
    "count": 12240
  },
  "depth.full.rmse": {
    "mean": 6.5581527457225555,
    "std": 2.1421202620282314,
    "median": 6.895880937576294,
    "min": 0.7890960574150085,
    "max": 14.655678749084473,
    "count": 12240
  },
  "depth.full.abs_rel": {
    "mean": 0.27658192384288055,
    "std": 0.15836264694417646,
    "median": 0.23095379769802094,
    "min": 0.036296818405389786,
    "max": 1.0146448612213135,
    "count": 12240
  },
  "depth.full.sq_rel": {
    "mean": 3.190822345631964,
    "std": 2.616705395654552,
    "median": 2.4768764972686768,
    "min": 0.05570000037550926,
    "max": 26.513957977294922,
    "count": 12240
  },
  "depth.full.delta1": {
    "mean": 0.689468713066985,
    "std": 0.18955695534658046,
    "median": 0.7411188781261444,
    "min": 0.190703883767128,
    "max": 0.9943804740905762,
    "count": 12240
  },
  "depth.full.delta2": {
    "mean": 0.8852988396886906,
    "std": 0.0746130587375368,
    "median": 0.8970189392566681,
    "min": 0.46384143829345703,
    "max": 0.9998788833618164,
    "count": 12240
  },
  "depth.full.delta3": {
    "mean": 0.9419716284165974,
    "std": 0.04534276932987309,
    "median": 0.9520629346370697,
    "min": 0.747572660446167,
    "max": 1.0,
    "count": 12240
  },
  "depth.full.rmse_log": {
    "mean": 0.32598835446451807,
    "std": 0.12933209495757134,
    "median": 0.30627015233039856,
    "min": 0.061172351241111755,
    "max": 0.7059822678565979,
    "count": 12240
  },
  "depth.full.si_log": {
    "mean": 0.3227214256481091,
    "std": 0.12953680614935503,
    "median": 0.30246205627918243,
    "min": 0.06084490567445755,
    "max": 0.7058625221252441,
    "count": 12240
  },
  "depth.building.mae": {
    "mean": 9.804460065798173,
    "std": 5.313062973348458,
    "median": 9.235273361206055,
    "min": 0.06779289245605469,
    "max": 51.47538375854492,
    "count": 8539
  },
  "depth.building.rmse": {
    "mean": 12.077248617231023,
    "std": 5.893631594363434,
    "median": 11.754934310913086,
    "min": 0.07307565957307816,
    "max": 51.51557159423828,
    "count": 8539
  },
  "depth.building.abs_rel": {
    "mean": 0.8622479625042981,
    "std": 1.1650826225120003,
    "median": 0.5473527908325195,
    "min": 0.005350406281650066,
    "max": 37.776329040527344,
    "count": 8539
  },
  "depth.building.sq_rel": {
    "mean": 15.187245367401632,
    "std": 25.68910882366547,
    "median": 8.40202522277832,
    "min": 0.0004214519285596907,
    "max": 679.5214233398438,
    "count": 8539
  },
  "depth.building.delta1": {
    "mean": 0.38589663336983615,
    "std": 0.23139299569610033,
    "median": 0.35335007309913635,
    "min": 0.0,
    "max": 1.0,
    "count": 8539
  },
  "depth.building.delta2": {
    "mean": 0.6255434030256146,
    "std": 0.2535322724365764,
    "median": 0.650005042552948,
    "min": 0.0,
    "max": 1.0,
    "count": 8539
  },
  "depth.building.delta3": {
    "mean": 0.7643138917937607,
    "std": 0.2243954010643879,
    "median": 0.8181818127632141,
    "min": 0.0,
    "max": 1.0,
    "count": 8539
  },
  "depth.building.rmse_log": {
    "mean": 0.5990605382394909,
    "std": 0.32628494862810353,
    "median": 0.5433405637741089,
    "min": 0.0057475268840789795,
    "max": 3.577310085296631,
    "count": 8539
  },
  "depth.building.si_log": {
    "mean": 0.47325327254664157,
    "std": 0.22891734984957365,
    "median": 0.4605073034763336,
    "min": 0.0,
    "max": 1.6831401586532593,
    "count": 8539
  },
  "depth.non_building.mae": {
    "mean": 3.402096835019834,
    "std": 1.2551083821598092,
    "median": 3.4410765171051025,
    "min": 0.3533046245574951,
    "max": 8.96979808807373,
    "count": 12240
  },
  "depth.non_building.rmse": {
    "mean": 6.280688365042405,
    "std": 2.1779207821194313,
    "median": 6.588736057281494,
    "min": 0.5301222205162048,
    "max": 14.655678749084473,
    "count": 12240
  },
  "depth.non_building.abs_rel": {
    "mean": 0.2612658857465326,
    "std": 0.14879500551777003,
    "median": 0.21969179064035416,
    "min": 0.036296408623456955,
    "max": 0.9389731287956238,
    "count": 12240
  },
  "depth.non_building.sq_rel": {
    "mean": 2.892579328662296,
    "std": 2.4781820101938727,
    "median": 2.1945122480392456,
    "min": 0.03154773265123367,
    "max": 21.01914405822754,
    "count": 12240
  },
  "depth.non_building.delta1": {
    "mean": 0.6997897624920786,
    "std": 0.1911510970226637,
    "median": 0.7535748779773712,
    "min": 0.1748134046792984,
    "max": 0.9956269860267639,
    "count": 12240
  },
  "depth.non_building.delta2": {
    "mean": 0.8936279691463592,
    "std": 0.07077661629266936,
    "median": 0.9046273231506348,
    "min": 0.46435511112213135,
    "max": 1.0,
    "count": 12240
  },
  "depth.non_building.delta3": {
    "mean": 0.9471279611871912,
    "std": 0.042343998646791815,
    "median": 0.9570074081420898,
    "min": 0.747572660446167,
    "max": 1.0,
    "count": 12240
  },
  "depth.non_building.rmse_log": {
    "mean": 0.31309583063626945,
    "std": 0.12502548403017527,
    "median": 0.2954101264476776,
    "min": 0.05833343788981438,
    "max": 0.6787155270576477,
    "count": 12240
  },
  "depth.non_building.si_log": {
    "mean": 0.30903863944478477,
    "std": 0.12516666641085436,
    "median": 0.291495144367218,
    "min": 0.056193314492702484,
    "max": 0.6769115924835205,
    "count": 12240
  },
  "normals.full.angular_mean": {
    "mean": 93.63341913784251,
    "std": 1.9463146651249374,
    "median": 93.89278793334961,
    "min": 80.59447479248047,
    "max": 100.41348266601562,
    "count": 12240
  },
  "normals.full.angular_median": {
    "mean": 87.15810133117476,
    "std": 0.978693492809018,
    "median": 87.27832794189453,
    "min": 76.16514587402344,
    "max": 90.0,
    "count": 12240
  },
  "normals.full.inlier_11_25": {
    "mean": 0.04731316307576349,
    "std": 0.01261555923076012,
    "median": 0.048780979588627815,
    "min": 0.0069129569455981255,
    "max": 0.09467938542366028,
    "count": 12240
  },
  "normals.full.inlier_22_5": {
    "mean": 0.09697937658391406,
    "std": 0.012458359942311571,
    "median": 0.0985105000436306,
    "min": 0.03563297539949417,
    "max": 0.1443907767534256,
    "count": 12240
  },
  "normals.full.inlier_30": {
    "mean": 0.11862685058472885,
    "std": 0.01066216001915811,
    "median": 0.11949146538972855,
    "min": 0.06658253818750381,
    "max": 0.16616742312908173,
    "count": 12240
  },
  "normals.building.angular_mean": {
    "mean": 81.26546536408874,
    "std": 6.7751560209078505,
    "median": 81.69145202636719,
    "min": 7.794251918792725,
    "max": 174.59713745117188,
    "count": 8539
  },
  "normals.building.angular_median": {
    "mean": 85.20903384954956,
    "std": 6.548222079625048,
    "median": 85.5921859741211,
    "min": 1.9933125972747803,
    "max": 171.7190704345703,
    "count": 8539
  },
  "normals.building.inlier_11_25": {
    "mean": 0.06802516656320862,
    "std": 0.05616689159925118,
    "median": 0.0516795888543129,
    "min": 0.0,
    "max": 0.8333333730697632,
    "count": 8539
  },
  "normals.building.inlier_22_5": {
    "mean": 0.13716072128383924,
    "std": 0.06420548398388448,
    "median": 0.12266402691602707,
    "min": 0.0,
    "max": 1.0,
    "count": 8539
  },
  "normals.building.inlier_30": {
    "mean": 0.17313059361511715,
    "std": 0.06139203762016831,
    "median": 0.16145730018615723,
    "min": 0.0,
    "max": 1.0,
    "count": 8539
  },
  "planarity.building.residual_mean": {
    "mean": 0.39320064950065714,
    "std": 0.3119278643979543,
    "median": 0.3873444199562073,
    "min": 0.008333545178174973,
    "max": 20.395511627197266,
    "count": 8134
  },
  "planarity.building.residual_median": {
    "mean": 0.365409201918626,