{
  "depth.full.mae": {
    "mean": 4.282092461364916,
    "std": 1.4203829889826411,
    "median": 4.433548450469971,
    "min": 0.3901050388813019,
    "max": 11.880921363830566,
    "count": 12240
  },
  "depth.full.rmse": {
    "mean": 7.908483288763395,
    "std": 2.6702154722371434,
    "median": 8.408323764801025,
    "min": 0.504068911075592,
    "max": 19.45738983154297,
    "count": 12240
  },
  "depth.full.abs_rel": {
    "mean": 0.3039177749415531,
    "std": 0.17546526204615526,
    "median": 0.241597980260849,
    "min": 0.05640651285648346,
    "max": 1.1419048309326172,
    "count": 12240
  },
  "depth.full.sq_rel": {
    "mean": 3.199766186289063,
    "std": 2.3340867619341212,
    "median": 2.608322501182556,
    "min": 0.05401839315891266,
    "max": 29.431974411010742,
    "count": 12240
  },
  "depth.full.delta1": {
    "mean": 0.6260329760136265,
    "std": 0.19519516176732174,
    "median": 0.6865573823451996,
    "min": 0.13535909354686737,
    "max": 0.9814144968986511,
    "count": 12240
  },
  "depth.full.delta2": {
    "mean": 0.8393385422945607,
    "std": 0.09698328124102627,
    "median": 0.8513956964015961,
    "min": 0.30728936195373535,
    "max": 0.9998772740364075,
    "count": 12240
  },
  "depth.full.delta3": {
    "mean": 0.9159913406993438,
    "std": 0.05923389244342324,
    "median": 0.9264307618141174,
    "min": 0.6264762282371521,
    "max": 1.0,
    "count": 12240
  },
  "depth.full.rmse_log": {
    "mean": 0.37119016201886673,
    "std": 0.13714262242511668,
    "median": 0.3472062945365906,
    "min": 0.08518815040588379,
    "max": 0.8088503479957581,
    "count": 12240
  },
  "depth.full.si_log": {
    "mean": 0.36255583431255195,
    "std": 0.13763607644097609,
    "median": 0.33744996786117554,
    "min": 0.08223618566989899,
    "max": 0.7981266975402832,
    "count": 12240
  },
  "depth.building.mae": {
    "mean": 12.714385022514946,
    "std": 7.094738067449516,
    "median": 11.648453712463379,
    "min": 0.23604536056518555,
    "max": 54.10044860839844,
    "count": 8539
  },
  "depth.building.rmse": {
    "mean": 15.08813924831101,
    "std": 7.714317621494349,
    "median": 14.162405967712402,
    "min": 0.23976534605026245,
    "max": 54.11001205444336,
    "count": 8539
  },
  "depth.building.abs_rel": {
    "mean": 1.090069859034616,
    "std": 1.8571675434472625,
    "median": 0.5792181491851807,
    "min": 0.01668541505932808,
    "max": 67.24050903320312,
    "count": 8539
  },
  "depth.building.sq_rel": {
    "mean": 18.017704374850013,
    "std": 37.0268896451186,
    "median": 10.470727920532227,
    "min": 0.004537069238722324,
    "max": 1689.7708740234375,
    "count": 8539
  },
  "depth.building.delta1": {
    "mean": 0.2532538275126711,
    "std": 0.21884931478375338,
    "median": 0.1999332457780838,
    "min": 0.0,
    "max": 1.0,
    "count": 8539
  },
  "depth.building.delta2": {
    "mean": 0.47017584572055,
    "std": 0.2868914896203275,
    "median": 0.447621613740921,
    "min": 0.0,
    "max": 1.0,
    "count": 8539
  },
  "depth.building.delta3": {
    "mean": 0.6407635446989828,
    "std": 0.2857734650862118,
    "median": 0.6895246505737305,
    "min": 0.0,
    "max": 1.0,
    "count": 8539
  },
  "depth.building.rmse_log": {
    "mean": 0.7203309104110056,
    "std": 0.38710323781780265,
    "median": 0.6586751341819763,
    "min": 0.01656927354633808,
    "max": 4.195742607116699,
    "count": 8539
  },
  "depth.building.si_log": {
    "mean": 0.5274022875373646,
    "std": 0.2827614664079296,
    "median": 0.49987250566482544,
    "min": 0.0,
    "max": 1.709876298904419,
    "count": 8539
  },
  "depth.non_building.mae": {
    "mean": 4.0312976866643995,
    "std": 1.417813025852543,
    "median": 4.153123378753662,
    "min": 0.3901050388813019,
    "max": 11.880921363830566,
    "count": 12240
  },
  "depth.non_building.rmse": {
    "mean": 7.54782410711537,
    "std": 2.6608655472000873,
    "median": 8.014687538146973,
    "min": 0.504068911075592,
    "max": 19.45738983154297,
    "count": 12240
  },
  "depth.non_building.abs_rel": {
    "mean": 0.28530521711937207,
    "std": 0.16124899410982615,
    "median": 0.23013044893741608,
    "min": 0.05639556050300598,
    "max": 1.0240607261657715,
    "count": 12240
  },
  "depth.non_building.sq_rel": {
    "mean": 2.865450027270632,
    "std": 2.148425970189225,
    "median": 2.333284616470337,
    "min": 0.05363360792398453,
    "max": 25.80275535583496,
    "count": 12240
  },
  "depth.non_building.delta1": {
    "mean": 0.6370923484791241,
    "std": 0.19837037073759597,
    "median": 0.6996441185474396,
    "min": 0.13574610650539398,
    "max": 0.9814144968986511,
    "count": 12240
  },
  "depth.non_building.delta2": {
    "mean": 0.8504761400809085,
    "std": 0.09365986249027486,
    "median": 0.862133115530014,
    "min": 0.31089699268341064,
    "max": 1.0,
    "count": 12240
  },
  "depth.non_building.delta3": {
    "mean": 0.923770951971509,
    "std": 0.055124660267070844,
    "median": 0.9336452484130859,
    "min": 0.6274722218513489,
    "max": 1.0,
    "count": 12240
  },
  "depth.non_building.rmse_log": {
    "mean": 0.3555594879531247,
    "std": 0.13126053469039048,
    "median": 0.33256053924560547,
    "min": 0.085179902613163,
    "max": 0.7988626956939697,
    "count": 12240
  },
  "depth.non_building.si_log": {
    "mean": 0.34567619838076186,
    "std": 0.13092684069208038,
    "median": 0.3233110010623932,
    "min": 0.08223618566989899,
    "max": 0.7867646813392639,
    "count": 12240
  },
  "normals.full.angular_mean": {
    "mean": 91.47539838279774,
    "std": 1.6982553770249875,
    "median": 91.64089584350586,
    "min": 78.09839630126953,
    "max": 99.15262603759766,
    "count": 12240
  },
  "normals.full.angular_median": {
    "mean": 86.46828289966957,
    "std": 0.9535113229089027,
    "median": 86.52250289916992,
    "min": 70.89448547363281,
    "max": 90.0,
    "count": 12240
  },
  "normals.full.inlier_11_25": {
    "mean": 0.03977309833779121,
    "std": 0.00919276183187692,
    "median": 0.040517959743738174,
    "min": 0.0070579275488853455,
    "max": 0.079658143222332,
    "count": 12240
  },
  "normals.full.inlier_22_5": {
    "mean": 0.08326594085323022,
    "std": 0.010913532955381739,
    "median": 0.08415114507079124,
    "min": 0.026566337794065475,
    "max": 0.13078100979328156,
    "count": 12240
  },
  "normals.full.inlier_30": {
    "mean": 0.10709359088054328,
    "std": 0.010252458372589366,
    "median": 0.1074269451200962,
    "min": 0.05331624671816826,
    "max": 0.15829308331012726,
    "count": 12240
  },
  "normals.building.angular_mean": {
    "mean": 79.73358493281802,
    "std": 6.937093396932042,
    "median": 78.87499237060547,
    "min": 42.668609619140625,
    "max": 174.61880493164062,
    "count": 8539
  },
  "normals.building.angular_median": {
    "mean": 78.3109500005829,
    "std": 7.788470861254402,
    "median": 78.02185821533203,
    "min": 16.76142692565918,
    "max": 178.66412353515625,
    "count": 8539
  },
  "normals.building.inlier_11_25": {
    "mean": 0.021525662402996543,
    "std": 0.025962612327189518,
    "median": 0.01526559330523014,
    "min": 0.0,
    "max": 0.4166666865348816,
    "count": 8539
  },
  "normals.building.inlier_22_5": {
    "mean": 0.06429522219500103,
    "std": 0.04497608899924463,
    "median": 0.0567389577627182,
    "min": 0.0,
    "max": 0.5,
    "count": 8539
  },
  "normals.building.inlier_30": {
    "mean": 0.10328041493121784,
    "std": 0.051503584226245076,
    "median": 0.095238097012043,
    "min": 0.0,
    "max": 0.5,
    "count": 8539
  },
  "planarity.building.residual_mean": {
    "mean": 0.3816696316256152,
    "std": 0.35099240816225735,
    "median": 0.3502427339553833,
    "min": 0.007925544865429401,
    "max": 16.840951919555664,
    "count": 8134
  },
  "planarity.building.residual_median": {
    "mean": 0.33179502874804706,
    "std": 0.35139182313616907,