{
  "depth.full.mae": {
    "mean": 3.5822353683704256,
    "std": 1.2383480537716711,
    "median": 3.683971643447876,
    "min": 0.5442799925804138,
    "max": 9.190290451049805,
    "count": 12240
  },
  "depth.full.rmse": {
    "mean": 6.544704372932514,
    "std": 2.1341346747010745,
    "median": 6.897827863693237,
    "min": 0.7667673826217651,
    "max": 15.000927925109863,
    "count": 12240
  },
  "depth.full.abs_rel": {
    "mean": 0.2722555928601841,
    "std": 0.15595496277531995,
    "median": 0.22689010202884674,
    "min": 0.03724948316812515,
    "max": 0.9959023594856262,
    "count": 12240
  },
  "depth.full.sq_rel": {
    "mean": 3.0508650004781566,
    "std": 2.468579092983714,
    "median": 2.390203833580017,
    "min": 0.04803832992911339,
    "max": 24.678831100463867,
    "count": 12240
  },
  "depth.full.delta1": {
    "mean": 0.6924471324942763,
    "std": 0.1840645802756072,
    "median": 0.7385297119617462,
    "min": 0.19204331934452057,
    "max": 0.9939805865287781,
    "count": 12240
  },
  "depth.full.delta2": {
    "mean": 0.8842535054079848,
    "std": 0.07498055643706646,
    "median": 0.8955227136611938,
    "min": 0.47726279497146606,
    "max": 0.9998133182525635,
    "count": 12240
  },
  "depth.full.delta3": {
    "mean": 0.9419494017471675,
    "std": 0.04561309079244676,
    "median": 0.9522753655910492,
    "min": 0.7476456165313721,
    "max": 1.0,
    "count": 12240
  },
  "depth.full.rmse_log": {
    "mean": 0.3243370425783926,
    "std": 0.12844033441741004,
    "median": 0.30530761182308197,
    "min": 0.060498129576444626,
    "max": 0.7007459402084351,
    "count": 12240
  },
  "depth.full.si_log": {
    "mean": 0.3210602202988382,
    "std": 0.12860658727680332,
    "median": 0.3011367470026016,
    "min": 0.06047274172306061,
    "max": 0.7005976438522339,
    "count": 12240
  },
  "depth.building.mae": {
    "mean": 9.73963175037452,
    "std": 5.288654531218731,
    "median": 9.187492370605469,
    "min": 0.02962779998779297,
    "max": 51.812255859375,
    "count": 8539
  },
  "depth.building.rmse": {
    "mean": 11.988071666481847,
    "std": 5.861523843459785,
    "median": 11.637663841247559,
    "min": 0.037849605083465576,
    "max": 51.846458435058594,
    "count": 8539
  },
  "depth.building.abs_rel": {
    "mean": 0.8475419284087586,
    "std": 1.1560953538903325,
    "median": 0.5356179475784302,
    "min": 0.0023383095394819975,
    "max": 38.27750778198242,
    "count": 8539
  },
  "depth.building.sq_rel": {
    "mean": 14.415147003137573,
    "std": 24.313165617697777,
    "median": 8.053059577941895,
    "min": 0.00011306424858048558,
    "max": 679.7938232421875,
    "count": 8539
  },
  "depth.building.delta1": {
    "mean": 0.3820689114040026,
    "std": 0.23320719802378748,
    "median": 0.34621983766555786,
    "min": 0.0,
    "max": 1.0,
    "count": 8539
  },
  "depth.building.delta2": {
    "mean": 0.6238032188796309,
    "std": 0.2554050869143782,
    "median": 0.6492411494255066,
    "min": 0.0,
    "max": 1.0,
    "count": 8539
  },
  "depth.building.delta3": {
    "mean": 0.7649303429668368,
    "std": 0.22551803950986754,
    "median": 0.8195780515670776,
    "min": 0.0,
    "max": 1.0,
    "count": 8539
  },
  "depth.building.rmse_log": {
    "mean": 0.5954322011142894,
    "std": 0.3248089553447442,
    "median": 0.5391574501991272,
    "min": 0.0029934521298855543,
    "max": 3.595954179763794,
    "count": 8539
  },
  "depth.building.si_log": {
    "mean": 0.4729437084545453,
    "std": 0.22996412876520986,
    "median": 0.4597518742084503,
    "min": 0.0,
    "max": 1.6834912300109863,
    "count": 8539
  },
  "depth.non_building.mae": {
    "mean": 3.393516878265084,
    "std": 1.2479583701538675,
    "median": 3.4427508115768433,
    "min": 0.3410777449607849,
    "max": 9.190290451049805,
    "count": 12240
  },
  "depth.non_building.rmse": {
    "mean": 6.272307475982538,
    "std": 2.1649567381451553,
    "median": 6.599807024002075,
    "min": 0.5249856114387512,
    "max": 15.000927925109863,
    "count": 12240
  },
  "depth.non_building.abs_rel": {
    "mean": 0.2571882592094149,
    "std": 0.146361145138795,
    "median": 0.21589700877666473,
    "min": 0.03724948316812515,
    "max": 0.919516384601593,
    "count": 12240
  },
  "depth.non_building.sq_rel": {
    "mean": 2.7674960171849485,
    "std": 2.333628996629477,
    "median": 2.1210291385650635,
    "min": 0.02990153431892395,
    "max": 19.699474334716797,
    "count": 12240
  },
  "depth.non_building.delta1": {
    "mean": 0.7031353864003144,
    "std": 0.18528716051386282,
    "median": 0.7512536644935608,
    "min": 0.1819615215063095,
    "max": 0.9960470795631409,
    "count": 12240
  },
  "depth.non_building.delta2": {
    "mean": 0.8926018549238934,
    "std": 0.07103443363270953,
    "median": 0.90346360206604,
    "min": 0.4779704809188843,
    "max": 0.9999999403953552,
    "count": 12240
  },
  "depth.non_building.delta3": {
    "mean": 0.9470745969588071,
    "std": 0.04255111834786893,
    "median": 0.9571307599544525,
    "min": 0.7476456165313721,
    "max": 1.0,
    "count": 12240
  },
  "depth.non_building.rmse_log": {
    "mean": 0.31155257161913646,
    "std": 0.12403794259027572,
    "median": 0.29429250955581665,
    "min": 0.05725795030593872,
    "max": 0.6752897500991821,
    "count": 12240
  },
  "depth.non_building.si_log": {
    "mean": 0.30751630578926625,
    "std": 0.12412500199962918,
    "median": 0.29009735584259033,
    "min": 0.05531434342265129,
    "max": 0.6732964515686035,
    "count": 12240
  },
  "normals.full.angular_mean": {
    "mean": 93.48698957729962,
    "std": 1.9355324118745212,
    "median": 93.7419204711914,
    "min": 80.66864776611328,
    "max": 100.30480194091797,
    "count": 12240
  },
  "normals.full.angular_median": {
    "mean": 87.04650031382741,
    "std": 0.9965689509390132,
    "median": 87.1671371459961,
    "min": 76.1798324584961,
    "max": 90.0,
    "count": 12240
  },
  "normals.full.inlier_11_25": {
    "mean": 0.04622028273643676,
    "std": 0.01248671565118911,
    "median": 0.04759577661752701,
    "min": 0.006669820751994848,
    "max": 0.0935092493891716,
    "count": 12240
  },
  "normals.full.inlier_22_5": {
    "mean": 0.09603811327970642,
    "std": 0.012482609272274936,
    "median": 0.0975421629846096,
    "min": 0.03582161292433739,
    "max": 0.14342482388019562,
    "count": 12240
  },
  "normals.full.inlier_30": {
    "mean": 0.11813522136033652,
    "std": 0.010682107477713608,
    "median": 0.1190250925719738,
    "min": 0.06651749461889267,
    "max": 0.16578733921051025,
    "count": 12240
  },
  "normals.building.angular_mean": {
    "mean": 81.16146514169756,
    "std": 6.740695665726939,
    "median": 81.61597442626953,
    "min": 8.39120101928711,
    "max": 174.50856018066406,
    "count": 8539
  },
  "normals.building.angular_median": {
    "mean": 85.10023277521218,
    "std": 6.571204888454751,
    "median": 85.49150848388672,
    "min": 1.5063618421554565,
    "max": 171.37771606445312,
    "count": 8539
  },
  "normals.building.inlier_11_25": {
    "mean": 0.06748000315329122,
    "std": 0.056030119712068116,
    "median": 0.05120910331606865,
    "min": 0.0,
    "max": 0.8333333730697632,
    "count": 8539
  },
  "normals.building.inlier_22_5": {
    "mean": 0.13688510290791706,
    "std": 0.06454754841649078,
    "median": 0.12203086167573929,
    "min": 0.0,
    "max": 1.0,
    "count": 8539
  },
  "normals.building.inlier_30": {
    "mean": 0.1731736504470938,
    "std": 0.061579435643826536,
    "median": 0.16136465966701508,
    "min": 0.0,
    "max": 1.0,
    "count": 8539
  },
  "planarity.building.residual_mean": {
    "mean": 0.3850611392110916,
    "std": 0.30553743461887034,
    "median": 0.37923042476177216,
    "min": 0.008482937701046467,
    "max": 19.90458106994629,
    "count": 8134
  },
  "planarity.building.residual_median": {
    "mean": 0.3578524228800496,