{
  "depth.full.mae": {
    "mean": 8.21345135567868,
    "std": 2.3658881493660022,
    "median": 8.495063781738281,
    "min": 0.35217446088790894,
    "max": 17.322832107543945,
    "count": 12240
  },
  "depth.full.rmse": {
    "mean": 12.544784046724146,
    "std": 3.8519643800844046,
    "median": 13.133830070495605,
    "min": 0.45894482731819153,
    "max": 26.12939453125,
    "count": 12240
  },
  "depth.full.abs_rel": {
    "mean": 0.59821898346779,
    "std": 0.11650368963552607,
    "median": 0.6109271347522736,
    "min": 0.07340934872627258,
    "max": 1.0546854734420776,
    "count": 12240
  },
  "depth.full.sq_rel": {
    "mean": 6.194663075553679,
    "std": 2.0437817203517854,
    "median": 6.475450277328491,
    "min": 0.04459528997540474,
    "max": 13.473058700561523,
    "count": 12240
  },
  "depth.full.delta1": {
    "mean": 0.2328735498096672,
    "std": 0.09513855840174462,
    "median": 0.20733173191547394,
    "min": 0.08176983892917633,
    "max": 0.9760396480560303,
    "count": 12240
  },
  "depth.full.delta2": {
    "mean": 0.44279025093305346,
    "std": 0.1119256927627015,
    "median": 0.41525447368621826,
    "min": 0.2447923719882965,
    "max": 1.0,
    "count": 12240
  },
  "depth.full.delta3": {
    "mean": 0.6410103494946668,
    "std": 0.10232847062706049,
    "median": 0.6188974678516388,
    "min": 0.40895938873291016,
    "max": 1.0,
    "count": 12240
  },
  "depth.full.rmse_log": {
    "mean": 0.6946682939689387,
    "std": 0.11815580768528734,
    "median": 0.7239336669445038,
    "min": 0.09582848846912384,
    "max": 0.9892204999923706,
    "count": 12240
  },
  "depth.full.si_log": {
    "mean": 0.6892467789826732,
    "std": 0.11828410576302456,
    "median": 0.7195793092250824,
    "min": 0.09582841396331787,
    "max": 0.9604062438011169,
    "count": 12240
  },
  "depth.building.mae": {
    "mean": 17.345464729652157,
    "std": 11.2803105041818,
    "median": 14.897225379943848,
    "min": 0.06667661666870117,
    "max": 65.14826202392578,
    "count": 8539
  },
  "depth.building.rmse": {
    "mean": 20.60312978415069,
    "std": 11.938445590611929,
    "median": 19.207609176635742,
    "min": 0.08230434358119965,
    "max": 65.15895080566406,
    "count": 8539
  },
  "depth.building.abs_rel": {
    "mean": 0.8025638983588866,
    "std": 0.9570449773061029,
    "median": 0.6479344367980957,
    "min": 0.005917766597121954,
    "max": 34.131141662597656,
    "count": 8539
  },
  "depth.building.sq_rel": {
    "mean": 14.416310853397203,
    "std": 12.576057883101049,
    "median": 12.098553657531738,
    "min": 0.0006025133770890534,
    "max": 429.38299560546875,
    "count": 8539
  },
  "depth.building.delta1": {
    "mean": 0.13063129787552244,
    "std": 0.17428671558837466,
    "median": 0.07488403469324112,
    "min": 0.0,
    "max": 1.0,
    "count": 8539
  },
  "depth.building.delta2": {
    "mean": 0.25901514182768964,
    "std": 0.25359289086864445,
    "median": 0.19262520968914032,
    "min": 0.0,
    "max": 1.0,
    "count": 8539
  },
  "depth.building.delta3": {
    "mean": 0.3872102787189628,
    "std": 0.2936352362649129,
    "median": 0.35225361585617065,
    "min": 0.0,
    "max": 1.0,
    "count": 8539
  },
  "depth.building.rmse_log": {
    "mean": 0.9803705242771007,
    "std": 0.3524062244767855,
    "median": 0.983562707901001,
    "min": 0.00728630181401968,
    "max": 3.537046194076538,
    "count": 8539
  },
  "depth.building.si_log": {
    "mean": 0.5505309103032852,
    "std": 0.29619119708658875,
    "median": 0.5261221826076508,
    "min": 0.0,
    "max": 1.7588926553726196,
    "count": 8534
  },
  "depth.non_building.mae": {
    "mean": 7.912285517304649,
    "std": 2.3571101568007102,
    "median": 8.199359893798828,
    "min": 0.35217446088790894,
    "max": 17.322832107543945,
    "count": 12240
  },
  "depth.non_building.rmse": {
    "mean": 12.094752761916398,
    "std": 3.8413949595051293,
    "median": 12.741534233093262,
    "min": 0.45894482731819153,
    "max": 26.12939453125,
    "count": 12240
  },
  "depth.non_building.abs_rel": {
    "mean": 0.5966273555398182,
    "std": 0.11346345577706161,
    "median": 0.6089447736740112,
    "min": 0.0688151940703392,
    "max": 1.3263925313949585,
    "count": 12240
  },
  "depth.non_building.sq_rel": {
    "mean": 5.976616008264116,
    "std": 2.014873227351721,
    "median": 6.241709232330322,
    "min": 0.04459528997540474,
    "max": 13.473058700561523,
    "count": 12240
  },
  "depth.non_building.delta1": {
    "mean": 0.2362943282697861,
    "std": 0.09355932193605114,
    "median": 0.2110954001545906,
    "min": 0.10058329999446869,
    "max": 0.9760396480560303,
    "count": 12240
  },
  "depth.non_building.delta2": {
    "mean": 0.4493118473006035,
    "std": 0.11060223632581957,
    "median": 0.42182664573192596,
    "min": 0.25787755846977234,
    "max": 1.0,
    "count": 12240
  },
  "depth.non_building.delta3": {
    "mean": 0.6501326859338221,
    "std": 0.10255754006073098,
    "median": 0.6281793117523193,
    "min": 0.40895938873291016,
    "max": 1.0,
    "count": 12240
  },
  "depth.non_building.rmse_log": {
    "mean": 0.6828258196823299,
    "std": 0.11682533574787571,
    "median": 0.7112922370433807,
    "min": 0.09012975543737411,
    "max": 0.9892204999923706,
    "count": 12240
  },
  "depth.non_building.si_log": {
    "mean": 0.6764178670881913,
    "std": 0.12064065906611032,
    "median": 0.7076293528079987,
    "min": 0.09012772887945175,
    "max": 0.9448131918907166,
    "count": 12240
  },
  "normals.full.angular_mean": {
    "mean": 72.28799579096776,
    "std": 0.5040381847611883,
    "median": 72.36445617675781,
    "min": 68.90641021728516,
    "max": 73.51408386230469,
    "count": 12240
  },
  "normals.full.angular_median": {
    "mean": 82.15059222988054,
    "std": 0.6312230041601719,
    "median": 82.22186660766602,
    "min": 78.03734588623047,
    "max": 83.84003448486328,
    "count": 12240
  },
  "normals.full.inlier_11_25": {
    "mean": 0.052362560532573196,
    "std": 0.003535611762416721,
    "median": 0.05210583284497261,
    "min": 0.03756127133965492,
    "max": 0.06990522146224976,
    "count": 12240
  },
  "normals.full.inlier_22_5": {
    "mean": 0.1591914021574399,
    "std": 0.0052742355136698935,
    "median": 0.15883523225784302,
    "min": 0.1354573369026184,
    "max": 0.1821199506521225,
    "count": 12240
  },
  "normals.full.inlier_30": {
    "mean": 0.206630252093515,
    "std": 0.003202865732546055,
    "median": 0.20655108243227005,
    "min": 0.19420067965984344,
    "max": 0.2208634912967682,
    "count": 12240
  },
  "normals.building.angular_mean": {
    "mean": 74.77780014978023,
    "std": 3.021567033178297,
    "median": 74.49031829833984,
    "min": 46.31165313720703,
    "max": 173.13275146484375,
    "count": 8539
  },
  "normals.building.angular_median": {
    "mean": 84.78646361050247,
    "std": 3.349704415367531,
    "median": 84.7981948852539,
    "min": 31.80426025390625,
    "max": 176.51832580566406,
    "count": 8539
  },
  "normals.building.inlier_11_25": {
    "mean": 0.049292381402527834,
    "std": 0.01593570430424321,
    "median": 0.04981708899140358,
    "min": 0.0,
    "max": 0.25,
    "count": 8539
  },
  "normals.building.inlier_22_5": {
    "mean": 0.14784582428039098,
    "std": 0.02618475386039043,
    "median": 0.14993269741535187,
    "min": 0.0,
    "max": 0.3333333432674408,
    "count": 8539
  },
  "normals.building.inlier_30": {
    "mean": 0.1956557538048426,
    "std": 0.02426880472405296,
    "median": 0.19898991286754608,
    "min": 0.0,
    "max": 0.375,
    "count": 8539
  },
  "planarity.building.residual_mean": {
    "mean": 0.27725663499456454,
    "std": 0.3083455019440999,
    "median": 0.2241114377975464,
    "min": 0.008977909572422504,
    "max": 7.697373867034912,
    "count": 8134
  },
  "planarity.building.residual_median": {
    "mean": 0.2522172714733682,
    "std": 0.30982559527187176,