{
  "depth.full.mae": {
    "mean": 3.5991070772064666,
    "std": 1.2325097807482195,
    "median": 3.694247245788574,
    "min": 0.5342091917991638,
    "max": 9.133271217346191,
    "count": 12240
  },
  "depth.full.rmse": {
    "mean": 6.572649854548227,
    "std": 2.1309223851531423,
    "median": 6.937706708908081,
    "min": 0.7407526969909668,
    "max": 15.037535667419434,
    "count": 12240
  },
  "depth.full.abs_rel": {
    "mean": 0.2724185093239047,
    "std": 0.15616385316745304,
    "median": 0.2243562564253807,
    "min": 0.04307262599468231,
    "max": 0.9943466186523438,
    "count": 12240
  },
  "depth.full.sq_rel": {
    "mean": 2.999823566208429,
    "std": 2.3971875043042656,
    "median": 2.353277325630188,
    "min": 0.05275235325098038,
    "max": 23.460098266601562,
    "count": 12240
  },
  "depth.full.delta1": {
    "mean": 0.6944795399161627,
    "std": 0.1757680335586782,
    "median": 0.7337912321090698,
    "min": 0.19160249829292297,
    "max": 0.9923003911972046,
    "count": 12240
  },
  "depth.full.delta2": {
    "mean": 0.8818160054365209,
    "std": 0.07643567797606385,
    "median": 0.892851710319519,
    "min": 0.49128302931785583,
    "max": 0.9997940063476562,
    "count": 12240
  },
  "depth.full.delta3": {
    "mean": 0.9407598215916188,
    "std": 0.04681081120937665,
    "median": 0.9517223536968231,
    "min": 0.7476247549057007,
    "max": 1.0,
    "count": 12240
  },
  "depth.full.rmse_log": {
    "mean": 0.32571334816588493,
    "std": 0.12862516046677452,
    "median": 0.3053920716047287,
    "min": 0.06305871903896332,
    "max": 0.7020074725151062,
    "count": 12240
  },
  "depth.full.si_log": {
    "mean": 0.32256975921077863,
    "std": 0.12888720537749632,
    "median": 0.30207714438438416,
    "min": 0.06288840621709824,
    "max": 0.7019594311714172,
    "count": 12240
  },
  "depth.building.mae": {
    "mean": 9.85637647592012,
    "std": 5.293741822188474,
    "median": 9.272285461425781,
    "min": 0.22996222972869873,
    "max": 53.15792465209961,
    "count": 8539
  },
  "depth.building.rmse": {
    "mean": 12.070988487334912,
    "std": 5.849134703335281,
    "median": 11.727306365966797,
    "min": 0.23601309955120087,
    "max": 53.17798614501953,
    "count": 8539
  },
  "depth.building.abs_rel": {
    "mean": 0.8704112859901784,
    "std": 1.223070016678835,
    "median": 0.5393528342247009,
    "min": 0.011102939955890179,
    "max": 42.67938232421875,
    "count": 8539
  },
  "depth.building.sq_rel": {
    "mean": 14.369587383025184,
    "std": 24.370522357684187,
    "median": 8.133810997009277,
    "min": 0.004647341091185808,
    "max": 794.0099487304688,
    "count": 8539
  },
  "depth.building.delta1": {
    "mean": 0.37105900891262245,
    "std": 0.23599957216016648,
    "median": 0.33761048316955566,
    "min": 0.0,
    "max": 1.0,
    "count": 8539
  },
  "depth.building.delta2": {
    "mean": 0.6116650647652329,
    "std": 0.26322635154564883,
    "median": 0.6394814252853394,
    "min": 0.0,
    "max": 1.0,
    "count": 8539
  },
  "depth.building.delta3": {
    "mean": 0.7557240368007694,
    "std": 0.2348152610152323,
    "median": 0.8158490657806396,
    "min": 0.0,
    "max": 1.0,
    "count": 8539
  },
  "depth.building.rmse_log": {
    "mean": 0.6042809648511709,
    "std": 0.33282750715436843,
    "median": 0.5438281297683716,
    "min": 0.011147539131343365,
    "max": 3.716083526611328,
    "count": 8539
  },
  "depth.building.si_log": {
    "mean": 0.47550530065740854,
    "std": 0.23327803053168006,
    "median": 0.46078452467918396,
    "min": 0.0,
    "max": 1.684259295463562,
    "count": 8539
  },
  "depth.non_building.mae": {
    "mean": 3.4075970465597374,
    "std": 1.2414155157434092,
    "median": 3.4555323123931885,
    "min": 0.34263643622398376,
    "max": 9.133271217346191,
    "count": 12240
  },
  "depth.non_building.rmse": {
    "mean": 6.299099907215709,
    "std": 2.1604008027428327,
    "median": 6.6274590492248535,
    "min": 0.5270494818687439,
    "max": 15.037535667419434,
    "count": 12240
  },
  "depth.non_building.abs_rel": {
    "mean": 0.2568339203414355,
    "std": 0.14600419269404072,
    "median": 0.21423546969890594,
    "min": 0.039542265236377716,
    "max": 0.9123509526252747,
    "count": 12240
  },
  "depth.non_building.sq_rel": {
    "mean": 2.7168531867643524,
    "std": 2.2605452318256107,
    "median": 2.0919647216796875,
    "min": 0.03030143864452839,
    "max": 18.868186950683594,
    "count": 12240
  },
  "depth.non_building.delta1": {
    "mean": 0.7056941005906541,
    "std": 0.17644890978795452,
    "median": 0.7474236190319061,
    "min": 0.19117212295532227,
    "max": 0.9956592917442322,
    "count": 12240
  },
  "depth.non_building.delta2": {
    "mean": 0.8903812370707397,
    "std": 0.07225614901441363,
    "median": 0.9014518857002258,
    "min": 0.4921213388442993,
    "max": 0.9999735355377197,
    "count": 12240
  },
  "depth.non_building.delta3": {
    "mean": 0.946061258704639,
    "std": 0.04353289928817094,
    "median": 0.9566502273082733,
    "min": 0.7476247549057007,
    "max": 1.0,
    "count": 12240
  },
  "depth.non_building.rmse_log": {
    "mean": 0.31260481650356714,
    "std": 0.12390229492164104,
    "median": 0.2946183532476425,
    "min": 0.05853782594203949,
    "max": 0.6794818639755249,
    "count": 12240
  },
  "depth.non_building.si_log": {
    "mean": 0.30878507885960194,
    "std": 0.12408453004902258,
    "median": 0.29082033038139343,
    "min": 0.05362353101372719,
    "max": 0.6780522465705872,
    "count": 12240
  },
  "normals.full.angular_mean": {
    "mean": 93.3099731015224,
    "std": 1.873874749856911,
    "median": 93.55458068847656,
    "min": 80.6410140991211,
    "max": 99.97456359863281,
    "count": 12240
  },
  "normals.full.angular_median": {
    "mean": 86.98816358528885,
    "std": 1.020412174629438,
    "median": 87.10758209228516,
    "min": 75.95040130615234,
    "max": 90.0,
    "count": 12240
  },
  "normals.full.inlier_11_25": {
    "mean": 0.04407166918999138,
    "std": 0.011883079108867831,
    "median": 0.04531652107834816,
    "min": 0.006860387045890093,
    "max": 0.08913496136665344,
    "count": 12240
  },
  "normals.full.inlier_22_5": {
    "mean": 0.0938911720029888,
    "std": 0.012211721892198846,
    "median": 0.09531727060675621,
    "min": 0.03567200526595116,
    "max": 0.14044056832790375,
    "count": 12240
  },
  "normals.full.inlier_30": {
    "mean": 0.11702136173479114,
    "std": 0.010532252637654206,
    "median": 0.11783449724316597,
    "min": 0.06692392379045486,
    "max": 0.16492168605327606,
    "count": 12240
  },
  "normals.building.angular_mean": {
    "mean": 81.20106183618415,
    "std": 6.75455319316317,
    "median": 81.57119750976562,
    "min": 7.8987345695495605,
    "max": 174.27243041992188,
    "count": 8539
  },
  "normals.building.angular_median": {
    "mean": 85.06929799654344,
    "std": 6.607848926337537,
    "median": 85.45417022705078,
    "min": 1.7532347440719604,
    "max": 170.42572021484375,
    "count": 8539
  },
  "normals.building.inlier_11_25": {
    "mean": 0.06521974527065735,
    "std": 0.0540074423575911,
    "median": 0.05022577941417694,
    "min": 0.0,
    "max": 1.0,
    "count": 8539
  },
  "normals.building.inlier_22_5": {
    "mean": 0.13554752885239332,
    "std": 0.06355910278432896,
    "median": 0.12110646069049835,
    "min": 0.0,
    "max": 1.0,
    "count": 8539
  },
  "normals.building.inlier_30": {
    "mean": 0.17245599091823458,
    "std": 0.06111556868186595,
    "median": 0.16070345044136047,
    "min": 0.0,
    "max": 1.0,
    "count": 8539
  },
  "planarity.building.residual_mean": {
    "mean": 0.38716344732504027,
    "std": 0.3076556583121106,
    "median": 0.3825806528329849,
    "min": 0.008803504519164562,
    "max": 19.717927932739258,
    "count": 8134
  },
  "planarity.building.residual_median": {
    "mean": 0.3608681303179906,