{
  "depth.full.mae": {
    "mean": 3.6264635808035437,
    "std": 1.25932783189946,
    "median": 3.7219631671905518,
    "min": 0.5398257374763489,
    "max": 9.279892921447754,
    "count": 12240
  },
  "depth.full.rmse": {
    "mean": 6.580333286908522,
    "std": 2.1450261822153904,
    "median": 6.944851398468018,
    "min": 0.741994321346283,
    "max": 15.192670822143555,
    "count": 12240
  },
  "depth.full.abs_rel": {
    "mean": 0.27690511531884376,
    "std": 0.16093233071645316,
    "median": 0.22899280488491058,
    "min": 0.038072992116212845,
    "max": 1.009419322013855,
    "count": 12240
  },
  "depth.full.sq_rel": {
    "mean": 3.0283113033778575,
    "std": 2.4409053376561882,
    "median": 2.3686763048171997,
    "min": 0.050075072795152664,
    "max": 23.331384658813477,
    "count": 12240
  },
  "depth.full.delta1": {
    "mean": 0.6823828509540047,
    "std": 0.19284045514244574,
    "median": 0.7344092428684235,
    "min": 0.1751888394355774,
    "max": 0.9928984045982361,
    "count": 12240
  },
  "depth.full.delta2": {
    "mean": 0.8815353562921481,
    "std": 0.07800798186161874,
    "median": 0.8935632407665253,
    "min": 0.44079428911209106,
    "max": 0.9997308850288391,
    "count": 12240
  },
  "depth.full.delta3": {
    "mean": 0.940591155328587,
    "std": 0.04732520329353761,
    "median": 0.9521300792694092,
    "min": 0.7448506355285645,
    "max": 1.0,
    "count": 12240
  },
  "depth.full.rmse_log": {
    "mean": 0.3277375449219512,
    "std": 0.1313890755682693,
    "median": 0.30670860409736633,
    "min": 0.062238648533821106,
    "max": 0.7096402645111084,
    "count": 12240
  },
  "depth.full.si_log": {
    "mean": 0.3241809400498526,
    "std": 0.13161750685455867,
    "median": 0.3023119270801544,
    "min": 0.062147073447704315,
    "max": 0.7094032764434814,
    "count": 12240
  },
  "depth.building.mae": {
    "mean": 9.933581158510066,
    "std": 5.288007738434073,
    "median": 9.363412857055664,
    "min": 0.25417518615722656,
    "max": 52.8599853515625,
    "count": 8539
  },
  "depth.building.rmse": {
    "mean": 12.118361708350477,
    "std": 5.835327151008793,
    "median": 11.763232231140137,
    "min": 0.2638559639453888,
    "max": 52.878238677978516,
    "count": 8539
  },
  "depth.building.abs_rel": {
    "mean": 0.8979481017645782,
    "std": 1.2948887307093402,
    "median": 0.5468165278434753,
    "min": 0.006877904292196035,
    "max": 45.3397216796875,
    "count": 8539
  },
  "depth.building.sq_rel": {
    "mean": 14.777543761964408,
    "std": 25.514430996255772,
    "median": 8.326628684997559,
    "min": 0.0018842242425307631,
    "max": 864.5431518554688,
    "count": 8539
  },
  "depth.building.delta1": {
    "mean": 0.3672173588374252,
    "std": 0.23898070278264696,
    "median": 0.3335161805152893,
    "min": 0.0,
    "max": 1.0,
    "count": 8539
  },
  "depth.building.delta2": {
    "mean": 0.6060007424018526,
    "std": 0.2695475488639394,
    "median": 0.6361503601074219,
    "min": 0.0,
    "max": 1.0,
    "count": 8539
  },
  "depth.building.delta3": {
    "mean": 0.7498590588578339,
    "std": 0.24204978482212708,
    "median": 0.8135371208190918,
    "min": 0.0,
    "max": 1.0,
    "count": 8539
  },
  "depth.building.rmse_log": {
    "mean": 0.6115069504640102,
    "std": 0.3424122959142429,
    "median": 0.5473824739456177,
    "min": 0.007169221993535757,
    "max": 3.783743143081665,
    "count": 8539
  },
  "depth.building.si_log": {
    "mean": 0.47623776414294805,
    "std": 0.23597297041190307,
    "median": 0.46091222763061523,
    "min": 0.0,
    "max": 1.6844252347946167,
    "count": 8539
  },
  "depth.non_building.mae": {
    "mean": 3.435163415997636,
    "std": 1.2661247980920534,
    "median": 3.4785763025283813,
    "min": 0.33769869804382324,
    "max": 9.279892921447754,
    "count": 12240
  },
  "depth.non_building.rmse": {
    "mean": 6.306964185678102,
    "std": 2.172299692095294,
    "median": 6.630348205566406,
    "min": 0.5164812803268433,
    "max": 15.192670822143555,
    "count": 12240
  },
  "depth.non_building.abs_rel": {
    "mean": 0.261141508107311,
    "std": 0.15039747705218154,
    "median": 0.21840286999940872,
    "min": 0.038072992116212845,
    "max": 0.9234345555305481,
    "count": 12240
  },
  "depth.non_building.sq_rel": {
    "mean": 2.7425010639258045,
    "std": 2.302424745914497,
    "median": 2.100963830947876,
    "min": 0.030056986957788467,
    "max": 18.887910842895508,
    "count": 12240
  },
  "depth.non_building.delta1": {
    "mean": 0.6929117466828305,
    "std": 0.1941970907635609,
    "median": 0.7470112144947052,
    "min": 0.17622707784175873,
    "max": 0.9955946803092957,
    "count": 12240
  },
  "depth.non_building.delta2": {
    "mean": 0.8902160568954118,
    "std": 0.07372287250986048,
    "median": 0.9020796418190002,
    "min": 0.44118425250053406,
    "max": 0.9999735355377197,
    "count": 12240
  },
  "depth.non_building.delta3": {
    "mean": 0.9460179808093052,
    "std": 0.04390673417729048,
    "median": 0.9571024477481842,
    "min": 0.7448506355285645,
    "max": 1.0,
    "count": 12240
  },
  "depth.non_building.rmse_log": {
    "mean": 0.31458381939393293,
    "std": 0.12648127449538382,
    "median": 0.2957337647676468,
    "min": 0.05868679657578468,
    "max": 0.6895238161087036,
    "count": 12240
  },
  "depth.non_building.si_log": {
    "mean": 0.31008586787916964,
    "std": 0.12655814250546146,
    "median": 0.29131314158439636,
    "min": 0.05696908012032509,
    "max": 0.6875641345977783,
    "count": 12240
  },
  "normals.full.angular_mean": {
    "mean": 93.39152994031221,
    "std": 1.8744238522931023,
    "median": 93.6346206665039,
    "min": 80.7297592163086,
    "max": 100.05048370361328,
    "count": 12240
  },
  "normals.full.angular_median": {
    "mean": 87.04684815687291,
    "std": 0.9994770493010314,
    "median": 87.15950775146484,
    "min": 75.7901840209961,
    "max": 90.0,
    "count": 12240
  },
  "normals.full.inlier_11_25": {
    "mean": 0.045475669662518356,
    "std": 0.012143614184354544,
    "median": 0.046795738860964775,
    "min": 0.0069589558988809586,
    "max": 0.09116896241903305,
    "count": 12240
  },
  "normals.full.inlier_22_5": {
    "mean": 0.09500310924421582,
    "std": 0.01232533500177904,
    "median": 0.09645604714751244,
    "min": 0.036270443350076675,
    "max": 0.14157144725322723,
    "count": 12240
  },
  "normals.full.inlier_30": {
    "mean": 0.11763941368903795,
    "std": 0.010519638307720673,
    "median": 0.11843287199735641,
    "min": 0.06743466109037399,
    "max": 0.16551122069358826,
    "count": 12240
  },
  "normals.building.angular_mean": {
    "mean": 81.09689258476487,
    "std": 6.72764527605686,
    "median": 81.45365142822266,
    "min": 7.916768550872803,
    "max": 174.15032958984375,
    "count": 8539
  },
  "normals.building.angular_median": {
    "mean": 84.95029739934843,
    "std": 6.6257073619652695,
    "median": 85.31532287597656,
    "min": 2.01945424079895,
    "max": 170.30677795410156,
    "count": 8539
  },
  "normals.building.inlier_11_25": {
    "mean": 0.06443873659230656,
    "std": 0.05333648917629033,
    "median": 0.05000000074505806,
    "min": 0.0,
    "max": 1.0,
    "count": 8539
  },
  "normals.building.inlier_22_5": {
    "mean": 0.13547223098896727,
    "std": 0.0632355532948619,
    "median": 0.12152557820081711,
    "min": 0.0,
    "max": 1.0,
    "count": 8539
  },
  "normals.building.inlier_30": {
    "mean": 0.17252950178681128,
    "std": 0.06101537016008871,
    "median": 0.16105236113071442,
    "min": 0.0,
    "max": 1.0,
    "count": 8539
  },
  "planarity.building.residual_mean": {
    "mean": 0.39046848887020735,
    "std": 0.3107405160299553,
    "median": 0.38579122722148895,
    "min": 0.0091870641335845,
    "max": 19.75579071044922,
    "count": 8134
  },
  "planarity.building.residual_median": {
    "mean": 0.3643844323057589,