{
  "depth.full.mae": {
    "mean": 3.723110122051017,
    "std": 1.2823548848577764,
    "median": 3.8027310371398926,
    "min": 0.496708482503891,
    "max": 9.294222831726074,
    "count": 12240
  },
  "depth.full.rmse": {
    "mean": 6.704862459563937,
    "std": 2.1635400420445907,
    "median": 7.068564414978027,
    "min": 0.6376635432243347,
    "max": 15.40600299835205,
    "count": 12240
  },
  "depth.full.abs_rel": {
    "mean": 0.28552474465762917,
    "std": 0.16861067462054197,
    "median": 0.23008061200380325,
    "min": 0.044673237949609756,
    "max": 1.0253736972808838,
    "count": 12240
  },
  "depth.full.sq_rel": {
    "mean": 3.0333849755048847,
    "std": 2.385966644923437,
    "median": 2.377531886100769,
    "min": 0.0642232596874237,
    "max": 21.614059448242188,
    "count": 12240
  },
  "depth.full.delta1": {
    "mean": 0.6706624457843943,
    "std": 0.19489882113902868,
    "median": 0.7231024205684662,
    "min": 0.1589002013206482,
    "max": 0.9877675771713257,
    "count": 12240
  },
  "depth.full.delta2": {
    "mean": 0.8745139021864708,
    "std": 0.0844632217284111,
    "median": 0.889151930809021,
    "min": 0.3946489989757538,
    "max": 0.9999679327011108,
    "count": 12240
  },
  "depth.full.delta3": {
    "mean": 0.9367528020897332,
    "std": 0.05110047601923475,
    "median": 0.9500017762184143,
    "min": 0.7312961220741272,
    "max": 1.0,
    "count": 12240
  },
  "depth.full.rmse_log": {
    "mean": 0.3357769662757812,
    "std": 0.135716256576217,
    "median": 0.31120844185352325,
    "min": 0.07394473254680634,
    "max": 0.727840781211853,
    "count": 12240
  },
  "depth.full.si_log": {
    "mean": 0.33234798516530323,
    "std": 0.1360583374917157,
    "median": 0.30715103447437286,
    "min": 0.0738401785492897,
    "max": 0.7246817946434021,
    "count": 12240
  },
  "depth.building.mae": {
    "mean": 10.42539754071913,
    "std": 5.400493523189864,
    "median": 9.852973937988281,
    "min": 0.26935291290283203,
    "max": 54.81652069091797,
    "count": 8539
  },
  "depth.building.rmse": {
    "mean": 12.557621496129139,
    "std": 5.905564061798864,
    "median": 12.153194427490234,
    "min": 0.279775470495224,
    "max": 54.824668884277344,
    "count": 8539
  },
  "depth.building.abs_rel": {
    "mean": 0.9845674861293835,
    "std": 1.5377662879126315,
    "median": 0.5605809688568115,
    "min": 0.007470428943634033,
    "max": 56.294769287109375,
    "count": 8539
  },
  "depth.building.sq_rel": {
    "mean": 15.728664792559771,
    "std": 29.03219776069047,
    "median": 8.821879386901855,
    "min": 0.0021175462752580643,
    "max": 1246.6240234375,
    "count": 8539
  },
  "depth.building.delta1": {
    "mean": 0.3456705860030299,
    "std": 0.23824350116673804,
    "median": 0.31101295351982117,
    "min": 0.0,
    "max": 1.0,
    "count": 8539
  },
  "depth.building.delta2": {
    "mean": 0.5766808150131318,
    "std": 0.28286324438916305,
    "median": 0.6082603335380554,
    "min": 0.0,
    "max": 1.0,
    "count": 8539
  },
  "depth.building.delta3": {
    "mean": 0.7232319330529112,
    "std": 0.2665397911682647,
    "median": 0.7972972989082336,
    "min": 0.0,
    "max": 1.0,
    "count": 8539
  },
  "depth.building.rmse_log": {
    "mean": 0.6418416090167287,
    "std": 0.36999638472756574,
    "median": 0.566230833530426,
    "min": 0.007598636206239462,
    "max": 4.009952068328857,
    "count": 8539
  },
  "depth.building.si_log": {
    "mean": 0.48974175942660586,
    "std": 0.24893131552467151,
    "median": 0.46760961413383484,
    "min": 0.0,
    "max": 1.6867129802703857,
    "count": 8539
  },
  "depth.non_building.mae": {
    "mean": 3.5228516017397244,
    "std": 1.2873381597291866,
    "median": 3.5572935342788696,
    "min": 0.36860281229019165,
    "max": 9.294222831726074,
    "count": 12240
  },
  "depth.non_building.rmse": {
    "mean": 6.42128279739443,
    "std": 2.187460051862771,
    "median": 6.74566912651062,
    "min": 0.5523457527160645,
    "max": 15.40600299835205,
    "count": 12240
  },
  "depth.non_building.abs_rel": {
    "mean": 0.2683996130517544,
    "std": 0.15649401250166994,
    "median": 0.2201710194349289,
    "min": 0.04320475086569786,
    "max": 0.9258981347084045,
    "count": 12240
  },
  "depth.non_building.sq_rel": {
    "mean": 2.737437749619054,
    "std": 2.2338907088763147,
    "median": 2.109679937362671,
    "min": 0.04127055034041405,
    "max": 17.56043243408203,
    "count": 12240
  },
  "depth.non_building.delta1": {
    "mean": 0.6812953438098525,
    "std": 0.19622551074090444,
    "median": 0.7357077300548553,
    "min": 0.1598585695028305,
    "max": 0.9902872443199158,
    "count": 12240
  },
  "depth.non_building.delta2": {
    "mean": 0.8836938889076312,
    "std": 0.07985294339480242,
    "median": 0.897683322429657,
    "min": 0.39492204785346985,
    "max": 0.9999842643737793,
    "count": 12240
  },
  "depth.non_building.delta3": {
    "mean": 0.9427294865250587,
    "std": 0.047097963053819414,
    "median": 0.9547755122184753,
    "min": 0.7391104698181152,
    "max": 1.0,
    "count": 12240
  },
  "depth.non_building.rmse_log": {
    "mean": 0.32185494181231344,
    "std": 0.13006200363148454,
    "median": 0.2996993064880371,
    "min": 0.06760762631893158,
    "max": 0.7187170386314392,
    "count": 12240
  },
  "depth.non_building.si_log": {
    "mean": 0.317396404674228,
    "std": 0.13009429318275187,
    "median": 0.29546742141246796,
    "min": 0.06076556071639061,
    "max": 0.7131431102752686,
    "count": 12240
  },
  "normals.full.angular_mean": {
    "mean": 92.72090384539436,
    "std": 1.690185184889747,
    "median": 92.92843246459961,
    "min": 80.52279663085938,
    "max": 99.21341705322266,
    "count": 12240
  },
  "normals.full.angular_median": {
    "mean": 87.11080374561884,
    "std": 1.0492223103115101,
    "median": 87.25467681884766,
    "min": 74.95269012451172,
    "max": 90.0,
    "count": 12240
  },
  "normals.full.inlier_11_25": {
    "mean": 0.043405733666697734,
    "std": 0.011369504468196755,
    "median": 0.04466231353580952,
    "min": 0.007431644480675459,
    "max": 0.087886281311512,
    "count": 12240
  },
  "normals.full.inlier_22_5": {
    "mean": 0.09200922221073186,
    "std": 0.012103717428645069,
    "median": 0.09364763274788857,
    "min": 0.03591268137097359,
    "max": 0.13949032127857208,
    "count": 12240
  },
  "normals.full.inlier_30": {
    "mean": 0.11628029872632883,
    "std": 0.010459502600980511,
    "median": 0.11728290840983391,
    "min": 0.06714195013046265,
    "max": 0.16551868617534637,
    "count": 12240
  },
  "normals.building.angular_mean": {
    "mean": 80.978466661491,
    "std": 6.620440998370191,
    "median": 81.16654205322266,
    "min": 8.948107719421387,
    "max": 172.90997314453125,
    "count": 8539
  },
  "normals.building.angular_median": {
    "mean": 84.83873961691918,
    "std": 6.583307351619884,
    "median": 85.21546936035156,
    "min": 2.730436325073242,
    "max": 168.92242431640625,
    "count": 8539
  },
  "normals.building.inlier_11_25": {
    "mean": 0.057261679603097415,
    "std": 0.0462310738050415,
    "median": 0.04574280232191086,
    "min": 0.0,
    "max": 0.8333333730697632,
    "count": 8539
  },
  "normals.building.inlier_22_5": {
    "mean": 0.12937962945218245,
    "std": 0.05841503333575568,
    "median": 0.1175699308514595,
    "min": 0.0,
    "max": 1.0,
    "count": 8539
  },
  "normals.building.inlier_30": {
    "mean": 0.16899960009408005,
    "std": 0.057825266136595284,
    "median": 0.15962350368499756,
    "min": 0.0,
    "max": 1.0,
    "count": 8539
  },
  "planarity.building.residual_mean": {
    "mean": 0.4001459041788976,
    "std": 0.3248452730333223,
    "median": 0.39103271067142487,
    "min": 0.00797932967543602,
    "max": 19.11879539489746,
    "count": 8134
  },
  "planarity.building.residual_median": {
    "mean": 0.36836151601312733,
    "std": 0.3267398619748607,