{
  "depth.full.mae": {
    "mean": 7.511769500572015,
    "std": 2.1804377092973293,
    "median": 7.778812408447266,
    "min": 0.39730384945869446,
    "max": 16.229063034057617,
    "count": 12240
  },
  "depth.full.rmse": {
    "mean": 11.67427151239191,
    "std": 3.6241849608236105,
    "median": 12.245789527893066,
    "min": 0.54991614818573,
    "max": 24.880535125732422,
    "count": 12240
  },
  "depth.full.abs_rel": {
    "mean": 0.5562793989568413,
    "std": 0.12003596303624477,
    "median": 0.5603636801242828,
    "min": 0.08460976183414459,
    "max": 1.0548733472824097,
    "count": 12240
  },
  "depth.full.sq_rel": {
    "mean": 5.585955622216407,
    "std": 1.911110023156292,
    "median": 5.853461265563965,
    "min": 0.06672723591327667,
    "max": 13.4480619430542,
    "count": 12240
  },
  "depth.full.delta1": {
    "mean": 0.27383610171941564,
    "std": 0.098828258848983,
    "median": 0.24643169343471527,
    "min": 0.12324295938014984,
    "max": 0.9476470351219177,
    "count": 12240
  },
  "depth.full.delta2": {
    "mean": 0.5126786546258171,
    "std": 0.10686818594181384,
    "median": 0.4841301888227463,
    "min": 0.2947283983230591,
    "max": 0.9960766434669495,
    "count": 12240
  },
  "depth.full.delta3": {
    "mean": 0.70693092854097,
    "std": 0.08872700409139317,
    "median": 0.6855261623859406,
    "min": 0.4813768267631531,
    "max": 0.9999505877494812,
    "count": 12240
  },
  "depth.full.rmse_log": {
    "mean": 0.6295961556840518,
    "std": 0.10969555534786105,
    "median": 0.6534127593040466,
    "min": 0.11248191446065903,
    "max": 0.9304558038711548,
    "count": 12240
  },
  "depth.full.si_log": {
    "mean": 0.6257467149458582,
    "std": 0.11051485567147826,
    "median": 0.650270402431488,
    "min": 0.11034832894802094,
    "max": 0.9276732802391052,
    "count": 12240
  },
  "depth.building.mae": {
    "mean": 16.185190176714958,
    "std": 10.101860410822177,
    "median": 13.733169555664062,
    "min": 0.15925531089305878,
    "max": 61.2825927734375,
    "count": 8539
  },
  "depth.building.rmse": {
    "mean": 19.24647413022639,
    "std": 10.834602433143964,
    "median": 17.614660263061523,
    "min": 0.1742422878742218,
    "max": 61.29383850097656,
    "count": 8539
  },
  "depth.building.abs_rel": {
    "mean": 0.9063906780197485,
    "std": 1.3396212113527852,
    "median": 0.624591052532196,
    "min": 0.011487837880849838,
    "max": 45.163326263427734,
    "count": 8539
  },
  "depth.building.sq_rel": {
    "mean": 15.047013363285656,
    "std": 19.163362037386353,
    "median": 12.071453094482422,
    "min": 0.002190979663282633,
    "max": 753.0887451171875,
    "count": 8539
  },
  "depth.building.delta1": {
    "mean": 0.14681446957279298,
    "std": 0.18025836861521274,
    "median": 0.09216590225696564,
    "min": 0.0,
    "max": 1.0,
    "count": 8539
  },
  "depth.building.delta2": {
    "mean": 0.2913737844011139,
    "std": 0.2573598693933268,
    "median": 0.2323489636182785,
    "min": 0.0,
    "max": 1.0,
    "count": 8539
  },
  "depth.building.delta3": {
    "mean": 0.4394106909909358,
    "std": 0.28748224905444064,
    "median": 0.4097706973552704,
    "min": 0.0,
    "max": 1.0,
    "count": 8539
  },
  "depth.building.rmse_log": {
    "mean": 0.8890282812628981,
    "std": 0.33394091062330267,
    "median": 0.8914780020713806,
    "min": 0.012477921321988106,
    "max": 3.808427095413208,
    "count": 8539
  },
  "depth.building.si_log": {
    "mean": 0.5540522038804307,
    "std": 0.29826008073844607,
    "median": 0.5271017551422119,
    "min": 0.0,
    "max": 1.7958101034164429,
    "count": 8536
  },
  "depth.non_building.mae": {
    "mean": 7.228331998294962,
    "std": 2.1783486570430393,
    "median": 7.523921251296997,
    "min": 0.39730384945869446,
    "max": 16.229063034057617,
    "count": 12240
  },
  "depth.non_building.rmse": {
    "mean": 11.260477993569149,
    "std": 3.6135857306625487,
    "median": 11.92636489868164,
    "min": 0.54991614818573,
    "max": 24.880535125732422,
    "count": 12240
  },
  "depth.non_building.abs_rel": {
    "mean": 0.5513447097557432,
    "std": 0.11393685336466298,
    "median": 0.5566944479942322,
    "min": 0.08460976183414459,
    "max": 1.2188421487808228,
    "count": 12240
  },
  "depth.non_building.sq_rel": {
    "mean": 5.360709241091036,
    "std": 1.875189215921838,
    "median": 5.59040641784668,
    "min": 0.06672723591327667,
    "max": 13.402621269226074,
    "count": 12240
  },
  "depth.non_building.delta1": {
    "mean": 0.27822931002874196,
    "std": 0.09644394207832384,
    "median": 0.25101707875728607,
    "min": 0.13468515872955322,
    "max": 0.9476470351219177,
    "count": 12240
  },
  "depth.non_building.delta2": {
    "mean": 0.5205361387747176,
    "std": 0.10548809544760514,
    "median": 0.4938471019268036,
    "min": 0.2947283983230591,
    "max": 0.9960766434669495,
    "count": 12240
  },
  "depth.non_building.delta3": {
    "mean": 0.7158454372504958,
    "std": 0.08770554240910856,
    "median": 0.6967983543872833,
    "min": 0.4813768267631531,
    "max": 1.0,
    "count": 12240
  },
  "depth.non_building.rmse_log": {
    "mean": 0.6194562427644782,
    "std": 0.10728350599294881,
    "median": 0.6420388221740723,
    "min": 0.11248191446065903,
    "max": 0.9208024740219116,
    "count": 12240
  },
  "depth.non_building.si_log": {
    "mean": 0.6145331172418653,
    "std": 0.1109588060012277,
    "median": 0.6391780376434326,
    "min": 0.11034832894802094,
    "max": 0.9144172668457031,
    "count": 12240
  },
  "normals.full.angular_mean": {
    "mean": 81.09282907535827,
    "std": 1.131875651644356,
    "median": 81.24644088745117,
    "min": 75.48920440673828,
    "max": 84.48680114746094,
    "count": 12240
  },
  "normals.full.angular_median": {
    "mean": 79.07056556776458,
    "std": 1.5468414168196667,
    "median": 79.07987976074219,
    "min": 70.9404296875,
    "max": 85.75218200683594,
    "count": 12240
  },
  "normals.full.inlier_11_25": {
    "mean": 0.025541266974585215,
    "std": 0.0028091723265473187,
    "median": 0.02508668042719364,
    "min": 0.01922975853085518,
    "max": 0.04509899392724037,
    "count": 12240
  },
  "normals.full.inlier_22_5": {
    "mean": 0.06734772780240555,
    "std": 0.009299154832099518,
    "median": 0.06659023463726044,
    "min": 0.0431644469499588,
    "max": 0.12271326780319214,
    "count": 12240
  },
  "normals.full.inlier_30": {
    "mean": 0.10607449405284879,
    "std": 0.011334722189953936,
    "median": 0.10554367676377296,
    "min": 0.07140395045280457,
    "max": 0.17117002606391907,
    "count": 12240
  },
  "normals.building.angular_mean": {
    "mean": 83.96631914174087,
    "std": 6.653000183794139,
    "median": 83.56211853027344,
    "min": 4.362406253814697,
    "max": 127.30712127685547,
    "count": 8539
  },
  "normals.building.angular_median": {
    "mean": 83.7373310714098,
    "std": 7.948152050330657,
    "median": 83.5654296875,
    "min": 0.26834094524383545,
    "max": 128.05679321289062,
    "count": 8539
  },
  "normals.building.inlier_11_25": {
    "mean": 0.019257108961376355,
    "std": 0.034749154211393254,
    "median": 0.01289499830454588,
    "min": 0.0,
    "max": 1.0,
    "count": 8539
  },
  "normals.building.inlier_22_5": {
    "mean": 0.053057160962811246,
    "std": 0.04644890940399914,
    "median": 0.04436325654387474,
    "min": 0.0,
    "max": 1.0,
    "count": 8539
  },
  "normals.building.inlier_30": {
    "mean": 0.0842766870572964,
    "std": 0.050866725139296715,
    "median": 0.07661290466785431,
    "min": 0.0,
    "max": 1.0,
    "count": 8539
  },
  "planarity.building.residual_mean": {
    "mean": 0.29961510839429417,
    "std": 0.2967191685262471,
    "median": 0.25515660643577576,
    "min": 0.012644057162106037,
    "max": 7.267239093780518,
    "count": 8134
  },
  "planarity.building.residual_median": {
    "mean": 0.2632062517511625,