{
  "depth.full.mae": {
    "mean": 3.6371705145569018,
    "std": 1.2321346938071007,
    "median": 3.7385884523391724,
    "min": 0.5207197666168213,
    "max": 9.304779052734375,
    "count": 12240
  },
  "depth.full.rmse": {
    "mean": 6.628742600363844,
    "std": 2.1374027120216206,
    "median": 7.004837274551392,
    "min": 0.7184531688690186,
    "max": 15.416341781616211,
    "count": 12240
  },
  "depth.full.abs_rel": {
    "mean": 0.2722220447325312,
    "std": 0.15533041354901012,
    "median": 0.22349128127098083,
    "min": 0.046498969197273254,
    "max": 0.9711020588874817,
    "count": 12240
  },
  "depth.full.sq_rel": {
    "mean": 2.8617057892694775,
    "std": 2.221069132709088,
    "median": 2.2795437574386597,
    "min": 0.05743514746427536,
    "max": 20.783100128173828,
    "count": 12240
  },
  "depth.full.delta1": {
    "mean": 0.688215434665676,
    "std": 0.17648964276992432,
    "median": 0.7282057404518127,
    "min": 0.18224424123764038,
    "max": 0.990363597869873,
    "count": 12240
  },
  "depth.full.delta2": {
    "mean": 0.8789076363728716,
    "std": 0.07814501161897112,
    "median": 0.8902451694011688,
    "min": 0.48733627796173096,
    "max": 0.9999743700027466,
    "count": 12240
  },
  "depth.full.delta3": {
    "mean": 0.9396869417499093,
    "std": 0.047964446550608636,
    "median": 0.9514726996421814,
    "min": 0.7448089122772217,
    "max": 1.0,
    "count": 12240
  },
  "depth.full.rmse_log": {
    "mean": 0.327109455677005,
    "std": 0.12847068328686514,
    "median": 0.30666646361351013,
    "min": 0.0669044777750969,
    "max": 0.6976268291473389,
    "count": 12240
  },
  "depth.full.si_log": {
    "mean": 0.3238087462626544,
    "std": 0.1287543042403233,
    "median": 0.30295297503471375,
    "min": 0.06690403074026108,
    "max": 0.697482705116272,
    "count": 12240
  },
  "depth.building.mae": {
    "mean": 9.92982955212573,
    "std": 5.351355203310474,
    "median": 9.266283988952637,
    "min": 0.29625892639160156,
    "max": 54.05791473388672,
    "count": 8539
  },
  "depth.building.rmse": {
    "mean": 12.132117220903535,
    "std": 5.925414138753684,
    "median": 11.702780723571777,
    "min": 0.33390697836875916,
    "max": 54.06964874267578,
    "count": 8539
  },
  "depth.building.abs_rel": {
    "mean": 0.8672898367491431,
    "std": 1.2654936041332314,
    "median": 0.5286812782287598,
    "min": 0.01832207664847374,
    "max": 45.788673400878906,
    "count": 8539
  },
  "depth.building.sq_rel": {
    "mean": 13.423056791828701,
    "std": 22.851930933742707,
    "median": 7.878351211547852,
    "min": 0.006895316764712334,
    "max": 861.8740234375,
    "count": 8539
  },
  "depth.building.delta1": {
    "mean": 0.35785504871540524,
    "std": 0.2363776934944599,
    "median": 0.32369479537010193,
    "min": 0.0,
    "max": 1.0,
    "count": 8539
  },
  "depth.building.delta2": {
    "mean": 0.5989835722207953,
    "std": 0.27001260624671825,
    "median": 0.6262158155441284,
    "min": 0.0,
    "max": 1.0,
    "count": 8539
  },
  "depth.building.delta3": {
    "mean": 0.7490187672182858,
    "std": 0.24326931183014877,
    "median": 0.8133256435394287,
    "min": 0.0,
    "max": 1.0,
    "count": 8539
  },
  "depth.building.rmse_log": {
    "mean": 0.6070922096474208,
    "std": 0.33597892090227954,
    "median": 0.5448110699653625,
    "min": 0.020385336130857468,
    "max": 3.799571990966797,
    "count": 8539
  },
  "depth.building.si_log": {
    "mean": 0.4771598259518177,
    "std": 0.23689780389889206,
    "median": 0.4605640470981598,
    "min": 0.0,
    "max": 1.6858128309249878,
    "count": 8539
  },
  "depth.non_building.mae": {
    "mean": 3.4439772819479306,
    "std": 1.240065459430635,
    "median": 3.4978201389312744,
    "min": 0.3527398407459259,
    "max": 9.304779052734375,
    "count": 12240
  },
  "depth.non_building.rmse": {
    "mean": 6.3548011693056505,
    "std": 2.1627018612162825,
    "median": 6.691688060760498,
    "min": 0.5265227556228638,
    "max": 15.416341781616211,
    "count": 12240
  },
  "depth.non_building.abs_rel": {
    "mean": 0.2568664343692849,
    "std": 0.1451461489740232,
    "median": 0.2140990048646927,
    "min": 0.04168706387281418,
    "max": 0.8859595060348511,
    "count": 12240
  },
  "depth.non_building.sq_rel": {
    "mean": 2.5995994806688376,
    "std": 2.0976743005106107,
    "median": 2.0358811616897583,
    "min": 0.0332498736679554,
    "max": 16.823488235473633,
    "count": 12240
  },
  "depth.non_building.delta1": {
    "mean": 0.6997505444716784,
    "std": 0.1771440144761959,
    "median": 0.7412605583667755,
    "min": 0.1859074980020523,
    "max": 0.9940329194068909,
    "count": 12240
  },
  "depth.non_building.delta2": {
    "mean": 0.8877376240866831,
    "std": 0.07375965747623578,
    "median": 0.8988420069217682,
    "min": 0.48816248774528503,
    "max": 0.9999743700027466,
    "count": 12240
  },
  "depth.non_building.delta3": {
    "mean": 0.9451094549271016,
    "std": 0.04446699844114118,
    "median": 0.956101268529892,
    "min": 0.7448089122772217,
    "max": 1.0,
    "count": 12240
  },
  "depth.non_building.rmse_log": {
    "mean": 0.3140431805276403,
    "std": 0.12365002921168887,
    "median": 0.2955215126276016,
    "min": 0.06295128911733627,
    "max": 0.6842034459114075,
    "count": 12240
  },
  "depth.non_building.si_log": {
    "mean": 0.30999595551641984,
    "std": 0.12378685936237364,
    "median": 0.29157738387584686,
    "min": 0.05522642657160759,
    "max": 0.6821615099906921,
    "count": 12240
  },
  "normals.full.angular_mean": {
    "mean": 93.0915930000006,
    "std": 1.8051221512126254,
    "median": 93.31762313842773,
    "min": 80.67375946044922,
    "max": 99.40023040771484,
    "count": 12240
  },
  "normals.full.angular_median": {
    "mean": 86.96270304349513,
    "std": 1.0300605711991941,
    "median": 87.08026885986328,
    "min": 75.63825988769531,
    "max": 89.99250793457031,
    "count": 12240
  },
  "normals.full.inlier_11_25": {
    "mean": 0.043643323927615565,
    "std": 0.0117228474180224,
    "median": 0.04487026669085026,
    "min": 0.007464942522346973,
    "max": 0.087886281311512,
    "count": 12240
  },
  "normals.full.inlier_22_5": {
    "mean": 0.09362532176393894,
    "std": 0.012262330273485387,
    "median": 0.09511645510792732,
    "min": 0.03641354665160179,
    "max": 0.1399819403886795,
    "count": 12240
  },
  "normals.full.inlier_30": {
    "mean": 0.11713860420193645,
    "std": 0.010490769629307032,
    "median": 0.11793681979179382,
    "min": 0.06771436333656311,
    "max": 0.1666380614042282,
    "count": 12240
  },
  "normals.building.angular_mean": {
    "mean": 80.807822109595,
    "std": 6.623248989038187,
    "median": 81.17019653320312,
    "min": 6.411181926727295,
    "max": 173.76992797851562,
    "count": 8539
  },
  "normals.building.angular_median": {
    "mean": 84.99768241907341,
    "std": 6.593349421237574,
    "median": 85.38200378417969,
    "min": 2.2017600536346436,
    "max": 169.99530029296875,
    "count": 8539
  },
  "normals.building.inlier_11_25": {
    "mean": 0.06447261782211564,
    "std": 0.05232540763706784,
    "median": 0.0503089539706707,
    "min": 0.0,
    "max": 1.0,
    "count": 8539
  },
  "normals.building.inlier_22_5": {
    "mean": 0.13721769595066516,
    "std": 0.06256938113931343,
    "median": 0.12310437113046646,
    "min": 0.0,
    "max": 1.0,
    "count": 8539
  },
  "normals.building.inlier_30": {
    "mean": 0.17498901864095592,
    "std": 0.06080700866176654,
    "median": 0.16349950432777405,
    "min": 0.0,
    "max": 1.0,
    "count": 8539
  },
  "planarity.building.residual_mean": {
    "mean": 0.37884199701800103,
    "std": 0.298766915625477,
    "median": 0.3721524327993393,
    "min": 0.009383353404700756,
    "max": 18.33452606201172,
    "count": 8134
  },
  "planarity.building.residual_median": {
    "mean": 0.35300026181283795,