{
  "depth.full.mae": {
    "mean": 3.5850693789426407,
    "std": 1.2426539216770558,
    "median": 3.687031865119934,
    "min": 0.5335099697113037,
    "max": 9.20847225189209,
    "count": 12240
  },
  "depth.full.rmse": {
    "mean": 6.546254337077437,
    "std": 2.140081909139401,
    "median": 6.904863595962524,
    "min": 0.7623373866081238,
    "max": 15.068120002746582,
    "count": 12240
  },
  "depth.full.abs_rel": {
    "mean": 0.2722098488241945,
    "std": 0.15627195910659153,
    "median": 0.2262490689754486,
    "min": 0.03773156926035881,
    "max": 0.9972474575042725,
    "count": 12240
  },
  "depth.full.sq_rel": {
    "mean": 3.054719818399586,
    "std": 2.4788111794130177,
    "median": 2.3864468336105347,
    "min": 0.04670531675219536,
    "max": 24.863611221313477,
    "count": 12240
  },
  "depth.full.delta1": {
    "mean": 0.6925759666410634,
    "std": 0.18382431959243858,
    "median": 0.7384615838527679,
    "min": 0.19181601703166962,
    "max": 0.993939220905304,
    "count": 12240
  },
  "depth.full.delta2": {
    "mean": 0.8841945235927899,
    "std": 0.07524038174570077,
    "median": 0.895382285118103,
    "min": 0.4707467555999756,
    "max": 0.999826192855835,
    "count": 12240
  },
  "depth.full.delta3": {
    "mean": 0.9419771304025369,
    "std": 0.04567799077664097,
    "median": 0.952362447977066,
    "min": 0.7483131289482117,
    "max": 1.0,
    "count": 12240
  },
  "depth.full.rmse_log": {
    "mean": 0.32430283500861645,
    "std": 0.12869268487531835,
    "median": 0.3050839900970459,
    "min": 0.05981308966875076,
    "max": 0.7028077244758606,
    "count": 12240
  },
  "depth.full.si_log": {
    "mean": 0.32103020089185413,
    "std": 0.1288616071905756,
    "median": 0.30103741586208344,
    "min": 0.05978190153837204,
    "max": 0.7026492953300476,
    "count": 12240
  },
  "depth.building.mae": {
    "mean": 9.757479515922672,
    "std": 5.292679424017094,
    "median": 9.2222900390625,
    "min": 0.022671222686767578,
    "max": 51.761566162109375,
    "count": 8539
  },
  "depth.building.rmse": {
    "mean": 11.998937356692243,
    "std": 5.858846657713412,
    "median": 11.651707649230957,
    "min": 0.030549928545951843,
    "max": 51.797332763671875,
    "count": 8539
  },
  "depth.building.abs_rel": {
    "mean": 0.8527855743939255,
    "std": 1.1643907050514348,
    "median": 0.5376770496368408,
    "min": 0.0017892768373712897,
    "max": 38.28081512451172,
    "count": 8539
  },
  "depth.building.sq_rel": {
    "mean": 14.574232326184223,
    "std": 24.64928779130615,
    "median": 8.121712684631348,
    "min": 7.365852798102424e-05,
    "max": 680.87060546875,
    "count": 8539
  },
  "depth.building.delta1": {
    "mean": 0.38192728943587273,
    "std": 0.23396057746307766,
    "median": 0.34666937589645386,
    "min": 0.0,
    "max": 1.0,
    "count": 8539
  },
  "depth.building.delta2": {
    "mean": 0.6232862450306611,
    "std": 0.25602943147242496,
    "median": 0.648101270198822,
    "min": 0.0,
    "max": 1.0,
    "count": 8539
  },
  "depth.building.delta3": {
    "mean": 0.7644332989127665,
    "std": 0.22634211820467728,
    "median": 0.818965494632721,
    "min": 0.0,
    "max": 1.0,
    "count": 8539
  },
  "depth.building.rmse_log": {
    "mean": 0.5965972968468461,
    "std": 0.32634550638572607,
    "median": 0.5395587086677551,
    "min": 0.002406639978289604,
    "max": 3.595562696456909,
    "count": 8539
  },
  "depth.building.si_log": {
    "mean": 0.4732736903106842,
    "std": 0.230518083884518,
    "median": 0.4606141448020935,
    "min": 0.0,
    "max": 1.6836731433868408,
    "count": 8539
  },
  "depth.non_building.mae": {
    "mean": 3.3965531130899596,
    "std": 1.2519191796589288,
    "median": 3.4451305866241455,
    "min": 0.3336031138896942,
    "max": 9.20847225189209,
    "count": 12240
  },
  "depth.non_building.rmse": {
    "mean": 6.274567172613019,
    "std": 2.170402189758675,
    "median": 6.604893207550049,
    "min": 0.5170819759368896,
    "max": 15.068120002746582,
    "count": 12240
  },
  "depth.non_building.abs_rel": {
    "mean": 0.25709327282871003,
    "std": 0.14664643082925993,
    "median": 0.2154250517487526,
    "min": 0.03773156926035881,
    "max": 0.9214601516723633,
    "count": 12240
  },
  "depth.non_building.sq_rel": {
    "mean": 2.7697951494430013,
    "std": 2.342946533659472,
    "median": 2.1138789653778076,
    "min": 0.028766412287950516,
    "max": 19.832035064697266,
    "count": 12240
  },
  "depth.non_building.delta1": {
    "mean": 0.7032447616478392,
    "std": 0.18499375081245129,
    "median": 0.7512432932853699,
    "min": 0.18570376932621002,
    "max": 0.99615478515625,
    "count": 12240
  },
  "depth.non_building.delta2": {
    "mean": 0.8925238309635056,
    "std": 0.07129264346144232,
    "median": 0.9034630060195923,
    "min": 0.4714124798774719,
    "max": 1.0,
    "count": 12240
  },
  "depth.non_building.delta3": {
    "mean": 0.9470994783285397,
    "std": 0.042619030593025437,
    "median": 0.9571533501148224,
    "min": 0.7483131289482117,
    "max": 1.0,
    "count": 12240
  },
  "depth.non_building.rmse_log": {
    "mean": 0.3115041424578141,
    "std": 0.12427259624971891,
    "median": 0.29410047829151154,
    "min": 0.05627184733748436,
    "max": 0.677854061126709,
    "count": 12240
  },
  "depth.non_building.si_log": {
    "mean": 0.30746645061847044,
    "std": 0.12435274324433034,
    "median": 0.2897600382566452,
    "min": 0.05366873741149902,
    "max": 0.6757684350013733,
    "count": 12240
  },
  "normals.full.angular_mean": {
    "mean": 93.51768928290971,
    "std": 1.9448386254074064,
    "median": 93.7791976928711,
    "min": 80.61954498291016,
    "max": 100.3217544555664,
    "count": 12240
  },
  "normals.full.angular_median": {
    "mean": 87.01186868318545,
    "std": 0.9933771953264648,
    "median": 87.13232040405273,
    "min": 76.11299133300781,
    "max": 90.0,
    "count": 12240
  },
  "normals.full.inlier_11_25": {
    "mean": 0.04613582709095794,
    "std": 0.012539456699464864,
    "median": 0.04751030169427395,
    "min": 0.006643535569310188,
    "max": 0.09343071281909943,
    "count": 12240
  },
  "normals.full.inlier_22_5": {
    "mean": 0.09616011919094603,
    "std": 0.01256248049574091,
    "median": 0.09771938621997833,
    "min": 0.03545084223151207,
    "max": 0.14352691173553467,
    "count": 12240
  },
  "normals.full.inlier_30": {
    "mean": 0.11810269251867545,
    "std": 0.010729438228926177,
    "median": 0.11902312561869621,
    "min": 0.06658253818750381,
    "max": 0.165680930018425,
    "count": 12240
  },
  "normals.building.angular_mean": {
    "mean": 81.25097580918775,
    "std": 6.766759524334793,
    "median": 81.674560546875,
    "min": 8.232979774475098,
    "max": 174.51327514648438,
    "count": 8539
  },
  "normals.building.angular_median": {
    "mean": 85.06236926508893,
    "std": 6.594595325900394,
    "median": 85.42817687988281,
    "min": 2.080836772918701,
    "max": 171.90252685546875,
    "count": 8539
  },
  "normals.building.inlier_11_25": {
    "mean": 0.06707409644623594,
    "std": 0.05613537117147469,
    "median": 0.05068426951766014,
    "min": 0.0,
    "max": 1.0,
    "count": 8539
  },
  "normals.building.inlier_22_5": {
    "mean": 0.13626729618580838,
    "std": 0.06431019567507348,
    "median": 0.12184249609708786,
    "min": 0.0,
    "max": 1.0,
    "count": 8539
  },
  "normals.building.inlier_30": {
    "mean": 0.17225047501877502,
    "std": 0.061491348807173385,
    "median": 0.16024358570575714,
    "min": 0.0,
    "max": 1.0,
    "count": 8539
  },
  "planarity.building.residual_mean": {
    "mean": 0.3857371985873623,
    "std": 0.3035762175274427,
    "median": 0.38016165792942047,
    "min": 0.008436598815023899,
    "max": 19.6688175201416,
    "count": 8134
  },
  "planarity.building.residual_median": {
    "mean": 0.35860403225797716,
    "std": 0.3042836373174627,