{
  "depth.full.mae": {
    "mean": 3.578044709572995,
    "std": 1.2359879253415993,
    "median": 3.6836131811141968,
    "min": 0.5434648990631104,
    "max": 9.213005065917969,
    "count": 12240
  },
  "depth.full.rmse": {
    "mean": 6.537448069277931,
    "std": 2.1312436497803313,
    "median": 6.893531799316406,
    "min": 0.7890175580978394,
    "max": 15.030861854553223,
    "count": 12240
  },
  "depth.full.abs_rel": {
    "mean": 0.27118123824604684,
    "std": 0.15460165415971475,
    "median": 0.22667741030454636,
    "min": 0.03630291298031807,
    "max": 0.9877643585205078,
    "count": 12240
  },
  "depth.full.sq_rel": {
    "mean": 3.028321156199121,
    "std": 2.4483850874654496,
    "median": 2.3756383657455444,
    "min": 0.048116203397512436,
    "max": 24.60009002685547,
    "count": 12240
  },
  "depth.full.delta1": {
    "mean": 0.6917707806416586,
    "std": 0.18527723234290958,
    "median": 0.7387801110744476,
    "min": 0.1935035139322281,
    "max": 0.9941185116767883,
    "count": 12240
  },
  "depth.full.delta2": {
    "mean": 0.8847408333099356,
    "std": 0.07455453029355139,
    "median": 0.8957489132881165,
    "min": 0.47904151678085327,
    "max": 0.9998654723167419,
    "count": 12240
  },
  "depth.full.delta3": {
    "mean": 0.9423675841901427,
    "std": 0.04519605317582692,
    "median": 0.9525345861911774,
    "min": 0.7485008239746094,
    "max": 1.0,
    "count": 12240
  },
  "depth.full.rmse_log": {
    "mean": 0.32360365613838477,
    "std": 0.12776415027197258,
    "median": 0.30470189452171326,
    "min": 0.06068204343318939,
    "max": 0.6987688541412354,
    "count": 12240
  },
  "depth.full.si_log": {
    "mean": 0.32024101895627144,
    "std": 0.1279059025369754,
    "median": 0.3007752299308777,
    "min": 0.06057775393128395,
    "max": 0.6985222101211548,
    "count": 12240
  },
  "depth.building.mae": {
    "mean": 9.681372866762203,
    "std": 5.291059354127058,
    "median": 9.124629974365234,
    "min": 0.049680233001708984,
    "max": 51.678436279296875,
    "count": 8539
  },
  "depth.building.rmse": {
    "mean": 11.941859714899334,
    "std": 5.869778017999031,
    "median": 11.597259521484375,
    "min": 0.056408945471048355,
    "max": 51.716224670410156,
    "count": 8539
  },
  "depth.building.abs_rel": {
    "mean": 0.831495029377244,
    "std": 1.1206539336518708,
    "median": 0.5293591618537903,
    "min": 0.0039209043607115746,
    "max": 36.18732833862305,
    "count": 8539
  },
  "depth.building.sq_rel": {
    "mean": 14.162547446601593,
    "std": 23.772033359310452,
    "median": 7.9465413093566895,
    "min": 0.00025112999719567597,
    "max": 626.427001953125,
    "count": 8539
  },
  "depth.building.delta1": {
    "mean": 0.38473791400313556,
    "std": 0.23153259982127689,
    "median": 0.34862998127937317,
    "min": 0.0,
    "max": 1.0,
    "count": 8539
  },
  "depth.building.delta2": {
    "mean": 0.6280477264753866,
    "std": 0.2522585849147636,
    "median": 0.6520484685897827,
    "min": 0.0,
    "max": 1.0,
    "count": 8539
  },
  "depth.building.delta3": {
    "mean": 0.7691473554971043,
    "std": 0.22134761942423473,
    "median": 0.8220946788787842,
    "min": 0.0,
    "max": 1.0,
    "count": 8539
  },
  "depth.building.rmse_log": {
    "mean": 0.5905844438634028,
    "std": 0.3198750738926316,
    "median": 0.5368569493293762,
    "min": 0.00443933205679059,
    "max": 3.535224437713623,
    "count": 8539
  },
  "depth.building.si_log": {
    "mean": 0.4722611675968348,
    "std": 0.22873166159258795,
    "median": 0.45971566438674927,
    "min": 0.0,
    "max": 1.683250069618225,
    "count": 8539
  },
  "depth.non_building.mae": {
    "mean": 3.3906206677552144,
    "std": 1.245965723387727,
    "median": 3.4413903951644897,
    "min": 0.3392975330352783,
    "max": 9.213005065917969,
    "count": 12240
  },
  "depth.non_building.rmse": {
    "mean": 6.26642115824655,
    "std": 2.162046158664883,
    "median": 6.594537973403931,
    "min": 0.5307199954986572,
    "max": 15.030861854553223,
    "count": 12240
  },
  "depth.non_building.abs_rel": {
    "mean": 0.25644001186569676,
    "std": 0.14534720135730217,
    "median": 0.21586906909942627,
    "min": 0.03630291298031807,
    "max": 0.9145174026489258,
    "count": 12240
  },
  "depth.non_building.sq_rel": {
    "mean": 2.7497349276344347,
    "std": 2.3173367447835083,
    "median": 2.1052510738372803,
    "min": 0.02932688593864441,
    "max": 19.633087158203125,
    "count": 12240
  },
  "depth.non_building.delta1": {
    "mean": 0.7023630316095317,
    "std": 0.18662546162655058,
    "median": 0.7516416609287262,
    "min": 0.17334173619747162,
    "max": 0.9962517023086548,
    "count": 12240
  },
  "depth.non_building.delta2": {
    "mean": 0.893015319038353,
    "std": 0.07071449026178592,
    "median": 0.903769463300705,
    "min": 0.47974535822868347,
    "max": 0.9999999403953552,
    "count": 12240
  },
  "depth.non_building.delta3": {
    "mean": 0.9474078595346096,
    "std": 0.04223143893372962,
    "median": 0.9573798775672913,
    "min": 0.7485008239746094,
    "max": 1.0,
    "count": 12240
  },
  "depth.non_building.rmse_log": {
    "mean": 0.3109941797744897,
    "std": 0.12353484126001293,
    "median": 0.2940194755792618,
    "min": 0.056727420538663864,
    "max": 0.6739087700843811,
    "count": 12240
  },
  "depth.non_building.si_log": {
    "mean": 0.3068448231022902,
    "std": 0.12359016873211613,
    "median": 0.28962258994579315,
    "min": 0.05495158210396767,
    "max": 0.6715975999832153,
    "count": 12240
  },
  "normals.full.angular_mean": {
    "mean": 93.54352874880523,
    "std": 1.952132860401999,
    "median": 93.80185317993164,
    "min": 80.5771713256836,
    "max": 100.33748626708984,
    "count": 12240
  },
  "normals.full.angular_median": {
    "mean": 87.06592343024958,
    "std": 0.9830085210249447,
    "median": 87.18310546875,
    "min": 76.18722534179688,
    "max": 90.0,
    "count": 12240
  },
  "normals.full.inlier_11_25": {
    "mean": 0.04671652024795204,
    "std": 0.012554709624967247,
    "median": 0.04810212552547455,
    "min": 0.006952384486794472,
    "max": 0.09406682848930359,
    "count": 12240
  },
  "normals.full.inlier_22_5": {
    "mean": 0.09661393443311206,
    "std": 0.012470076573357747,
    "median": 0.09815356507897377,
    "min": 0.03586064279079437,
    "max": 0.14415517449378967,
    "count": 12240
  },
  "normals.full.inlier_30": {
    "mean": 0.11843248719191239,
    "std": 0.01067671223993911,
    "median": 0.11932598799467087,
    "min": 0.06690777838230133,
    "max": 0.16597282886505127,
    "count": 12240
  },
  "normals.building.angular_mean": {
    "mean": 81.17971318398277,
    "std": 6.75168279357835,
    "median": 81.6236343383789,
    "min": 7.622500419616699,
    "max": 174.5882568359375,
    "count": 8539
  },
  "normals.building.angular_median": {
    "mean": 85.13969997651041,
    "std": 6.530821891537234,
    "median": 85.52250671386719,
    "min": 3.276141405105591,
    "max": 171.84481811523438,
    "count": 8539
  },
  "normals.building.inlier_11_25": {
    "mean": 0.06836869632744273,
    "std": 0.05678100385963822,
    "median": 0.05198647454380989,
    "min": 0.0,
    "max": 1.0,
    "count": 8539
  },
  "normals.building.inlier_22_5": {
    "mean": 0.1376383037000763,
    "std": 0.06462229621760605,
    "median": 0.12294520437717438,
    "min": 0.0,
    "max": 1.0,
    "count": 8539
  },
  "normals.building.inlier_30": {
    "mean": 0.17351393424930375,
    "std": 0.061745711832632375,
    "median": 0.16158774495124817,
    "min": 0.0,
    "max": 1.0,
    "count": 8539
  },
  "planarity.building.residual_mean": {
    "mean": 0.38167518671104633,
    "std": 0.301378584681594,
    "median": 0.37592415511608124,
    "min": 0.008314685896039009,
    "max": 19.602571487426758,
    "count": 8134
  },
  "planarity.building.residual_median": {
    "mean": 0.3543719816709064,