{
  "depth.full.mae": {
    "mean": 3.766811405752901,
    "std": 1.2790748234309768,
    "median": 3.8055546283721924,
    "min": 0.459479421377182,
    "max": 8.614383697509766,
    "count": 12240
  },
  "depth.full.rmse": {
    "mean": 6.73616403560915,
    "std": 2.1238831111452128,
    "median": 7.059530735015869,
    "min": 0.565953254699707,
    "max": 14.77303409576416,
    "count": 12240
  },
  "depth.full.abs_rel": {
    "mean": 0.302047189455662,
    "std": 0.1815575129271813,
    "median": 0.23960238695144653,
    "min": 0.050174470990896225,
    "max": 1.100542664527893,
    "count": 12240
  },
  "depth.full.sq_rel": {
    "mean": 3.4760536444580388,
    "std": 2.8250537822774286,
    "median": 2.648058533668518,
    "min": 0.05224979296326637,
    "max": 25.569475173950195,
    "count": 12240
  },
  "depth.full.delta1": {
    "mean": 0.6673824386999888,
    "std": 0.19911932224430867,
    "median": 0.729224443435669,
    "min": 0.15802989900112152,
    "max": 0.9902327656745911,
    "count": 12240
  },
  "depth.full.delta2": {
    "mean": 0.8746396182531041,
    "std": 0.08668922066343268,
    "median": 0.8917184770107269,
    "min": 0.35420724749565125,
    "max": 1.0,
    "count": 12240
  },
  "depth.full.delta3": {
    "mean": 0.9354129944605375,
    "std": 0.05198488929400718,
    "median": 0.9485302269458771,
    "min": 0.723446786403656,
    "max": 1.0,
    "count": 12240
  },
  "depth.full.rmse_log": {
    "mean": 0.3437770077952616,
    "std": 0.14071347797109204,
    "median": 0.3153262585401535,
    "min": 0.07071416079998016,
    "max": 0.754389226436615,
    "count": 12240
  },
  "depth.full.si_log": {
    "mean": 0.3402776094433529,
    "std": 0.14168045729333878,
    "median": 0.31187179684638977,
    "min": 0.07061377912759781,
    "max": 0.7542127966880798,
    "count": 12240
  },
  "depth.building.mae": {
    "mean": 10.851920012135544,
    "std": 5.3462409507877835,
    "median": 10.32433795928955,
    "min": 0.15527915954589844,
    "max": 54.31879806518555,
    "count": 8539
  },
  "depth.building.rmse": {
    "mean": 12.94217756903448,
    "std": 5.7589222470953345,
    "median": 12.625584602355957,
    "min": 0.1658390909433365,
    "max": 54.33266067504883,
    "count": 8539
  },
  "depth.building.abs_rel": {
    "mean": 1.1116486449252794,
    "std": 1.7663504963991359,
    "median": 0.6191781163215637,
    "min": 0.003480906132608652,
    "max": 64.58502197265625,
    "count": 8539
  },
  "depth.building.sq_rel": {
    "mean": 19.570546570496333,
    "std": 37.64924196448773,
    "median": 10.42219066619873,
    "min": 0.0006165283266454935,
    "max": 1638.9317626953125,
    "count": 8539
  },
  "depth.building.delta1": {
    "mean": 0.3483182783432797,
    "std": 0.23386699938284594,
    "median": 0.3224055767059326,
    "min": 0.0,
    "max": 1.0,
    "count": 8539
  },
  "depth.building.delta2": {
    "mean": 0.5733364935277661,
    "std": 0.28633631675342297,
    "median": 0.6094092130661011,
    "min": 0.0,
    "max": 1.0,
    "count": 8539
  },
  "depth.building.delta3": {
    "mean": 0.7094828079908101,
    "std": 0.275349678332008,
    "median": 0.7869058847427368,
    "min": 0.0,
    "max": 1.0,
    "count": 8539
  },
  "depth.building.rmse_log": {
    "mean": 0.6728116834657477,
    "std": 0.3965708702571841,
    "median": 0.5866134762763977,
    "min": 0.003724117763340473,
    "max": 4.143544673919678,
    "count": 8539
  },
  "depth.building.si_log": {
    "mean": 0.4958851262025106,
    "std": 0.2525499691850819,
    "median": 0.4727863371372223,
    "min": 0.0,
    "max": 1.693556308746338,
    "count": 8539
  },
  "depth.non_building.mae": {
    "mean": 3.558057632747721,
    "std": 1.2873195034691656,
    "median": 3.553094983100891,
    "min": 0.3789297044277191,
    "max": 8.614383697509766,
    "count": 12240
  },
  "depth.non_building.rmse": {
    "mean": 6.438280352093036,
    "std": 2.1588384433006986,
    "median": 6.714200019836426,
    "min": 0.5337779521942139,
    "max": 14.77303409576416,
    "count": 12240
  },
  "depth.non_building.abs_rel": {
    "mean": 0.2825221578648399,
    "std": 0.16768772269799911,
    "median": 0.22758055478334427,
    "min": 0.04411990940570831,
    "max": 0.9863147139549255,
    "count": 12240
  },
  "depth.non_building.sq_rel": {
    "mean": 3.110978045288376,
    "std": 2.6300960843952756,
    "median": 2.322335720062256,
    "min": 0.04359327629208565,
    "max": 20.574588775634766,
    "count": 12240
  },
  "depth.non_building.delta1": {
    "mean": 0.677301181716467,
    "std": 0.20095572611020532,
    "median": 0.7411259412765503,
    "min": 0.1600375920534134,
    "max": 0.9902327656745911,
    "count": 12240
  },
  "depth.non_building.delta2": {
    "mean": 0.8838091428251633,
    "std": 0.0822466353482637,
    "median": 0.8998034000396729,
    "min": 0.3581736981868744,
    "max": 1.0,
    "count": 12240
  },
  "depth.non_building.delta3": {
    "mean": 0.9417475894629176,
    "std": 0.047844540895693836,
    "median": 0.953920841217041,
    "min": 0.7308383584022522,
    "max": 1.0,
    "count": 12240
  },
  "depth.non_building.rmse_log": {
    "mean": 0.3287759101736584,
    "std": 0.13445342714310812,
    "median": 0.3031668961048126,
    "min": 0.06812603771686554,
    "max": 0.7404471039772034,
    "count": 12240
  },
  "depth.non_building.si_log": {
    "mean": 0.3243491467958913,
    "std": 0.13514305587396988,
    "median": 0.29936492443084717,
    "min": 0.06418896466493607,
    "max": 0.7353797554969788,
    "count": 12240
  },
  "normals.full.angular_mean": {
    "mean": 92.71595564885857,
    "std": 1.642264551481039,
    "median": 92.91935348510742,
    "min": 80.31165313720703,
    "max": 99.1902084350586,
    "count": 12240
  },
  "normals.full.angular_median": {
    "mean": 87.09390276241926,
    "std": 1.0340354172260724,
    "median": 87.23395919799805,
    "min": 74.3204345703125,
    "max": 90.0,
    "count": 12240
  },
  "normals.full.inlier_11_25": {
    "mean": 0.044725423580715795,
    "std": 0.011436035948866162,
    "median": 0.04604225046932697,
    "min": 0.0070944782346487045,
    "max": 0.08874229341745377,
    "count": 12240
  },
  "normals.full.inlier_22_5": {
    "mean": 0.09279631602675259,
    "std": 0.012116189133030017,
    "median": 0.09448082372546196,
    "min": 0.03486541658639908,
    "max": 0.14025993645191193,
    "count": 12240
  },
  "normals.full.inlier_30": {
    "mean": 0.11659784506385525,
    "std": 0.010499981800538719,
    "median": 0.11760834231972694,
    "min": 0.06575644016265869,
    "max": 0.1666380614042282,
    "count": 12240
  },
  "normals.building.angular_mean": {
    "mean": 81.20600861628562,
    "std": 6.811755609081946,
    "median": 81.30567932128906,
    "min": 9.777694702148438,
    "max": 173.96868896484375,
    "count": 8539
  },
  "normals.building.angular_median": {
    "mean": 84.82161103639045,
    "std": 6.530352604706847,
    "median": 85.13347625732422,
    "min": 3.7929728031158447,
    "max": 176.8598175048828,
    "count": 8539
  },
  "normals.building.inlier_11_25": {
    "mean": 0.055517395718663896,
    "std": 0.04440747424472092,
    "median": 0.04446054622530937,
    "min": 0.0,
    "max": 0.6666666865348816,
    "count": 8539
  },
  "normals.building.inlier_22_5": {
    "mean": 0.12697388775861984,
    "std": 0.05726718621832348,
    "median": 0.11598646640777588,
    "min": 0.0,
    "max": 1.0,
    "count": 8539
  },
  "normals.building.inlier_30": {
    "mean": 0.16634694063055064,
    "std": 0.05712630724184455,
    "median": 0.15763068199157715,
    "min": 0.0,
    "max": 1.0,
    "count": 8539
  },
  "planarity.building.residual_mean": {
    "mean": 0.4383001362760983,
    "std": 0.37053538927074386,
    "median": 0.42818084359169006,
    "min": 0.005064342636615038,
    "max": 22.237125396728516,
    "count": 8134
  },
  "planarity.building.residual_median": {
    "mean": 0.40163302128387557,
    "std": 0.37255995469851816,