{
  "depth.full.mae": {
    "mean": 3.615405819063483,
    "std": 1.2376383981800165,
    "median": 3.6987717151641846,
    "min": 0.5718362927436829,
    "max": 8.78417682647705,
    "count": 12240
  },
  "depth.full.rmse": {
    "mean": 6.579385886131938,
    "std": 2.1210374062750295,
    "median": 6.907048225402832,
    "min": 0.7811097502708435,
    "max": 14.498801231384277,
    "count": 12240
  },
  "depth.full.abs_rel": {
    "mean": 0.2799098993231561,
    "std": 0.16107243961647918,
    "median": 0.23175641149282455,
    "min": 0.03899279981851578,
    "max": 1.0229934453964233,
    "count": 12240
  },
  "depth.full.sq_rel": {
    "mean": 3.1873339034117807,
    "std": 2.588139050302932,
    "median": 2.4762080907821655,
    "min": 0.058918967843055725,
    "max": 25.55536460876465,
    "count": 12240
  },
  "depth.full.delta1": {
    "mean": 0.6857011549028695,
    "std": 0.19039573861962886,
    "median": 0.7387597262859344,
    "min": 0.1850845068693161,
    "max": 0.9930207133293152,
    "count": 12240
  },
  "depth.full.delta2": {
    "mean": 0.8834925858608258,
    "std": 0.07603964233796388,
    "median": 0.8957705497741699,
    "min": 0.4510009288787842,
    "max": 0.9998133182525635,
    "count": 12240
  },
  "depth.full.delta3": {
    "mean": 0.940872062270353,
    "std": 0.04642200314378018,
    "median": 0.951545238494873,
    "min": 0.7454450726509094,
    "max": 1.0,
    "count": 12240
  },
  "depth.full.rmse_log": {
    "mean": 0.3285017497496667,
    "std": 0.13049015182219117,
    "median": 0.3070451021194458,
    "min": 0.06542830914258957,
    "max": 0.7098709344863892,
    "count": 12240
  },
  "depth.full.si_log": {
    "mean": 0.3251952363579881,
    "std": 0.13080397700090127,
    "median": 0.30356645584106445,
    "min": 0.06474058330059052,
    "max": 0.7098029851913452,
    "count": 12240
  },
  "depth.building.mae": {
    "mean": 9.94705645722058,
    "std": 5.280451290521117,
    "median": 9.374913215637207,
    "min": 0.3738265037536621,
    "max": 52.904232025146484,
    "count": 8539
  },
  "depth.building.rmse": {
    "mean": 12.179682842799911,
    "std": 5.841110833418972,
    "median": 11.826406478881836,
    "min": 0.37744662165641785,
    "max": 52.92720031738281,
    "count": 8539
  },
  "depth.building.abs_rel": {
    "mean": 0.8982608625595504,
    "std": 1.2594385893558064,
    "median": 0.558914065361023,
    "min": 0.012464492581784725,
    "max": 43.71812057495117,
    "count": 8539
  },
  "depth.building.sq_rel": {
    "mean": 15.393649151366382,
    "std": 26.260420846569232,
    "median": 8.580554962158203,
    "min": 0.008364101871848106,
    "max": 837.1937866210938,
    "count": 8539
  },
  "depth.building.delta1": {
    "mean": 0.37455239989802835,
    "std": 0.23412424230254644,
    "median": 0.34450653195381165,
    "min": 0.0,
    "max": 1.0,
    "count": 8539
  },
  "depth.building.delta2": {
    "mean": 0.6121519501418633,
    "std": 0.26293804828787803,
    "median": 0.6401816606521606,
    "min": 0.0,
    "max": 1.0,
    "count": 8539
  },
  "depth.building.delta3": {
    "mean": 0.7526501057265591,
    "std": 0.23573769849330928,
    "median": 0.8126980066299438,
    "min": 0.0,
    "max": 1.0,
    "count": 8539
  },
  "depth.building.rmse_log": {
    "mean": 0.6113817477397012,
    "std": 0.3373889646384103,
    "median": 0.5497784614562988,
    "min": 0.013808922842144966,
    "max": 3.738532543182373,
    "count": 8539
  },
  "depth.building.si_log": {
    "mean": 0.4754267129787896,
    "std": 0.2318951894742715,
    "median": 0.46051278710365295,
    "min": 0.0,
    "max": 1.683347463607788,
    "count": 8539
  },
  "depth.non_building.mae": {
    "mean": 3.4223085588002515,
    "std": 1.249746560856564,
    "median": 3.455091953277588,
    "min": 0.3579244017601013,
    "max": 8.78417682647705,
    "count": 12240
  },
  "depth.non_building.rmse": {
    "mean": 6.298819749714697,
    "std": 2.158215706022921,
    "median": 6.602591514587402,
    "min": 0.5453794598579407,
    "max": 14.498801231384277,
    "count": 12240
  },
  "depth.non_building.abs_rel": {
    "mean": 0.26388385458818936,
    "std": 0.15079702873556192,
    "median": 0.22064193338155746,
    "min": 0.03899291902780533,
    "max": 0.9385120272636414,
    "count": 12240
  },
  "depth.non_building.sq_rel": {
    "mean": 2.884541794982757,
    "std": 2.4471308295101637,
    "median": 2.1971280574798584,
    "min": 0.032596345990896225,
    "max": 20.27080535888672,
    "count": 12240
  },
  "depth.non_building.delta1": {
    "mean": 0.696150935513083,
    "std": 0.1919455963112973,
    "median": 0.751033753156662,
    "min": 0.1862294226884842,
    "max": 0.9954007863998413,
    "count": 12240
  },
  "depth.non_building.delta2": {
    "mean": 0.8921113788935484,
    "std": 0.07195182360764509,
    "median": 0.9037342667579651,
    "min": 0.45116934180259705,
    "max": 0.9999735355377197,
    "count": 12240
  },
  "depth.non_building.delta3": {
    "mean": 0.946280895641037,
    "std": 0.04316102954791837,
    "median": 0.9565413594245911,
    "min": 0.7454450726509094,
    "max": 1.0,
    "count": 12240
  },
  "depth.non_building.rmse_log": {
    "mean": 0.3151957142985505,
    "std": 0.12582418445421445,
    "median": 0.29636815190315247,
    "min": 0.06023234874010086,
    "max": 0.6849350929260254,
    "count": 12240
  },
  "depth.non_building.si_log": {
    "mean": 0.311072910079136,
    "std": 0.12605708617488232,
    "median": 0.2922327071428299,
    "min": 0.05854453518986702,
    "max": 0.6837929487228394,
    "count": 12240
  },
  "normals.full.angular_mean": {
    "mean": 93.50080381530562,
    "std": 1.860750544874787,
    "median": 93.7355728149414,
    "min": 80.79610443115234,
    "max": 100.05360412597656,
    "count": 12240
  },
  "normals.full.angular_median": {
    "mean": 87.20186956318375,
    "std": 0.9795433614966936,
    "median": 87.31021881103516,
    "min": 76.09410095214844,
    "max": 90.05806732177734,
    "count": 12240
  },
  "normals.full.inlier_11_25": {
    "mean": 0.04610304313843455,
    "std": 0.01196988096484008,
    "median": 0.04743027128279209,
    "min": 0.0072743757627904415,
    "max": 0.09088624268770218,
    "count": 12240
  },
  "normals.full.inlier_22_5": {
    "mean": 0.0952272367898034,
    "std": 0.011926800341952242,
    "median": 0.0965871661901474,
    "min": 0.036673735827207565,
    "max": 0.14139866828918457,
    "count": 12240
  },
  "normals.full.inlier_30": {
    "mean": 0.11787896528474841,
    "std": 0.010328637461400267,
    "median": 0.11863154917955399,
    "min": 0.0677269697189331,
    "max": 0.16544406116008759,
    "count": 12240
  },
  "normals.building.angular_mean": {
    "mean": 81.22839744667047,
    "std": 6.7697901565256675,
    "median": 81.63996887207031,
    "min": 7.668510437011719,
    "max": 174.33978271484375,
    "count": 8539
  },
  "normals.building.angular_median": {
    "mean": 85.22959789767424,
    "std": 6.549796189705472,
    "median": 85.57927703857422,
    "min": 2.2913200855255127,
    "max": 170.47286987304688,
    "count": 8539
  },
  "normals.building.inlier_11_25": {
    "mean": 0.0665584554676425,
    "std": 0.05436546952281908,
    "median": 0.051223378628492355,
    "min": 0.0,
    "max": 1.0,
    "count": 8539
  },
  "normals.building.inlier_22_5": {
    "mean": 0.13707785741885767,
    "std": 0.06363657028961821,
    "median": 0.12263329327106476,
    "min": 0.0,
    "max": 1.0,
    "count": 8539
  },
  "normals.building.inlier_30": {
    "mean": 0.17362896119079596,
    "std": 0.06080402715966009,
    "median": 0.16170422732830048,
    "min": 0.0,
    "max": 1.0,
    "count": 8539
  },
  "planarity.building.residual_mean": {
    "mean": 0.40004128029016733,
    "std": 0.3225187439233698,
    "median": 0.3954724371433258,
    "min": 0.008752912282943726,
    "max": 21.013999938964844,
    "count": 8134
  },
  "planarity.building.residual_median": {
    "mean": 0.3734421491610788,