{
  "depth.full.mae": {
    "mean": 3.578511477777966,
    "std": 1.2349958375888992,
    "median": 3.6841827630996704,
    "min": 0.5497329831123352,
    "max": 9.207329750061035,
    "count": 12240
  },
  "depth.full.rmse": {
    "mean": 6.538963401950652,
    "std": 2.129685283242289,
    "median": 6.896825075149536,
    "min": 0.7888891696929932,
    "max": 15.032417297363281,
    "count": 12240
  },
  "depth.full.abs_rel": {
    "mean": 0.27110466747605577,
    "std": 0.15444405755601331,
    "median": 0.22673482447862625,
    "min": 0.036437563598155975,
    "max": 0.9873359799385071,
    "count": 12240
  },
  "depth.full.sq_rel": {
    "mean": 3.0218831262386896,
    "std": 2.439854883558332,
    "median": 2.3740636110305786,
    "min": 0.048924170434474945,
    "max": 24.4625301361084,
    "count": 12240
  },
  "depth.full.delta1": {
    "mean": 0.6915114532705713,
    "std": 0.18534504816829223,
    "median": 0.7385692298412323,
    "min": 0.1934552937746048,
    "max": 0.9940357208251953,
    "count": 12240
  },
  "depth.full.delta2": {
    "mean": 0.8846350729660271,
    "std": 0.07452813088690652,
    "median": 0.8956566154956818,
    "min": 0.48064059019088745,
    "max": 0.9998587369918823,
    "count": 12240
  },
  "depth.full.delta3": {
    "mean": 0.9423209026066306,
    "std": 0.04520685816716125,
    "median": 0.9524780213832855,
    "min": 0.7483652830123901,
    "max": 1.0,
    "count": 12240
  },
  "depth.full.rmse_log": {
    "mean": 0.32365520812960624,
    "std": 0.12767423036912143,
    "median": 0.3049377501010895,
    "min": 0.06108580529689789,
    "max": 0.6983629465103149,
    "count": 12240
  },
  "depth.full.si_log": {
    "mean": 0.320281955190429,
    "std": 0.12781454610338483,
    "median": 0.3008430749177933,
    "min": 0.060860347002744675,
    "max": 0.6981195211410522,
    "count": 12240
  },
  "depth.building.mae": {
    "mean": 9.67996748292428,
    "std": 5.293681295421805,
    "median": 9.118927955627441,
    "min": 0.02330613136291504,
    "max": 51.77215576171875,
    "count": 8539
  },
  "depth.building.rmse": {
    "mean": 11.941613594508308,
    "std": 5.873064240126695,
    "median": 11.592010498046875,
    "min": 0.024648070335388184,
    "max": 51.808433532714844,
    "count": 8539
  },
  "depth.building.abs_rel": {
    "mean": 0.829440094275284,
    "std": 1.1185193191081313,
    "median": 0.5279371738433838,
    "min": 0.0018393856007605791,
    "max": 36.318599700927734,
    "count": 8539
  },
  "depth.building.sq_rel": {
    "mean": 14.086500931999364,
    "std": 23.63245794930022,
    "median": 7.927050590515137,
    "min": 4.794777123606764e-05,
    "max": 629.6716918945312,
    "count": 8539
  },
  "depth.building.delta1": {
    "mean": 0.38417460796324443,
    "std": 0.23130665367801873,
    "median": 0.34871795773506165,
    "min": 0.0,
    "max": 1.0,
    "count": 8539
  },
  "depth.building.delta2": {
    "mean": 0.6277929675711729,
    "std": 0.2522284324451627,
    "median": 0.6521008610725403,
    "min": 0.0,
    "max": 1.0,
    "count": 8539
  },
  "depth.building.delta3": {
    "mean": 0.7691367123065115,
    "std": 0.22129125858139861,
    "median": 0.8220946788787842,
    "min": 0.0,
    "max": 1.0,
    "count": 8539
  },
  "depth.building.rmse_log": {
    "mean": 0.5902821363914823,
    "std": 0.31933742566190443,
    "median": 0.5366202592849731,
    "min": 0.0019454685971140862,
    "max": 3.539024829864502,
    "count": 8539
  },
  "depth.building.si_log": {
    "mean": 0.4723542706548551,
    "std": 0.2286876079165712,
    "median": 0.45957207679748535,
    "min": 0.0,
    "max": 1.6833384037017822,
    "count": 8539
  },
  "depth.non_building.mae": {
    "mean": 3.3909455645853788,
    "std": 1.2450698488498038,
    "median": 3.442049264907837,
    "min": 0.34124425053596497,
    "max": 9.207329750061035,
    "count": 12240
  },
  "depth.non_building.rmse": {
    "mean": 6.2677643969752435,
    "std": 2.1605171159499585,
    "median": 6.597372055053711,
    "min": 0.533867359161377,
    "max": 15.032417297363281,
    "count": 12240
  },
  "depth.non_building.abs_rel": {
    "mean": 0.2563869810943169,
    "std": 0.14520063881930437,
    "median": 0.21598487347364426,
    "min": 0.036437563598155975,
    "max": 0.9140241742134094,
    "count": 12240
  },
  "depth.non_building.sq_rel": {
    "mean": 2.7442901046137065,
    "std": 2.3092046700873605,
    "median": 2.1040960550308228,
    "min": 0.029613055288791656,
    "max": 19.574647903442383,
    "count": 12240
  },
  "depth.non_building.delta1": {
    "mean": 0.7021289770497509,
    "std": 0.186712386054652,
    "median": 0.7514740824699402,
    "min": 0.17380426824092865,
    "max": 0.9962301850318909,
    "count": 12240
  },
  "depth.non_building.delta2": {
    "mean": 0.8929222176058424,
    "std": 0.07069131361397171,
    "median": 0.9036647081375122,
    "min": 0.48136380314826965,
    "max": 1.0,
    "count": 12240
  },
  "depth.non_building.delta3": {
    "mean": 0.9473623443906214,
    "std": 0.04224179505620301,
    "median": 0.957360565662384,
    "min": 0.7483652830123901,
    "max": 1.0,
    "count": 12240
  },
  "depth.non_building.rmse_log": {
    "mean": 0.3110514936153016,
    "std": 0.123453281534835,
    "median": 0.2941306084394455,
    "min": 0.05696290731430054,
    "max": 0.6734656095504761,
    "count": 12240
  },
  "depth.non_building.si_log": {
    "mean": 0.3068905691829285,
    "std": 0.12350654646139061,
    "median": 0.2897460460662842,
    "min": 0.055323436856269836,
    "max": 0.6711340546607971,
    "count": 12240
  },
  "normals.full.angular_mean": {
    "mean": 93.5447690508724,
    "std": 1.951905147519646,
    "median": 93.80169296264648,
    "min": 80.5772705078125,
    "max": 100.3305435180664,
    "count": 12240
  },
  "normals.full.angular_median": {
    "mean": 87.0946495648303,
    "std": 0.9849614549614367,
    "median": 87.21414184570312,
    "min": 76.21829223632812,
    "max": 90.0,
    "count": 12240
  },
  "normals.full.inlier_11_25": {
    "mean": 0.046732843964774576,
    "std": 0.012551489234979882,
    "median": 0.048125894740223885,
    "min": 0.0070969522930681705,
    "max": 0.09394118189811707,
    "count": 12240
  },
  "normals.full.inlier_22_5": {
    "mean": 0.09660766459940598,
    "std": 0.012464316853729727,
    "median": 0.09813038632273674,
    "min": 0.03586064279079437,
    "max": 0.1440766453742981,
    "count": 12240
  },
  "normals.full.inlier_30": {
    "mean": 0.11845777855479932,
    "std": 0.010681728384208623,
    "median": 0.11934417486190796,
    "min": 0.0672590360045433,
    "max": 0.16584771871566772,
    "count": 12240
  },
  "normals.building.angular_mean": {
    "mean": 81.14894797341552,
    "std": 6.75499947442788,
    "median": 81.58683013916016,
    "min": 7.716911315917969,
    "max": 174.56451416015625,
    "count": 8539
  },
  "normals.building.angular_median": {
    "mean": 85.13414402200154,
    "std": 6.569893859768045,
    "median": 85.52987670898438,
    "min": 1.531740427017212,
    "max": 171.5963897705078,
    "count": 8539
  },
  "normals.building.inlier_11_25": {
    "mean": 0.06837226309676026,
    "std": 0.05691702774095156,
    "median": 0.05202754586935043,
    "min": 0.0,
    "max": 1.0,
    "count": 8539
  },
  "normals.building.inlier_22_5": {
    "mean": 0.13775598977954512,
    "std": 0.06466384703493405,
    "median": 0.12299791723489761,
    "min": 0.0,
    "max": 1.0,
    "count": 8539
  },
  "normals.building.inlier_30": {
    "mean": 0.17366358325954662,
    "std": 0.06158287802761786,
    "median": 0.16192005574703217,
    "min": 0.0,
    "max": 1.0,
    "count": 8539
  },
  "planarity.building.residual_mean": {
    "mean": 0.38105103177931465,
    "std": 0.3010258831696086,
    "median": 0.37534673511981964,
    "min": 0.008307000622153282,
    "max": 19.559465408325195,
    "count": 8134
  },
  "planarity.building.residual_median": {
    "mean": 0.35368004354071453,
    "std": 0.30160522028645137,