{
  "depth.full.mae": {
    "mean": 3.5810095407507,
    "std": 1.2392761639793366,
    "median": 3.6843374967575073,
    "min": 0.5458008050918579,
    "max": 9.200075149536133,
    "count": 12240
  },
  "depth.full.rmse": {
    "mean": 6.542097741618655,
    "std": 2.1353133004490306,
    "median": 6.898517608642578,
    "min": 0.7787084579467773,
    "max": 15.019371032714844,
    "count": 12240
  },
  "depth.full.abs_rel": {
    "mean": 0.27187500011352395,
    "std": 0.15566160922238628,
    "median": 0.22645138204097748,
    "min": 0.0367758683860302,
    "max": 0.9937195181846619,
    "count": 12240
  },
  "depth.full.sq_rel": {
    "mean": 3.0491049521660516,
    "std": 2.4719552868646053,
    "median": 2.3868547677993774,
    "min": 0.048177242279052734,
    "max": 24.74354362487793,
    "count": 12240
  },
  "depth.full.delta1": {
    "mean": 0.6923826017751803,
    "std": 0.18444332078113024,
    "median": 0.7387849986553192,
    "min": 0.19271142780780792,
    "max": 0.9939943552017212,
    "count": 12240
  },
  "depth.full.delta2": {
    "mean": 0.8844464635342554,
    "std": 0.0748837402543714,
    "median": 0.8954751491546631,
    "min": 0.4743102192878723,
    "max": 0.9998587369918823,
    "count": 12240
  },
  "depth.full.delta3": {
    "mean": 0.9421116865635697,
    "std": 0.045473204010764906,
    "median": 0.9524264633655548,
    "min": 0.7483652830123901,
    "max": 1.0,
    "count": 12240
  },
  "depth.full.rmse_log": {
    "mean": 0.3240706282421289,
    "std": 0.1283162761465428,
    "median": 0.304969847202301,
    "min": 0.06044982373714447,
    "max": 0.7012309432029724,
    "count": 12240
  },
  "depth.full.si_log": {
    "mean": 0.32077516185643234,
    "std": 0.1284717465388468,
    "median": 0.3010378032922745,
    "min": 0.06041012704372406,
    "max": 0.7010446190834045,
    "count": 12240
  },
  "depth.building.mae": {
    "mean": 9.72871473231253,
    "std": 5.295450383823914,
    "median": 9.18154239654541,
    "min": 0.030342578887939453,
    "max": 51.76831817626953,
    "count": 8539
  },
  "depth.building.rmse": {
    "mean": 11.979291926925457,
    "std": 5.8654208061156945,
    "median": 11.63167953491211,
    "min": 0.03646295890212059,
    "max": 51.80614471435547,
    "count": 8539
  },
  "depth.building.abs_rel": {
    "mean": 0.8432195872280649,
    "std": 1.1440875326577173,
    "median": 0.5341265201568604,
    "min": 0.00239472184330225,
    "max": 37.266868591308594,
    "count": 8539
  },
  "depth.building.sq_rel": {
    "mean": 14.406659109872777,
    "std": 24.29163733055965,
    "median": 8.063056945800781,
    "min": 0.00010493162699276581,
    "max": 655.4657592773438,
    "count": 8539
  },
  "depth.building.delta1": {
    "mean": 0.38302778081621813,
    "std": 0.23266259748175777,
    "median": 0.3475733697414398,
    "min": 0.0,
    "max": 1.0,
    "count": 8539
  },
  "depth.building.delta2": {
    "mean": 0.6253149849330224,
    "std": 0.2542563834688907,
    "median": 0.6497175097465515,
    "min": 0.0,
    "max": 1.0,
    "count": 8539
  },
  "depth.building.delta3": {
    "mean": 0.7663795559142766,
    "std": 0.22394910806770688,
    "median": 0.8206107020378113,
    "min": 0.0,
    "max": 1.0,
    "count": 8539
  },
  "depth.building.rmse_log": {
    "mean": 0.5940454323060423,
    "std": 0.3232710272010876,
    "median": 0.538499116897583,
    "min": 0.0028718484099954367,
    "max": 3.5661323070526123,
    "count": 8539
  },
  "depth.building.si_log": {
    "mean": 0.47307452405701744,
    "std": 0.22969747378517016,
    "median": 0.46047499775886536,
    "min": 0.0,
    "max": 1.6834865808486938,
    "count": 8539
  },
  "depth.non_building.mae": {
    "mean": 3.3927581440511285,
    "std": 1.2489630909401674,
    "median": 3.441657304763794,
    "min": 0.3388065993785858,
    "max": 9.200075149536133,
    "count": 12240
  },
  "depth.non_building.rmse": {
    "mean": 6.27031586393227,
    "std": 2.1659376266877106,
    "median": 6.598541975021362,
    "min": 0.5280317068099976,
    "max": 15.019371032714844,
    "count": 12240
  },
  "depth.non_building.abs_rel": {
    "mean": 0.2569176602789073,
    "std": 0.1462111746285039,
    "median": 0.2156861573457718,
    "min": 0.0367758683860302,
    "max": 0.9190874695777893,
    "count": 12240
  },
  "depth.non_building.sq_rel": {
    "mean": 2.766575878244989,
    "std": 2.3381528708264208,
    "median": 2.1134756803512573,
    "min": 0.029354386031627655,
    "max": 19.783132553100586,
    "count": 12240
  },
  "depth.non_building.delta1": {
    "mean": 0.7030391748909369,
    "std": 0.18570767618511264,
    "median": 0.751581460237503,
    "min": 0.17815619707107544,
    "max": 0.9961978793144226,
    "count": 12240
  },
  "depth.non_building.delta2": {
    "mean": 0.892756508687645,
    "std": 0.07099468601580228,
    "median": 0.9036048352718353,
    "min": 0.4749923050403595,
    "max": 1.0,
    "count": 12240
  },
  "depth.non_building.delta3": {
    "mean": 0.947198021509289,
    "std": 0.04246259690121538,
    "median": 0.9571909308433533,
    "min": 0.7483652830123901,
    "max": 1.0,
    "count": 12240
  },
  "depth.non_building.rmse_log": {
    "mean": 0.31134634538511047,
    "std": 0.12399330417810565,
    "median": 0.294054314494133,
    "min": 0.056671950966119766,
    "max": 0.6760463118553162,
    "count": 12240
  },
  "depth.non_building.si_log": {
    "mean": 0.307282847438458,
    "std": 0.12406530611998773,
    "median": 0.2898024171590805,
    "min": 0.054630208760499954,
    "max": 0.6739118099212646,
    "count": 12240
  },
  "normals.full.angular_mean": {
    "mean": 93.53528170616798,
    "std": 1.9507587508900261,
    "median": 93.79621887207031,
    "min": 80.56006622314453,
    "max": 100.33979797363281,
    "count": 12240
  },
  "normals.full.angular_median": {
    "mean": 87.05288252924002,
    "std": 0.9894694090019625,
    "median": 87.1736831665039,
    "min": 76.11238861083984,
    "max": 90.0,
    "count": 12240
  },
  "normals.full.inlier_11_25": {
    "mean": 0.046371809196402776,
    "std": 0.012528903978696907,
    "median": 0.04775240086019039,
    "min": 0.006827530916780233,
    "max": 0.09401971101760864,
    "count": 12240
  },
  "normals.full.inlier_22_5": {
    "mean": 0.09634369038002796,
    "std": 0.012497503144025182,
    "median": 0.09787895157933235,
    "min": 0.03557443246245384,
    "max": 0.14399026334285736,
    "count": 12240
  },
  "normals.full.inlier_30": {
    "mean": 0.11824203925755095,
    "std": 0.010705079481741707,
    "median": 0.1191537119448185,
    "min": 0.06677117943763733,
    "max": 0.1658785194158554,
    "count": 12240
  },
  "normals.building.angular_mean": {
    "mean": 81.2102857031969,
    "std": 6.763992398267513,
    "median": 81.62812805175781,
    "min": 8.369710922241211,
    "max": 174.58192443847656,
    "count": 8539
  },
  "normals.building.angular_median": {
    "mean": 85.09425633759727,
    "std": 6.5904369251484685,
    "median": 85.48690032958984,
    "min": 2.8392460346221924,
    "max": 171.7809295654297,
    "count": 8539
  },
  "normals.building.inlier_11_25": {
    "mean": 0.06761080829912758,
    "std": 0.056659200595880956,
    "median": 0.051108215004205704,
    "min": 0.0,
    "max": 1.0,
    "count": 8539
  },
  "normals.building.inlier_22_5": {
    "mean": 0.13676375270217905,
    "std": 0.0644033178334664,
    "median": 0.12215908616781235,
    "min": 0.0,
    "max": 1.0,
    "count": 8539
  },
  "normals.building.inlier_30": {
    "mean": 0.17270449873052135,
    "std": 0.061567702964281726,
    "median": 0.16100795567035675,
    "min": 0.0,
    "max": 1.0,
    "count": 8539
  },
  "planarity.building.residual_mean": {
    "mean": 0.3839783584549043,
    "std": 0.303158924441713,
    "median": 0.37838760018348694,
    "min": 0.008362897671759129,
    "max": 19.714263916015625,
    "count": 8134
  },
  "planarity.building.residual_median": {
    "mean": 0.35664775616411265,
    "std": 0.30360421413530625,