{
  "depth.full.mae": {
    "mean": 3.580505725303117,
    "std": 1.2368795613891705,
    "median": 3.686148524284363,
    "min": 0.5336070656776428,
    "max": 9.253362655639648,
    "count": 12240
  },
  "depth.full.rmse": {
    "mean": 6.541394480502878,
    "std": 2.132740237784867,
    "median": 6.905665397644043,
    "min": 0.7760633826255798,
    "max": 15.114738464355469,
    "count": 12240
  },
  "depth.full.abs_rel": {
    "mean": 0.2704100123375313,
    "std": 0.15426410270185933,
    "median": 0.22580042481422424,
    "min": 0.0369921438395977,
    "max": 0.9841000437736511,
    "count": 12240
  },
  "depth.full.sq_rel": {
    "mean": 2.997411404016239,
    "std": 2.414752710678795,
    "median": 2.3541144132614136,
    "min": 0.04711909964680672,
    "max": 24.190420150756836,
    "count": 12240
  },
  "depth.full.delta1": {
    "mean": 0.6919628616008494,
    "std": 0.1841251973026595,
    "median": 0.7380118668079376,
    "min": 0.19271142780780792,
    "max": 0.9938840270042419,
    "count": 12240
  },
  "depth.full.delta2": {
    "mean": 0.8842686104082983,
    "std": 0.07481875448538337,
    "median": 0.8951664566993713,
    "min": 0.480383038520813,
    "max": 0.9998326301574707,
    "count": 12240
  },
  "depth.full.delta3": {
    "mean": 0.9422669805294158,
    "std": 0.045352852937383885,
    "median": 0.9524753391742706,
    "min": 0.7486259937286377,
    "max": 1.0,
    "count": 12240
  },
  "depth.full.rmse_log": {
    "mean": 0.3234402323586051,
    "std": 0.12769432582492524,
    "median": 0.3047100454568863,
    "min": 0.06015409156680107,
    "max": 0.69803786277771,
    "count": 12240
  },
  "depth.full.si_log": {
    "mean": 0.32007555333422677,
    "std": 0.12783269589405033,
    "median": 0.3005169928073883,
    "min": 0.060049936175346375,
    "max": 0.6977871656417847,
    "count": 12240
  },
  "depth.building.mae": {
    "mean": 9.68669619637304,
    "std": 5.294758625575694,
    "median": 9.126338958740234,
    "min": 0.028731107711791992,
    "max": 51.90752410888672,
    "count": 8539
  },
  "depth.building.rmse": {
    "mean": 11.938341558746107,
    "std": 5.869079154987574,
    "median": 11.595892906188965,
    "min": 0.034968841820955276,
    "max": 51.94282150268555,
    "count": 8539
  },
  "depth.building.abs_rel": {
    "mean": 0.8303709454070557,
    "std": 1.1233640756734224,
    "median": 0.5277740359306335,
    "min": 0.002267539966851473,
    "max": 36.62778091430664,
    "count": 8539
  },
  "depth.building.sq_rel": {
    "mean": 14.01054314573799,
    "std": 23.503568430155447,
    "median": 7.920502185821533,
    "min": 9.650838183006272e-05,
    "max": 634.790283203125,
    "count": 8539
  },
  "depth.building.delta1": {
    "mean": 0.38262748246166844,
    "std": 0.23215124512657345,
    "median": 0.34657448530197144,
    "min": 0.0,
    "max": 1.0,
    "count": 8539
  },
  "depth.building.delta2": {
    "mean": 0.6263122333079861,
    "std": 0.2533533144867712,
    "median": 0.6512464880943298,
    "min": 0.0,
    "max": 1.0,
    "count": 8539
  },
  "depth.building.delta3": {
    "mean": 0.7685084773239516,
    "std": 0.2222556281170167,
    "median": 0.8218634724617004,
    "min": 0.0,
    "max": 1.0,
    "count": 8539
  },
  "depth.building.rmse_log": {
    "mean": 0.5906588064989217,
    "std": 0.32016953892525934,
    "median": 0.5363534092903137,
    "min": 0.0027652124408632517,
    "max": 3.549217462539673,
    "count": 8539
  },
  "depth.building.si_log": {
    "mean": 0.4724995629401184,
    "std": 0.22930590338933077,
    "median": 0.4594973623752594,
    "min": 0.0,
    "max": 1.683480143547058,
    "count": 8539
  },
  "depth.non_building.mae": {
    "mean": 3.3930185363792322,
    "std": 1.246321901727587,
    "median": 3.443244457244873,
    "min": 0.33561596274375916,
    "max": 9.253362655639648,
    "count": 12240
  },
  "depth.non_building.rmse": {
    "mean": 6.27134656661184,
    "std": 2.162294512631364,
    "median": 6.606965065002441,
    "min": 0.5246447324752808,
    "max": 15.114738464355469,
    "count": 12240
  },
  "depth.non_building.abs_rel": {
    "mean": 0.2556911171103517,
    "std": 0.14498740559330253,
    "median": 0.2150687351822853,
    "min": 0.0369921438395977,
    "max": 0.9106078743934631,
    "count": 12240
  },
  "depth.non_building.sq_rel": {
    "mean": 2.7221536917500866,
    "std": 2.2849428318230802,
    "median": 2.088287830352783,
    "min": 0.02885320968925953,
    "max": 19.31447410583496,
    "count": 12240
  },
  "depth.non_building.delta1": {
    "mean": 0.7026575734205788,
    "std": 0.18538456017450688,
    "median": 0.7508227229118347,
    "min": 0.1781141459941864,
    "max": 0.9962517023086548,
    "count": 12240
  },
  "depth.non_building.delta2": {
    "mean": 0.8925632451046136,
    "std": 0.07094345540478982,
    "median": 0.9033508002758026,
    "min": 0.48110508918762207,
    "max": 1.0,
    "count": 12240
  },
  "depth.non_building.delta3": {
    "mean": 0.9473128655913219,
    "std": 0.042363272747176016,
    "median": 0.9573552906513214,
    "min": 0.7486259937286377,
    "max": 1.0,
    "count": 12240
  },
  "depth.non_building.rmse_log": {
    "mean": 0.31083795841010226,
    "std": 0.12343266396808877,
    "median": 0.29388782382011414,
    "min": 0.05635567754507065,
    "max": 0.6742404103279114,
    "count": 12240
  },
  "depth.non_building.si_log": {
    "mean": 0.3066909672299802,
    "std": 0.12347487095184949,
    "median": 0.2893974632024765,
    "min": 0.05421052873134613,
    "max": 0.6718494892120361,
    "count": 12240
  },
  "normals.full.angular_mean": {
    "mean": 93.53632905374165,
    "std": 1.952186419179989,
    "median": 93.79745864868164,
    "min": 80.58795928955078,
    "max": 100.36235809326172,
    "count": 12240
  },
  "normals.full.angular_median": {
    "mean": 87.06684422835805,
    "std": 0.9900169591911184,
    "median": 87.19038391113281,
    "min": 76.14205932617188,
    "max": 90.0,
    "count": 12240
  },
  "normals.full.inlier_11_25": {
    "mean": 0.04637300528770806,
    "std": 0.012560615943307932,
    "median": 0.04775633662939072,
    "min": 0.006919528357684612,
    "max": 0.09386264532804489,
    "count": 12240
  },
  "normals.full.inlier_22_5": {
    "mean": 0.09645807869379329,
    "std": 0.012546175778836158,
    "median": 0.0979805551469326,
    "min": 0.035522397607564926,
    "max": 0.14416302740573883,
    "count": 12240
  },
  "normals.full.inlier_30": {
    "mean": 0.11833055675321934,
    "std": 0.010723195318574262,
    "median": 0.1192227192223072,
    "min": 0.06659554690122604,
    "max": 0.16569481790065765,
    "count": 12240
  },
  "normals.building.angular_mean": {
    "mean": 81.16181110143522,
    "std": 6.7504297874786525,
    "median": 81.59618377685547,
    "min": 7.637375831604004,
    "max": 174.53822326660156,
    "count": 8539
  },
  "normals.building.angular_median": {
    "mean": 85.09744897915114,
    "std": 6.562194955749127,
    "median": 85.48429107666016,
    "min": 1.6141033172607422,
    "max": 171.76608276367188,
    "count": 8539
  },
  "normals.building.inlier_11_25": {
    "mean": 0.06796200281184513,
    "std": 0.05674131199420362,
    "median": 0.0514444001019001,
    "min": 0.0,
    "max": 1.0,
    "count": 8539
  },
  "normals.building.inlier_22_5": {
    "mean": 0.13731931467900593,
    "std": 0.06462115626665475,
    "median": 0.12276963889598846,
    "min": 0.0,
    "max": 1.0,
    "count": 8539
  },
  "normals.building.inlier_30": {
    "mean": 0.17324783774870442,
    "std": 0.06173073416026096,
    "median": 0.16144578158855438,
    "min": 0.0,
    "max": 1.0,
    "count": 8539
  },
  "planarity.building.residual_mean": {
    "mean": 0.3799487501103454,
    "std": 0.2990294805058921,
    "median": 0.37427636981010437,
    "min": 0.008348396047949791,
    "max": 19.357709884643555,
    "count": 8134
  },
  "planarity.building.residual_median": {
    "mean": 0.3528205734982863,
    "std": 0.29959137117123663,