{
  "depth.full.mae": {
    "mean": 3.582267480514018,
    "std": 1.2361250852056118,
    "median": 3.6817846298217773,
    "min": 0.549109697341919,
    "max": 9.160141944885254,
    "count": 12240
  },
  "depth.full.rmse": {
    "mean": 6.545669165536079,
    "std": 2.1309328170303425,
    "median": 6.902508735656738,
    "min": 0.7608398795127869,
    "max": 14.984912872314453,
    "count": 12240
  },
  "depth.full.abs_rel": {
    "mean": 0.2718860959600706,
    "std": 0.15563247899894994,
    "median": 0.22640454769134521,
    "min": 0.03815886005759239,
    "max": 0.9921110272407532,
    "count": 12240
  },
  "depth.full.sq_rel": {
    "mean": 3.0354156617437384,
    "std": 2.448309060334477,
    "median": 2.381145715713501,
    "min": 0.04972183704376221,
    "max": 24.398977279663086,
    "count": 12240
  },
  "depth.full.delta1": {
    "mean": 0.6928810647487933,
    "std": 0.1830270468316298,
    "median": 0.7383135557174683,
    "min": 0.19174714386463165,
    "max": 0.9937944412231445,
    "count": 12240
  },
  "depth.full.delta2": {
    "mean": 0.8840160667652788,
    "std": 0.07507231568191466,
    "median": 0.8951405882835388,
    "min": 0.48020339012145996,
    "max": 0.999826192855835,
    "count": 12240
  },
  "depth.full.delta3": {
    "mean": 0.9418651474408465,
    "std": 0.045687496063833925,
    "median": 0.9522350132465363,
    "min": 0.747332751750946,
    "max": 1.0,
    "count": 12240
  },
  "depth.full.rmse_log": {
    "mean": 0.3242796882968761,
    "std": 0.12828808940117306,
    "median": 0.30504024028778076,
    "min": 0.06089775264263153,
    "max": 0.6995679140090942,
    "count": 12240
  },
  "depth.full.si_log": {
    "mean": 0.3210217362607592,
    "std": 0.12846237012919506,
    "median": 0.3010241836309433,
    "min": 0.06089362874627113,
    "max": 0.6994147300720215,
    "count": 12240
  },
  "depth.building.mae": {
    "mean": 9.742736842809174,
    "std": 5.287561855277655,
    "median": 9.176794052124023,
    "min": 0.09768414497375488,
    "max": 52.02000427246094,
    "count": 8539
  },
  "depth.building.rmse": {
    "mean": 11.987711362593075,
    "std": 5.858311685429312,
    "median": 11.636092185974121,
    "min": 0.1002495065331459,
    "max": 52.053653717041016,
    "count": 8539
  },
  "depth.building.abs_rel": {
    "mean": 0.8461145733396209,
    "std": 1.1565288666267648,
    "median": 0.5346771478652954,
    "min": 0.007709507830440998,
    "max": 38.522857666015625,
    "count": 8539
  },
  "depth.building.sq_rel": {
    "mean": 14.289767050283922,
    "std": 24.064900632254027,
    "median": 8.053729057312012,
    "min": 0.0007931714062578976,
    "max": 684.5108642578125,
    "count": 8539
  },
  "depth.building.delta1": {
    "mean": 0.3807553775605513,
    "std": 0.23324822754693816,
    "median": 0.34536081552505493,
    "min": 0.0,
    "max": 1.0,
    "count": 8539
  },
  "depth.building.delta2": {
    "mean": 0.6225429953742126,
    "std": 0.25601730576276055,
    "median": 0.6470588445663452,
    "min": 0.0,
    "max": 1.0,
    "count": 8539
  },
  "depth.building.delta3": {
    "mean": 0.7644254269872872,
    "std": 0.22593035979598594,
    "median": 0.8193701505661011,
    "min": 0.0,
    "max": 1.0,
    "count": 8539
  },
  "depth.building.rmse_log": {
    "mean": 0.5954773110597243,
    "std": 0.3245052126655693,
    "median": 0.5395137667655945,
    "min": 0.007945813238620758,
    "max": 3.6034767627716064,
    "count": 8539
  },
  "depth.building.si_log": {
    "mean": 0.4731193549648648,
    "std": 0.23005735604520827,
    "median": 0.4599951505661011,
    "min": 0.0,
    "max": 1.683679461479187,
    "count": 8539
  },
  "depth.non_building.mae": {
    "mean": 3.3933143289528447,
    "std": 1.2458391009639442,
    "median": 3.4418753385543823,
    "min": 0.33876219391822815,
    "max": 9.160141944885254,
    "count": 12240
  },
  "depth.non_building.rmse": {
    "mean": 6.27331228005925,
    "std": 2.1616425438385813,
    "median": 6.602457046508789,
    "min": 0.5308085083961487,
    "max": 14.984912872314453,
    "count": 12240
  },
  "depth.non_building.abs_rel": {
    "mean": 0.25683333481010656,
    "std": 0.14607005166376258,
    "median": 0.215515598654747,
    "min": 0.03815886005759239,
    "max": 0.9154747724533081,
    "count": 12240
  },
  "depth.non_building.sq_rel": {
    "mean": 2.7544412232259763,
    "std": 2.315359972562177,
    "median": 2.1146098375320435,
    "min": 0.02957839146256447,
    "max": 19.47565460205078,
    "count": 12240
  },
  "depth.non_building.delta1": {
    "mean": 0.7036699411647966,
    "std": 0.18419813608790503,
    "median": 0.7509670257568359,
    "min": 0.18576684594154358,
    "max": 0.9960578680038452,
    "count": 12240
  },
  "depth.non_building.delta2": {
    "mean": 0.892390586404142,
    "std": 0.07110982656147764,
    "median": 0.9032575786113739,
    "min": 0.4809727370738983,
    "max": 0.9999999403953552,
    "count": 12240
  },
  "depth.non_building.delta3": {
    "mean": 0.9469969676405776,
    "std": 0.04261565126377016,
    "median": 0.9571066200733185,
    "min": 0.747332751750946,
    "max": 1.0,
    "count": 12240
  },
  "depth.non_building.rmse_log": {
    "mean": 0.3114880603786826,
    "std": 0.12389496520405471,
    "median": 0.2941807061433792,
    "min": 0.056919027119874954,
    "max": 0.674704909324646,
    "count": 12240
  },
  "depth.non_building.si_log": {
    "mean": 0.307485098292552,
    "std": 0.12398778422102436,
    "median": 0.2901149243116379,
    "min": 0.05453544110059738,
    "max": 0.6726991534233093,
    "count": 12240
  },
  "normals.full.angular_mean": {
    "mean": 93.48001172682818,
    "std": 1.9319012939098177,
    "median": 93.73662948608398,
    "min": 80.54388427734375,
    "max": 100.25712585449219,
    "count": 12240
  },
  "normals.full.angular_median": {
    "mean": 87.03961773105696,
    "std": 1.0008905307176197,
    "median": 87.16250991821289,
    "min": 76.01067352294922,
    "max": 90.0,
    "count": 12240
  },
  "normals.full.inlier_11_25": {
    "mean": 0.04604710971337767,
    "std": 0.012507449177942501,
    "median": 0.04743276536464691,
    "min": 0.006604108493775129,
    "max": 0.09306946396827698,
    "count": 12240
  },
  "normals.full.inlier_22_5": {
    "mean": 0.0960185898273112,
    "std": 0.012531954103774676,
    "median": 0.0975215770304203,
    "min": 0.03536628186702728,
    "max": 0.14343267679214478,
    "count": 12240
  },
  "normals.full.inlier_30": {
    "mean": 0.11813995842913202,
    "std": 0.010719869536977905,
    "median": 0.11906743049621582,
    "min": 0.06679719686508179,
    "max": 0.16561569273471832,
    "count": 12240
  },
  "normals.building.angular_mean": {
    "mean": 81.12051428077734,
    "std": 6.744284988527357,
    "median": 81.5537109375,
    "min": 7.394336700439453,
    "max": 174.49642944335938,
    "count": 8539
  },
  "normals.building.angular_median": {
    "mean": 85.10172652942764,
    "std": 6.589470765114446,
    "median": 85.49435424804688,
    "min": 1.8357902765274048,
    "max": 171.5408935546875,
    "count": 8539
  },
  "normals.building.inlier_11_25": {
    "mean": 0.06751575428739039,
    "std": 0.05606666758497384,
    "median": 0.05133732408285141,
    "min": 0.0,
    "max": 1.0,
    "count": 8539
  },
  "normals.building.inlier_22_5": {
    "mean": 0.1372202658405852,
    "std": 0.06460795003883481,
    "median": 0.12220607697963715,
    "min": 0.0,
    "max": 1.0,
    "count": 8539
  },
  "normals.building.inlier_30": {
    "mean": 0.17348901492010507,
    "std": 0.0615928215637789,
    "median": 0.1617996096611023,
    "min": 0.0,
    "max": 1.0,
    "count": 8539
  },
  "planarity.building.residual_mean": {
    "mean": 0.38428307752296026,
    "std": 0.30482000227821404,
    "median": 0.3789032846689224,
    "min": 0.008525233715772629,
    "max": 19.823280334472656,
    "count": 8134
  },
  "planarity.building.residual_median": {
    "mean": 0.35725316011001323,
    "std": 0.30560982663683456,