{
  "depth.full.mae": {
    "mean": 3.603236327826782,
    "std": 1.2460065341634052,
    "median": 3.6937367916107178,
    "min": 0.5631309747695923,
    "max": 9.04288101196289,
    "count": 12240
  },
  "depth.full.rmse": {
    "mean": 6.563951530930848,
    "std": 2.1354983480642025,
    "median": 6.906707286834717,
    "min": 0.7749494314193726,
    "max": 14.855663299560547,
    "count": 12240
  },
  "depth.full.abs_rel": {
    "mean": 0.27722114321982694,
    "std": 0.1600853894424243,
    "median": 0.22987087815999985,
    "min": 0.037504345178604126,
    "max": 1.015456199645996,
    "count": 12240
  },
  "depth.full.sq_rel": {
    "mean": 3.131124711808219,
    "std": 2.5468947811730676,
    "median": 2.43706214427948,
    "min": 0.054381582885980606,
    "max": 25.097806930541992,
    "count": 12240
  },
  "depth.full.delta1": {
    "mean": 0.687988311860686,
    "std": 0.18871357112007722,
    "median": 0.7378554940223694,
    "min": 0.1868358552455902,
    "max": 0.9934014081954956,
    "count": 12240
  },
  "depth.full.delta2": {
    "mean": 0.8834421845944294,
    "std": 0.0760311788235743,
    "median": 0.8952471911907196,
    "min": 0.459116131067276,
    "max": 0.9997940063476562,
    "count": 12240
  },
  "depth.full.delta3": {
    "mean": 0.9410646158690547,
    "std": 0.0464468406197179,
    "median": 0.9517315030097961,
    "min": 0.7451426386833191,
    "max": 1.0,
    "count": 12240
  },
  "depth.full.rmse_log": {
    "mean": 0.3271512089449352,
    "std": 0.13041037686753587,
    "median": 0.3067653775215149,
    "min": 0.06286504119634628,
    "max": 0.7095255255699158,
    "count": 12240
  },
  "depth.full.si_log": {
    "mean": 0.32390292216384525,
    "std": 0.1306210852899491,
    "median": 0.30283530056476593,
    "min": 0.06234166771173477,
    "max": 0.7094602584838867,
    "count": 12240
  },
  "depth.building.mae": {
    "mean": 9.88837103516174,
    "std": 5.2807896560341945,
    "median": 9.334572792053223,
    "min": 0.07762718200683594,
    "max": 52.08403778076172,
    "count": 8539
  },
  "depth.building.rmse": {
    "mean": 12.114564205257984,
    "std": 5.837948931120439,
    "median": 11.764936447143555,
    "min": 0.08106192201375961,
    "max": 52.11116409301758,
    "count": 8539
  },
  "depth.building.abs_rel": {
    "mean": 0.8887951895469716,
    "std": 1.2457264839131408,
    "median": 0.5520771145820618,
    "min": 0.0061265560798347,
    "max": 42.828880310058594,
    "count": 8539
  },
  "depth.building.sq_rel": {
    "mean": 15.177303670942777,
    "std": 25.949147144895775,
    "median": 8.435415267944336,
    "min": 0.0005186046473681927,
    "max": 808.2557983398438,
    "count": 8539
  },
  "depth.building.delta1": {
    "mean": 0.37645547707786914,
    "std": 0.23575499104326283,
    "median": 0.3447943329811096,
    "min": 0.0,
    "max": 1.0,
    "count": 8539
  },
  "depth.building.delta2": {
    "mean": 0.6145170303729367,
    "std": 0.2624721697417568,
    "median": 0.641697347164154,
    "min": 0.0,
    "max": 1.0,
    "count": 8539
  },
  "depth.building.delta3": {
    "mean": 0.7551498863310163,
    "std": 0.23459005728702864,
    "median": 0.8143712282180786,
    "min": 0.0,
    "max": 1.0,
    "count": 8539
  },
  "depth.building.rmse_log": {
    "mean": 0.607706180264551,
    "std": 0.33626433011232143,
    "median": 0.5469662547111511,
    "min": 0.006420725025236607,
    "max": 3.7166340351104736,
    "count": 8539
  },
  "depth.building.si_log": {
    "mean": 0.47487189859974993,
    "std": 0.23233069656138125,
    "median": 0.46104374527931213,
    "min": 0.0,
    "max": 1.6837729215621948,
    "count": 8539
  },
  "depth.non_building.mae": {
    "mean": 3.4116697863133902,
    "std": 1.2556344902482424,
    "median": 3.453823208808899,
    "min": 0.3512217402458191,
    "max": 9.04288101196289,
    "count": 12240
  },
  "depth.non_building.rmse": {
    "mean": 6.287097937779294,
    "std": 2.167945690929845,
    "median": 6.600011587142944,
    "min": 0.5440762042999268,
    "max": 14.855663299560547,
    "count": 12240
  },
  "depth.non_building.abs_rel": {
    "mean": 0.26140755175010244,
    "std": 0.14982436472731744,
    "median": 0.21904301643371582,
    "min": 0.037503864616155624,
    "max": 0.9321444034576416,
    "count": 12240
  },
  "depth.non_building.sq_rel": {
    "mean": 2.8334454514497125,
    "std": 2.4041667493164525,
    "median": 2.1590428352355957,
    "min": 0.03178335353732109,
    "max": 19.928268432617188,
    "count": 12240
  },
  "depth.non_building.delta1": {
    "mean": 0.6985441801801714,
    "std": 0.19007585563491175,
    "median": 0.7506779432296753,
    "min": 0.18788528442382812,
    "max": 0.9956162571907043,
    "count": 12240
  },
  "depth.non_building.delta2": {
    "mean": 0.8919806282918632,
    "std": 0.07192503159128967,
    "median": 0.9032744467258453,
    "min": 0.45978856086730957,
    "max": 0.9999735355377197,
    "count": 12240
  },
  "depth.non_building.delta3": {
    "mean": 0.9464041519203996,
    "std": 0.043197720255367424,
    "median": 0.9567791223526001,
    "min": 0.7451426386833191,
    "max": 1.0,
    "count": 12240
  },
  "depth.non_building.rmse_log": {
    "mean": 0.3139715834365537,
    "std": 0.12570496166031245,
    "median": 0.295748695731163,
    "min": 0.05945500358939171,
    "max": 0.6833321452140808,
    "count": 12240
  },
  "depth.non_building.si_log": {
    "mean": 0.30991187893535965,
    "std": 0.1258408768349175,
    "median": 0.29156942665576935,
    "min": 0.05790942162275314,
    "max": 0.6819587349891663,
    "count": 12240
  },
  "normals.full.angular_mean": {
    "mean": 93.45881300782845,
    "std": 1.8916542317769107,
    "median": 93.70517349243164,
    "min": 80.69622039794922,
    "max": 100.1127700805664,
    "count": 12240
  },
  "normals.full.angular_median": {
    "mean": 87.1341576090046,
    "std": 0.9990275582067549,
    "median": 87.25101470947266,
    "min": 76.14937591552734,
    "max": 90.0,
    "count": 12240
  },
  "normals.full.inlier_11_25": {
    "mean": 0.04599053242249153,
    "std": 0.012127600184311658,
    "median": 0.04730411618947983,
    "min": 0.007011525798588991,
    "max": 0.09166371822357178,
    "count": 12240
  },
  "normals.full.inlier_22_5": {
    "mean": 0.09521874653364172,
    "std": 0.012093350655227644,
    "median": 0.09657730907201767,
    "min": 0.036660727113485336,
    "max": 0.1420426368713379,
    "count": 12240
  },
  "normals.full.inlier_30": {
    "mean": 0.11778297614537521,
    "std": 0.01042452606034065,
    "median": 0.11854034289717674,
    "min": 0.06754966825246811,
    "max": 0.16566047072410583,
    "count": 12240
  },
  "normals.building.angular_mean": {
    "mean": 81.20162161011679,
    "std": 6.739614669683539,
    "median": 81.60499572753906,
    "min": 8.370250701904297,
    "max": 174.4525146484375,
    "count": 8539
  },
  "normals.building.angular_median": {
    "mean": 85.10208210949038,
    "std": 6.585634696302574,
    "median": 85.46234130859375,
    "min": 1.6729252338409424,
    "max": 170.68450927734375,
    "count": 8539
  },
  "normals.building.inlier_11_25": {
    "mean": 0.06605371971546656,
    "std": 0.05415541174944687,
    "median": 0.05087825283408165,
    "min": 0.0,
    "max": 0.8333333730697632,
    "count": 8539
  },
  "normals.building.inlier_22_5": {
    "mean": 0.13632182003719712,
    "std": 0.06388535652239365,
    "median": 0.12226919829845428,
    "min": 0.0,
    "max": 1.0,
    "count": 8539
  },
  "normals.building.inlier_30": {
    "mean": 0.17275530817801887,
    "std": 0.06116730072302581,
    "median": 0.16105838119983673,
    "min": 0.0,
    "max": 1.0,
    "count": 8539
  },
  "planarity.building.residual_mean": {
    "mean": 0.39525810261088684,
    "std": 0.31684169303455,
    "median": 0.3907112628221512,
    "min": 0.008793425746262074,
    "max": 20.670976638793945,
    "count": 8134
  },
  "planarity.building.residual_median": {
    "mean": 0.36835009730582446,