{
  "depth.full.mae": {
    "mean": 3.813657166324312,
    "std": 1.2883081138573562,
    "median": 3.8435206413269043,
    "min": 0.4421928822994232,
    "max": 8.574764251708984,
    "count": 12240
  },
  "depth.full.rmse": {
    "mean": 6.7912062885471025,
    "std": 2.1256350535537867,
    "median": 7.117449760437012,
    "min": 0.5477603673934937,
    "max": 14.795013427734375,
    "count": 12240
  },
  "depth.full.abs_rel": {
    "mean": 0.30956440932677415,
    "std": 0.1876266627144508,
    "median": 0.2440955564379692,
    "min": 0.05132739990949631,
    "max": 1.1282767057418823,
    "count": 12240
  },
  "depth.full.sq_rel": {
    "mean": 3.608257739832381,
    "std": 2.960437966087078,
    "median": 2.7257028818130493,
    "min": 0.05024005100131035,
    "max": 26.135005950927734,
    "count": 12240
  },
  "depth.full.delta1": {
    "mean": 0.6593193535224285,
    "std": 0.20498795232392625,
    "median": 0.7278028130531311,
    "min": 0.15769663453102112,
    "max": 0.9886444211006165,
    "count": 12240
  },
  "depth.full.delta2": {
    "mean": 0.8719523403136169,
    "std": 0.09073981042672975,
    "median": 0.8906589150428772,
    "min": 0.3427119553089142,
    "max": 1.0,
    "count": 12240
  },
  "depth.full.delta3": {
    "mean": 0.9343345292204736,
    "std": 0.05275591061522993,
    "median": 0.9477473199367523,
    "min": 0.7112210392951965,
    "max": 1.0,
    "count": 12240
  },
  "depth.full.rmse_log": {
    "mean": 0.3486596584186153,
    "std": 0.14333192106784748,
    "median": 0.3182886093854904,
    "min": 0.07272715866565704,
    "max": 0.7724260091781616,
    "count": 12240
  },
  "depth.full.si_log": {
    "mean": 0.3449587516492732,
    "std": 0.1443491340576198,
    "median": 0.3147857040166855,
    "min": 0.07185414433479309,
    "max": 0.7720324397087097,
    "count": 12240
  },
  "depth.building.mae": {
    "mean": 11.087276193084588,
    "std": 5.431856918410805,
    "median": 10.563627243041992,
    "min": 0.1297968029975891,
    "max": 53.91959762573242,
    "count": 8539
  },
  "depth.building.rmse": {
    "mean": 13.157693515984455,
    "std": 5.800496021401368,
    "median": 12.889949798583984,
    "min": 0.1571011245250702,
    "max": 53.932212829589844,
    "count": 8539
  },
  "depth.building.abs_rel": {
    "mean": 1.160054602295519,
    "std": 1.8815589399358912,
    "median": 0.6303611397743225,
    "min": 0.008764434605836868,
    "max": 68.65078735351562,
    "count": 8539
  },
  "depth.building.sq_rel": {
    "mean": 20.908345063603516,
    "std": 41.531281997663264,
    "median": 10.799247741699219,
    "min": 0.0019478753674775362,
    "max": 1840.30859375,
    "count": 8539
  },
  "depth.building.delta1": {
    "mean": 0.34361924575800035,
    "std": 0.23239843871725122,
    "median": 0.317460298538208,
    "min": 0.0,
    "max": 1.0,
    "count": 8539
  },
  "depth.building.delta2": {
    "mean": 0.5681367627961553,
    "std": 0.2874556998136099,
    "median": 0.6025865077972412,
    "min": 0.0,
    "max": 1.0,
    "count": 8539
  },
  "depth.building.delta3": {
    "mean": 0.7036184750813963,
    "std": 0.27899084135812224,
    "median": 0.7824561595916748,
    "min": 0.0,
    "max": 1.0,
    "count": 8539
  },
  "depth.building.rmse_log": {
    "mean": 0.6852636508957085,
    "std": 0.4083051979830553,
    "median": 0.5952886939048767,
    "min": 0.009229912422597408,
    "max": 4.204610824584961,
    "count": 8539
  },
  "depth.building.si_log": {
    "mean": 0.5005087820061515,
    "std": 0.2565079591558262,
    "median": 0.4756242036819458,
    "min": 0.0,
    "max": 1.7029906511306763,
    "count": 8538
  },
  "depth.non_building.mae": {
    "mean": 3.6013233867467815,
    "std": 1.2943777173461233,
    "median": 3.5921133756637573,
    "min": 0.40830132365226746,
    "max": 8.574764251708984,
    "count": 12240
  },
  "depth.non_building.rmse": {
    "mean": 6.488142124587804,
    "std": 2.1572945522557485,
    "median": 6.76474928855896,
    "min": 0.5477603673934937,
    "max": 14.795013427734375,
    "count": 12240
  },
  "depth.non_building.abs_rel": {
    "mean": 0.2894080251653137,
    "std": 0.17290579809334222,
    "median": 0.23193300515413284,
    "min": 0.0482795350253582,
    "max": 1.0087366104125977,
    "count": 12240
  },
  "depth.non_building.sq_rel": {
    "mean": 3.2241035324746585,
    "std": 2.7436175612262836,
    "median": 2.3826617002487183,
    "min": 0.04827474057674408,
    "max": 21.7081241607666,
    "count": 12240
  },
  "depth.non_building.delta1": {
    "mean": 0.6687028425520444,
    "std": 0.2072092251131524,
    "median": 0.7397582828998566,
    "min": 0.15476353466510773,
    "max": 0.9886444211006165,
    "count": 12240
  },
  "depth.non_building.delta2": {
    "mean": 0.8811044436459448,
    "std": 0.08669834719242754,
    "median": 0.8987040221691132,
    "min": 0.34672898054122925,
    "max": 1.0,
    "count": 12240
  },
  "depth.non_building.delta3": {
    "mean": 0.9408096498961932,
    "std": 0.048560286503094775,
    "median": 0.9532177746295929,
    "min": 0.7191485166549683,
    "max": 1.0,
    "count": 12240
  },
  "depth.non_building.rmse_log": {
    "mean": 0.33347218241238225,
    "std": 0.1367782483143452,
    "median": 0.30634595453739166,
    "min": 0.07264463603496552,
    "max": 0.7564108967781067,
    "count": 12240
  },
  "depth.non_building.si_log": {
    "mean": 0.3287211659699191,
    "std": 0.13747308589919624,
    "median": 0.3022398501634598,
    "min": 0.06899762898683548,
    "max": 0.7509115934371948,
    "count": 12240
  },
  "normals.full.angular_mean": {
    "mean": 92.50334432701659,
    "std": 1.5895300646524693,
    "median": 92.70088195800781,
    "min": 80.15172576904297,
    "max": 98.8726577758789,
    "count": 12240
  },
  "normals.full.angular_median": {
    "mean": 87.12720250958711,
    "std": 1.0245524058840305,
    "median": 87.26396179199219,
    "min": 73.8973388671875,
    "max": 90.0,
    "count": 12240
  },
  "normals.full.inlier_11_25": {
    "mean": 0.04554265231320945,
    "std": 0.011266347686540182,
    "median": 0.04692249931395054,
    "min": 0.007320644333958626,
    "max": 0.08913496136665344,
    "count": 12240
  },
  "normals.full.inlier_22_5": {
    "mean": 0.09294925263863714,
    "std": 0.01200688562303976,
    "median": 0.09463873505592346,
    "min": 0.03472881764173508,
    "max": 0.14112380146980286,
    "count": 12240
  },
  "normals.full.inlier_30": {
    "mean": 0.11696801278435814,
    "std": 0.010507172851193392,
    "median": 0.11796417459845543,
    "min": 0.06526858359575272,
    "max": 0.165682852268219,
    "count": 12240
  },
  "normals.building.angular_mean": {
    "mean": 81.14213253293303,
    "std": 6.869584937414422,
    "median": 81.14161682128906,
    "min": 9.798345565795898,
    "max": 173.85321044921875,
    "count": 8539
  },
  "normals.building.angular_median": {
    "mean": 84.6644256537965,
    "std": 6.543548063691957,
    "median": 84.95435333251953,
    "min": 6.249902725219727,
    "max": 177.44480895996094,
    "count": 8539
  },
  "normals.building.inlier_11_25": {
    "mean": 0.05304618301736325,
    "std": 0.04302334483881162,
    "median": 0.04275735840201378,
    "min": 0.0,
    "max": 0.6666666865348816,
    "count": 8539
  },
  "normals.building.inlier_22_5": {
    "mean": 0.1251909942014442,
    "std": 0.05639399912481291,
    "median": 0.11510926485061646,
    "min": 0.0,
    "max": 1.0,
    "count": 8539
  },
  "normals.building.inlier_30": {
    "mean": 0.16513101979800024,
    "std": 0.056944469656895196,
    "median": 0.15740740299224854,
    "min": 0.0,
    "max": 1.0,
    "count": 8539
  },
  "planarity.building.residual_mean": {
    "mean": 0.44651081452085717,
    "std": 0.37992638941749246,
    "median": 0.43193286657333374,
    "min": 0.004665043205022812,
    "max": 22.05963897705078,
    "count": 8134
  },
  "planarity.building.residual_median": {
    "mean": 0.4056587453740016,
    "std": 0.38180787650421394,