{
  "depth.full.mae": {
    "mean": 3.939890842709471,
    "std": 1.3390331539993525,
    "median": 4.0055646896362305,
    "min": 0.38846951723098755,
    "max": 9.977004051208496,
    "count": 12240
  },
  "depth.full.rmse": {
    "mean": 7.078378234940027,
    "std": 2.3089347490078893,
    "median": 7.451854467391968,
    "min": 0.48588061332702637,
    "max": 16.995492935180664,
    "count": 12240
  },
  "depth.full.abs_rel": {
    "mean": 0.30745270788377405,
    "std": 0.18551893606685557,
    "median": 0.24179990589618683,
    "min": 0.05891473591327667,
    "max": 1.1577757596969604,
    "count": 12240
  },
  "depth.full.sq_rel": {
    "mean": 3.3506144958983475,
    "std": 2.730842909320935,
    "median": 2.529193162918091,
    "min": 0.05043964833021164,
    "max": 31.001609802246094,
    "count": 12240
  },
  "depth.full.delta1": {
    "mean": 0.6431155420742394,
    "std": 0.20812879479476912,
    "median": 0.7128210067749023,
    "min": 0.14131630957126617,
    "max": 0.9839649200439453,
    "count": 12240
  },
  "depth.full.delta2": {
    "mean": 0.8602629056236908,
    "std": 0.09851283901682759,
    "median": 0.8778796195983887,
    "min": 0.3115898668766022,
    "max": 1.0,
    "count": 12240
  },
  "depth.full.delta3": {
    "mean": 0.9297044261364765,
    "std": 0.05554844659628532,
    "median": 0.9427972733974457,
    "min": 0.616060197353363,
    "max": 1.0,
    "count": 12240
  },
  "depth.full.rmse_log": {
    "mean": 0.35489666327054986,
    "std": 0.1430005754047519,
    "median": 0.32492072880268097,
    "min": 0.08655477315187454,
    "max": 0.7886303067207336,
    "count": 12240
  },
  "depth.full.si_log": {
    "mean": 0.34992888049082527,
    "std": 0.14329961224703638,
    "median": 0.3187153935432434,
    "min": 0.08104709535837173,
    "max": 0.7823842763900757,
    "count": 12240
  },
  "depth.building.mae": {
    "mean": 11.5927460166917,
    "std": 6.1182503559359604,
    "median": 10.942144393920898,
    "min": 0.1345277577638626,
    "max": 52.87744140625,
    "count": 8539
  },
  "depth.building.rmse": {
    "mean": 13.765101999204965,
    "std": 6.565378315642971,
    "median": 13.271140098571777,
    "min": 0.16170522570610046,
    "max": 52.88836669921875,
    "count": 8539
  },
  "depth.building.abs_rel": {
    "mean": 1.129996521609906,
    "std": 1.9128695994396259,
    "median": 0.5984659194946289,
    "min": 0.013499497435986996,
    "max": 69.90412139892578,
    "count": 8539
  },
  "depth.building.sq_rel": {
    "mean": 19.456457476440114,
    "std": 40.858855898762634,
    "median": 10.105498313903809,
    "min": 0.004460514523088932,
    "max": 1876.824951171875,
    "count": 8539
  },
  "depth.building.delta1": {
    "mean": 0.3103660629030081,
    "std": 0.23404553210422924,
    "median": 0.2639216184616089,
    "min": 0.0,
    "max": 1.0,
    "count": 8539
  },
  "depth.building.delta2": {
    "mean": 0.5334588506552946,
    "std": 0.2893086360403758,
    "median": 0.5469222664833069,
    "min": 0.0,
    "max": 1.0,
    "count": 8539
  },
  "depth.building.delta3": {
    "mean": 0.6871821043785309,
    "std": 0.2832656652848652,
    "median": 0.7581201791763306,
    "min": 0.0,
    "max": 1.0,
    "count": 8539
  },
  "depth.building.rmse_log": {
    "mean": 0.6924753627181534,
    "std": 0.4049472027556612,
    "median": 0.6097562909126282,
    "min": 0.013473129831254482,
    "max": 4.2270121574401855,
    "count": 8539
  },
  "depth.building.si_log": {
    "mean": 0.512876708867975,
    "std": 0.2691832520034503,
    "median": 0.4861776530742645,
    "min": 0.0,
    "max": 1.7174978256225586,
    "count": 8539
  },
  "depth.non_building.mae": {
    "mean": 3.717807937157797,
    "std": 1.3330845815928363,
    "median": 3.7513675689697266,
    "min": 0.38846951723098755,
    "max": 9.977004051208496,
    "count": 12240
  },
  "depth.non_building.rmse": {
    "mean": 6.755875972814225,
    "std": 2.308150206611497,
    "median": 7.053277254104614,
    "min": 0.48588061332702637,
    "max": 16.995492935180664,
    "count": 12240
  },
  "depth.non_building.abs_rel": {
    "mean": 0.2880971675872608,
    "std": 0.17034408296071457,
    "median": 0.23002640902996063,
    "min": 0.05824767053127289,
    "max": 1.0348570346832275,
    "count": 12240
  },
  "depth.non_building.sq_rel": {
    "mean": 2.9903624796987285,
    "std": 2.505309515563412,
    "median": 2.240206241607666,
    "min": 0.05043964833021164,
    "max": 26.997608184814453,
    "count": 12240
  },
  "depth.non_building.delta1": {
    "mean": 0.6523196924976956,
    "std": 0.2106395127196571,
    "median": 0.7242617905139923,
    "min": 0.13812464475631714,
    "max": 0.9839649200439453,
    "count": 12240
  },
  "depth.non_building.delta2": {
    "mean": 0.8699180598888132,
    "std": 0.09496275448240081,
    "median": 0.8876514136791229,
    "min": 0.3115706741809845,
    "max": 1.0,
    "count": 12240
  },
  "depth.non_building.delta3": {
    "mean": 0.9365611314530077,
    "std": 0.051293614327684305,
    "median": 0.948784589767456,
    "min": 0.6169277429580688,
    "max": 1.0,
    "count": 12240
  },
  "depth.non_building.rmse_log": {
    "mean": 0.33985461157996183,
    "std": 0.13633191586632631,
    "median": 0.3124527931213379,
    "min": 0.0841197818517685,
    "max": 0.7784199118614197,
    "count": 12240
  },
  "depth.non_building.si_log": {
    "mean": 0.33347201118964,
    "std": 0.136080916397991,
    "median": 0.3060321509838104,
    "min": 0.07658368349075317,
    "max": 0.770677387714386,
    "count": 12240
  },
  "normals.full.angular_mean": {
    "mean": 92.11827585743923,
    "std": 1.5808187140612031,
    "median": 92.3145751953125,
    "min": 78.84568786621094,
    "max": 98.79301452636719,
    "count": 12240
  },
  "normals.full.angular_median": {
    "mean": 86.93304712071138,
    "std": 0.989961866310911,
    "median": 87.05065536499023,
    "min": 72.3511962890625,
    "max": 90.3953628540039,
    "count": 12240
  },
  "normals.full.inlier_11_25": {
    "mean": 0.04388965805102249,
    "std": 0.010384392365656702,
    "median": 0.04520793445408344,
    "min": 0.007875248789787292,
    "max": 0.086849644780159,
    "count": 12240
  },
  "normals.full.inlier_22_5": {
    "mean": 0.09115547637053419,
    "std": 0.012040882684759353,
    "median": 0.09289194270968437,
    "min": 0.030951179563999176,
    "max": 0.14139866828918457,
    "count": 12240
  },
  "normals.full.inlier_30": {
    "mean": 0.11592692604373678,
    "std": 0.010930890931644824,
    "median": 0.11692687124013901,
    "min": 0.06301143765449524,
    "max": 0.1670161336660385,
    "count": 12240
  },
  "normals.building.angular_mean": {
    "mean": 80.71533234620041,
    "std": 6.8976391853716965,
    "median": 80.46673583984375,
    "min": 9.790569305419922,
    "max": 174.34597778320312,
    "count": 8539
  },
  "normals.building.angular_median": {
    "mean": 83.01225469463924,
    "std": 6.756355256541389,
    "median": 83.18900299072266,
    "min": 7.6581926345825195,
    "max": 177.96481323242188,
    "count": 8539
  },
  "normals.building.inlier_11_25": {
    "mean": 0.03658542998599524,
    "std": 0.03819462557896633,
    "median": 0.02725694328546524,
    "min": 0.0,
    "max": 1.0,
    "count": 8539
  },
  "normals.building.inlier_22_5": {
    "mean": 0.11366505183387272,
    "std": 0.05777218512653112,
    "median": 0.1034042239189148,
    "min": 0.0,
    "max": 1.0,
    "count": 8539
  },
  "normals.building.inlier_30": {
    "mean": 0.15703156567492235,
    "std": 0.059145409782873054,
    "median": 0.149656742811203,
    "min": 0.0,
    "max": 1.0,
    "count": 8539
  },
  "planarity.building.residual_mean": {
    "mean": 0.4164175478278842,
    "std": 0.37659571087778854,
    "median": 0.38948826491832733,
    "min": 0.004674636758863926,
    "max": 20.931358337402344,
    "count": 8134
  },
  "planarity.building.residual_median": {
    "mean": 0.3688800785616008,
    "std": 0.37768241403845226,