{
  "depth.full.mae": {
    "mean": 3.6401656668754963,
    "std": 1.2618594737982332,
    "median": 3.7130579948425293,
    "min": 0.5381370186805725,
    "max": 8.79818058013916,
    "count": 12240
  },
  "depth.full.rmse": {
    "mean": 6.610777174043499,
    "std": 2.154121230353228,
    "median": 6.940496921539307,
    "min": 0.7342802882194519,
    "max": 14.63005542755127,
    "count": 12240
  },
  "depth.full.abs_rel": {
    "mean": 0.2843031793680602,
    "std": 0.16637987468882165,
    "median": 0.2336762323975563,
    "min": 0.040080465376377106,
    "max": 1.054233431816101,
    "count": 12240
  },
  "depth.full.sq_rel": {
    "mean": 3.2891587482068347,
    "std": 2.707806138602199,
    "median": 2.539761543273926,
    "min": 0.06072118878364563,
    "max": 26.029685974121094,
    "count": 12240
  },
  "depth.full.delta1": {
    "mean": 0.6845440764089717,
    "std": 0.19196204094631678,
    "median": 0.7385965585708618,
    "min": 0.17531777918338776,
    "max": 0.9931634664535522,
    "count": 12240
  },
  "depth.full.delta2": {
    "mean": 0.882326108911166,
    "std": 0.07802251919271169,
    "median": 0.8953918814659119,
    "min": 0.43816784024238586,
    "max": 0.9999871850013733,
    "count": 12240
  },
  "depth.full.delta3": {
    "mean": 0.9398234866559505,
    "std": 0.047651232853664696,
    "median": 0.9509363770484924,
    "min": 0.7438911199569702,
    "max": 1.0,
    "count": 12240
  },
  "depth.full.rmse_log": {
    "mean": 0.3310907028962438,
    "std": 0.13342462078388792,
    "median": 0.3089682161808014,
    "min": 0.06533259153366089,
    "max": 0.7210069894790649,
    "count": 12240
  },
  "depth.full.si_log": {
    "mean": 0.32785113954527023,
    "std": 0.1337943432828305,
    "median": 0.3052770048379898,
    "min": 0.06520625948905945,
    "max": 0.7209898233413696,
    "count": 12240
  },
  "depth.building.mae": {
    "mean": 10.144829642547212,
    "std": 5.290195198361679,
    "median": 9.606367111206055,
    "min": 0.04519033432006836,
    "max": 52.450218200683594,
    "count": 8539
  },
  "depth.building.rmse": {
    "mean": 12.346095877899693,
    "std": 5.833284151995126,
    "median": 12.008734703063965,
    "min": 0.05110069736838341,
    "max": 52.47300338745117,
    "count": 8539
  },
  "depth.building.abs_rel": {
    "mean": 0.9556905502934814,
    "std": 1.3855872988129918,
    "median": 0.5805538892745972,
    "min": 0.001701702130958438,
    "max": 49.455379486083984,
    "count": 8539
  },
  "depth.building.sq_rel": {
    "mean": 16.655453456263285,
    "std": 29.227774298609372,
    "median": 9.14664077758789,
    "min": 9.833127114688978e-05,
    "max": 1026.2476806640625,
    "count": 8539
  },
  "depth.building.delta1": {
    "mean": 0.37047243248046474,
    "std": 0.2383128388797699,
    "median": 0.34238094091415405,
    "min": 0.0,
    "max": 1.0,
    "count": 8539
  },
  "depth.building.delta2": {
    "mean": 0.6026175448371922,
    "std": 0.27175649870566887,
    "median": 0.6349633932113647,
    "min": 0.0,
    "max": 1.0,
    "count": 8539
  },
  "depth.building.delta3": {
    "mean": 0.7413157340960043,
    "std": 0.24724231767900928,
    "median": 0.8062500357627869,
    "min": 0.0,
    "max": 1.0,
    "count": 8539
  },
  "depth.building.rmse_log": {
    "mean": 0.626734741046793,
    "std": 0.3539476493632673,
    "median": 0.5596978068351746,
    "min": 0.0019228369928896427,
    "max": 3.8677141666412354,
    "count": 8539
  },
  "depth.building.si_log": {
    "mean": 0.47808284102368515,
    "std": 0.2363392403701744,
    "median": 0.46207189559936523,
    "min": 0.0,
    "max": 1.6837973594665527,
    "count": 8539
  },
  "depth.non_building.mae": {
    "mean": 3.4444700522116976,
    "std": 1.2725762826749338,
    "median": 3.472692131996155,
    "min": 0.3410147428512573,
    "max": 8.79818058013916,
    "count": 12240
  },
  "depth.non_building.rmse": {
    "mean": 6.327168273765082,
    "std": 2.1909401223360088,
    "median": 6.625826597213745,
    "min": 0.5216092467308044,
    "max": 14.63005542755127,
    "count": 12240
  },
  "depth.non_building.abs_rel": {
    "mean": 0.26735659117560856,
    "std": 0.1552474778573415,
    "median": 0.22168263047933578,
    "min": 0.040080465376377106,
    "max": 0.9623894691467285,
    "count": 12240
  },
  "depth.non_building.sq_rel": {
    "mean": 2.9675798761865333,
    "std": 2.555901473576357,
    "median": 2.2348281145095825,
    "min": 0.03158195689320564,
    "max": 21.163288116455078,
    "count": 12240
  },
  "depth.non_building.delta1": {
    "mean": 0.6949185825312157,
    "std": 0.193319737671603,
    "median": 0.7505960464477539,
    "min": 0.17639489471912384,
    "max": 0.9947222471237183,
    "count": 12240
  },
  "depth.non_building.delta2": {
    "mean": 0.8910580912081439,
    "std": 0.07371580540470424,
    "median": 0.9035506546497345,
    "min": 0.4382789731025696,
    "max": 0.9999999403953552,
    "count": 12240
  },
  "depth.non_building.delta3": {
    "mean": 0.9454534253458572,
    "std": 0.04417092694678249,
    "median": 0.9561748206615448,
    "min": 0.7438911199569702,
    "max": 1.0,
    "count": 12240
  },
  "depth.non_building.rmse_log": {
    "mean": 0.31732363771750693,
    "std": 0.12834233564414238,
    "median": 0.2975393235683441,
    "min": 0.05953482910990715,
    "max": 0.6978377103805542,
    "count": 12240
  },
  "depth.non_building.si_log": {
    "mean": 0.31326294318085013,
    "std": 0.12861189957729335,
    "median": 0.29340311884880066,
    "min": 0.056681498885154724,
    "max": 0.6966179013252258,
    "count": 12240
  },
  "normals.full.angular_mean": {
    "mean": 93.48913015664793,
    "std": 1.8545053848344757,
    "median": 93.72393035888672,
    "min": 80.8001937866211,
    "max": 100.13920593261719,
    "count": 12240
  },
  "normals.full.angular_median": {
    "mean": 87.12576514038385,
    "std": 0.9982171887597869,
    "median": 87.23689651489258,
    "min": 75.8916244506836,
    "max": 90.0,
    "count": 12240
  },
  "normals.full.inlier_11_25": {
    "mean": 0.045520575352057245,
    "std": 0.012065786148640076,
    "median": 0.046853723004460335,
    "min": 0.007313803303986788,
    "max": 0.09025012701749802,
    "count": 12240
  },
  "normals.full.inlier_22_5": {
    "mean": 0.09516621060012018,
    "std": 0.012340824460631759,
    "median": 0.09666130319237709,
    "min": 0.036192383617162704,
    "max": 0.14062120020389557,
    "count": 12240
  },
  "normals.full.inlier_30": {
    "mean": 0.11776254883194281,
    "std": 0.010528824083760734,
    "median": 0.11857906728982925,
    "min": 0.0679146945476532,
    "max": 0.1652127206325531,
    "count": 12240
  },
  "normals.building.angular_mean": {
    "mean": 81.36139438118529,
    "std": 6.769702212682926,
    "median": 81.74270629882812,
    "min": 9.087921142578125,
    "max": 174.34341430664062,
    "count": 8539
  },
  "normals.building.angular_median": {
    "mean": 85.11913234065939,
    "std": 6.579577892819129,
    "median": 85.48128509521484,
    "min": 2.9401142597198486,
    "max": 170.5547332763672,
    "count": 8539
  },
  "normals.building.inlier_11_25": {
    "mean": 0.06413588609747052,
    "std": 0.05188270299898003,
    "median": 0.05012761801481247,
    "min": 0.0,
    "max": 0.6666666865348816,
    "count": 8539
  },
  "normals.building.inlier_22_5": {
    "mean": 0.13466315298647802,
    "std": 0.062331110064661986,
    "median": 0.12105463445186615,
    "min": 0.0,
    "max": 1.0,
    "count": 8539
  },
  "normals.building.inlier_30": {
    "mean": 0.17150474916218697,
    "std": 0.060571674277334196,
    "median": 0.1600126028060913,
    "min": 0.0,
    "max": 1.0,
    "count": 8539
  },
  "planarity.building.residual_mean": {
    "mean": 0.4115341606675637,
    "std": 0.3308198274618256,
    "median": 0.40717124938964844,
    "min": 0.00923158973455429,
    "max": 21.162336349487305,
    "count": 8134
  },
  "planarity.building.residual_median": {
    "mean": 0.3847108036530428,