{
  "depth.full.mae": {
    "mean": 5.64330408323824,
    "std": 1.7438603815960938,
    "median": 5.945797681808472,
    "min": 0.31499162316322327,
    "max": 14.762846946716309,
    "count": 12240
  },
  "depth.full.rmse": {
    "mean": 10.089851215654631,
    "std": 3.2746649676652346,
    "median": 10.71071481704712,
    "min": 0.418595552444458,
    "max": 23.780315399169922,
    "count": 12240
  },
  "depth.full.abs_rel": {
    "mean": 0.3414874328400794,
    "std": 0.14544294719821374,
    "median": 0.2988453358411789,
    "min": 0.054311346262693405,
    "max": 1.0519583225250244,
    "count": 12240
  },
  "depth.full.sq_rel": {
    "mean": 3.570147741150592,
    "std": 1.739567357418143,
    "median": 3.5082322359085083,
    "min": 0.029145291075110435,
    "max": 21.48716163635254,
    "count": 12240
  },
  "depth.full.delta1": {
    "mean": 0.44752660479238315,
    "std": 0.18884198170785485,
    "median": 0.4530007690191269,
    "min": 0.10497166961431503,
    "max": 0.9943656921386719,
    "count": 12240
  },
  "depth.full.delta2": {
    "mean": 0.7333514601613085,
    "std": 0.14113561877511485,
    "median": 0.7628306746482849,
    "min": 0.2444830685853958,
    "max": 0.9999999403953552,
    "count": 12240
  },
  "depth.full.delta3": {
    "mean": 0.8556622656950958,
    "std": 0.07527099198042535,
    "median": 0.8580308854579926,
    "min": 0.4348832666873932,
    "max": 1.0,
    "count": 12240
  },
  "depth.full.rmse_log": {
    "mean": 0.468754623560661,
    "std": 0.13216361307171418,
    "median": 0.4631544202566147,
    "min": 0.06963516026735306,
    "max": 0.8863396048545837,
    "count": 12240
  },
  "depth.full.si_log": {
    "mean": 0.4154661682008285,
    "std": 0.12743227835688167,
    "median": 0.4030243754386902,
    "min": 0.06960321217775345,
    "max": 0.8348655700683594,
    "count": 12240
  },
  "depth.building.mae": {
    "mean": 14.91359442621487,
    "std": 8.936119027006065,
    "median": 12.757243156433105,
    "min": 0.0903126448392868,
    "max": 56.70219802856445,
    "count": 8539
  },
  "depth.building.rmse": {
    "mean": 17.798790938975987,
    "std": 9.685320523278738,
    "median": 16.201745986938477,
    "min": 0.09864278882741928,
    "max": 56.71443176269531,
    "count": 8539
  },
  "depth.building.abs_rel": {
    "mean": 0.9496446784564119,
    "std": 1.508222289396036,
    "median": 0.5940828323364258,
    "min": 0.008190188556909561,
    "max": 50.56486511230469,
    "count": 8539
  },
  "depth.building.sq_rel": {
    "mean": 15.15284571005454,
    "std": 24.058302441175375,
    "median": 11.230281829833984,
    "min": 0.0014886739663779736,
    "max": 942.3847045898438,
    "count": 8539
  },
  "depth.building.delta1": {
    "mean": 0.16939622679327904,
    "std": 0.18826986008181232,
    "median": 0.11561354249715805,
    "min": 0.0,
    "max": 1.0,
    "count": 8539
  },
  "depth.building.delta2": {
    "mean": 0.33890891181435007,
    "std": 0.26224288330062717,
    "median": 0.28999999165534973,
    "min": 0.0,
    "max": 1.0,
    "count": 8539
  },
  "depth.building.delta3": {
    "mean": 0.5122034519855788,
    "std": 0.28558418270365044,
    "median": 0.5064103007316589,
    "min": 0.0,
    "max": 1.0,
    "count": 8539
  },
  "depth.building.rmse_log": {
    "mean": 0.8123064389116849,
    "std": 0.3353105400178969,
    "median": 0.7957550287246704,
    "min": 0.01136951707303524,
    "max": 3.9200050830841064,
    "count": 8539
  },
  "depth.building.si_log": {
    "mean": 0.5475066629500066,
    "std": 0.29672713604491385,
    "median": 0.5194846391677856,
    "min": 0.0,
    "max": 1.7562435865402222,
    "count": 8537
  },
  "depth.non_building.mae": {
    "mean": 5.341081932859094,
    "std": 1.769053896737442,
    "median": 5.655627489089966,
    "min": 0.31499162316322327,
    "max": 14.762846946716309,
    "count": 12240
  },
  "depth.non_building.rmse": {
    "mean": 9.657868356549857,
    "std": 3.2958365697456613,
    "median": 10.34105110168457,
    "min": 0.41841936111450195,
    "max": 23.780315399169922,
    "count": 12240
  },
  "depth.non_building.abs_rel": {
    "mean": 0.32680686481564847,
    "std": 0.13664314327418112,
    "median": 0.28994764387607574,
    "min": 0.054283466190099716,
    "max": 0.9494596123695374,
    "count": 12240
  },
  "depth.non_building.sq_rel": {
    "mean": 3.2832925568897813,
    "std": 1.6754640311977884,
    "median": 3.226944923400879,
    "min": 0.029116615653038025,
    "max": 18.730846405029297,
    "count": 12240
  },
  "depth.non_building.delta1": {
    "mean": 0.45704081987633427,
    "std": 0.19401849031929658,
    "median": 0.46320319175720215,
    "min": 0.10437939316034317,
    "max": 0.9943639039993286,
    "count": 12240
  },
  "depth.non_building.delta2": {
    "mean": 0.7467881063522857,
    "std": 0.1426817006094359,
    "median": 0.7752604782581329,
    "min": 0.24447570741176605,
    "max": 1.0,
    "count": 12240
  },
  "depth.non_building.delta3": {
    "mean": 0.8666818636305192,
    "std": 0.07312025725515733,
    "median": 0.8688402473926544,
    "min": 0.43574059009552,
    "max": 1.0,
    "count": 12240
  },
  "depth.non_building.rmse_log": {
    "mean": 0.45307974938631934,
    "std": 0.13064481585899718,
    "median": 0.4490014761686325,
    "min": 0.06960266828536987,
    "max": 0.8776329159736633,
    "count": 12240
  },
  "depth.non_building.si_log": {
    "mean": 0.39892767489845166,
    "std": 0.12277944240155675,
    "median": 0.3894701153039932,
    "min": 0.06957195699214935,
    "max": 0.8252281546592712,
    "count": 12240
  },
  "normals.full.angular_mean": {
    "mean": 87.88722275752647,
    "std": 1.7747461422583684,
    "median": 88.0615119934082,
    "min": 76.6087417602539,
    "max": 95.54536437988281,
    "count": 12240
  },
  "normals.full.angular_median": {
    "mean": 86.57460216198092,
    "std": 1.075894831227279,
    "median": 86.68270111083984,
    "min": 69.69175720214844,
    "max": 89.25753784179688,
    "count": 12240
  },
  "normals.full.inlier_11_25": {
    "mean": 0.05490774900098545,
    "std": 0.01093270155582152,
    "median": 0.056261906400322914,
    "min": 0.010949759744107723,
    "max": 0.09275892376899719,
    "count": 12240
  },
  "normals.full.inlier_22_5": {
    "mean": 0.10441003105940991,
    "std": 0.012878335734100906,
    "median": 0.1056220605969429,
    "min": 0.029754050076007843,
    "max": 0.14478228986263275,
    "count": 12240
  },
  "normals.full.inlier_30": {
    "mean": 0.1304345373201239,
    "std": 0.01224468506599468,
    "median": 0.13124846667051315,
    "min": 0.053957629948854446,
    "max": 0.17235951125621796,
    "count": 12240
  },
  "normals.building.angular_mean": {
    "mean": 76.8414620402714,
    "std": 4.313659597432327,
    "median": 75.88401794433594,
    "min": 48.30390930175781,
    "max": 160.22515869140625,
    "count": 8539
  },
  "normals.building.angular_median": {
    "mean": 84.05123111333064,
    "std": 3.7483343697983296,
    "median": 84.0902099609375,
    "min": 16.43186378479004,
    "max": 162.40103149414062,
    "count": 8539
  },
  "normals.building.inlier_11_25": {
    "mean": 0.03730183529389381,
    "std": 0.01759534288504525,
    "median": 0.03684661537408829,
    "min": 0.0,
    "max": 0.25,
    "count": 8539
  },
  "normals.building.inlier_22_5": {
    "mean": 0.11647922795625616,
    "std": 0.037100728735516494,
    "median": 0.11862189322710037,
    "min": 0.0,
    "max": 0.5,
    "count": 8539
  },
  "normals.building.inlier_30": {
    "mean": 0.16115805628708513,
    "std": 0.03998324051765547,
    "median": 0.1666666716337204,
    "min": 0.0,
    "max": 0.5,
    "count": 8539
  },
  "planarity.building.residual_mean": {
    "mean": 0.32104866304323776,
    "std": 0.3085252903447047,
    "median": 0.28133703768253326,
    "min": 0.01071836706250906,
    "max": 9.037657737731934,
    "count": 8134
  },
  "planarity.building.residual_median": {
    "mean": 0.2777995389689494,