{
  "depth.full.mae": {
    "mean": 3.576015325338622,
    "std": 1.2335605077940486,
    "median": 3.683332920074463,
    "min": 0.5413792729377747,
    "max": 9.223158836364746,
    "count": 12240
  },
  "depth.full.rmse": {
    "mean": 6.536977928808701,
    "std": 2.1294261551667657,
    "median": 6.8955371379852295,
    "min": 0.789079487323761,
    "max": 15.059329986572266,
    "count": 12240
  },
  "depth.full.abs_rel": {
    "mean": 0.2704419278911029,
    "std": 0.1539542632766922,
    "median": 0.22604260593652725,
    "min": 0.03647346422076225,
    "max": 0.9839668273925781,
    "count": 12240
  },
  "depth.full.sq_rel": {
    "mean": 3.011099713311829,
    "std": 2.428474290616604,
    "median": 2.3661787509918213,
    "min": 0.04784654453396797,
    "max": 24.392929077148438,
    "count": 12240
  },
  "depth.full.delta1": {
    "mean": 0.6925099179526073,
    "std": 0.18403782224105533,
    "median": 0.7386720478534698,
    "min": 0.19359305500984192,
    "max": 0.9940357208251953,
    "count": 12240
  },
  "depth.full.delta2": {
    "mean": 0.884669553503102,
    "std": 0.07446683850159536,
    "median": 0.8956277072429657,
    "min": 0.48663556575775146,
    "max": 0.9998654723167419,
    "count": 12240
  },
  "depth.full.delta3": {
    "mean": 0.942398819936062,
    "std": 0.04515510719824984,
    "median": 0.9525343775749207,
    "min": 0.7485947012901306,
    "max": 1.0,
    "count": 12240
  },
  "depth.full.rmse_log": {
    "mean": 0.323300787102845,
    "std": 0.12743515276876016,
    "median": 0.3046540170907974,
    "min": 0.06051795184612274,
    "max": 0.6973137259483337,
    "count": 12240
  },
  "depth.full.si_log": {
    "mean": 0.3199468594784027,
    "std": 0.1275714057166079,
    "median": 0.300571084022522,
    "min": 0.06041726842522621,
    "max": 0.6970616579055786,
    "count": 12240
  },
  "depth.building.mae": {
    "mean": 9.664921254478024,
    "std": 5.290279977848088,
    "median": 9.1025390625,
    "min": 0.02984142303466797,
    "max": 51.74225616455078,
    "count": 8539
  },
  "depth.building.rmse": {
    "mean": 11.927158583797596,
    "std": 5.870942442531768,
    "median": 11.582747459411621,
    "min": 0.037794116884469986,
    "max": 51.779380798339844,
    "count": 8539
  },
  "depth.building.abs_rel": {
    "mean": 0.8263016237560687,
    "std": 1.1116175957773449,
    "median": 0.5269696116447449,
    "min": 0.002355169504880905,
    "max": 35.87150955200195,
    "count": 8539
  },
  "depth.building.sq_rel": {
    "mean": 14.017288880075508,
    "std": 23.474832688949192,
    "median": 7.904813289642334,
    "min": 0.00011273297423031181,
    "max": 617.332763671875,
    "count": 8539
  },
  "depth.building.delta1": {
    "mean": 0.3846831569373784,
    "std": 0.2312514860440976,
    "median": 0.3488527536392212,
    "min": 0.0,
    "max": 1.0,
    "count": 8539
  },
  "depth.building.delta2": {
    "mean": 0.6285829611142185,
    "std": 0.2517311748586765,
    "median": 0.6527870297431946,
    "min": 0.0,
    "max": 1.0,
    "count": 8539
  },
  "depth.building.delta3": {
    "mean": 0.7700105457322532,
    "std": 0.22056793529051835,
    "median": 0.8229963183403015,
    "min": 0.0,
    "max": 1.0,
    "count": 8539
  },
  "depth.building.rmse_log": {
    "mean": 0.5892349112797335,
    "std": 0.3185017205043772,
    "median": 0.5360718965530396,
    "min": 0.002976182382553816,
    "max": 3.5262491703033447,
    "count": 8539
  },
  "depth.building.si_log": {
    "mean": 0.4720744647728773,
    "std": 0.22849791132942388,
    "median": 0.45929959416389465,
    "min": 0.0,
    "max": 1.6832236051559448,
    "count": 8539
  },
  "depth.non_building.mae": {
    "mean": 3.3887558959254056,
    "std": 1.2435865189687125,
    "median": 3.4404860734939575,
    "min": 0.33835768699645996,
    "max": 9.223158836364746,
    "count": 12240
  },
  "depth.non_building.rmse": {
    "mean": 6.266426202128915,
    "std": 2.160032074984518,
    "median": 6.596781969070435,
    "min": 0.5294371247291565,
    "max": 15.059329986572266,
    "count": 12240
  },
  "depth.non_building.abs_rel": {
    "mean": 0.255779993114993,
    "std": 0.14476836113182695,
    "median": 0.21525730192661285,
    "min": 0.03647346422076225,
    "max": 0.9111678600311279,
    "count": 12240
  },
  "depth.non_building.sq_rel": {
    "mean": 2.735007403923649,
    "std": 2.2988455035397006,
    "median": 2.0972591638565063,
    "min": 0.02921183779835701,
    "max": 19.483192443847656,
    "count": 12240
  },
  "depth.non_building.delta1": {
    "mean": 0.7031693039279358,
    "std": 0.1853379155186534,
    "median": 0.7514805197715759,
    "min": 0.17287921905517578,
    "max": 0.996284008026123,
    "count": 12240
  },
  "depth.non_building.delta2": {
    "mean": 0.892937195559148,
    "std": 0.07063376683386936,
    "median": 0.9035931825637817,
    "min": 0.48738032579421997,
    "max": 1.0,
    "count": 12240
  },
  "depth.non_building.delta3": {
    "mean": 0.9474213716981847,
    "std": 0.042202319907214854,
    "median": 0.9573911726474762,
    "min": 0.7485947012901306,
    "max": 1.0,
    "count": 12240
  },
  "depth.non_building.rmse_log": {
    "mean": 0.3107263959174233,
    "std": 0.12323333316544711,
    "median": 0.29393139481544495,
    "min": 0.05660451203584671,
    "max": 0.6727399826049805,
    "count": 12240
  },
  "depth.non_building.si_log": {
    "mean": 0.3065991484903992,
    "std": 0.12328381341637377,
    "median": 0.2894795686006546,
    "min": 0.054670363664627075,
    "max": 0.6703768372535706,
    "count": 12240
  },
  "normals.full.angular_mean": {
    "mean": 93.53438052445455,
    "std": 1.952542329958064,
    "median": 93.79342651367188,
    "min": 80.57001495361328,
    "max": 100.34770202636719,
    "count": 12240
  },
  "normals.full.angular_median": {
    "mean": 87.06206859825484,
    "std": 0.9850344521711075,
    "median": 87.18038558959961,
    "min": 76.15559387207031,
    "max": 90.0,
    "count": 12240
  },
  "normals.full.inlier_11_25": {
    "mean": 0.04662833622792961,
    "std": 0.012544756283060964,
    "median": 0.04803541302680969,
    "min": 0.006978669669479132,
    "max": 0.09390976279973984,
    "count": 12240
  },
  "normals.full.inlier_22_5": {
    "mean": 0.0966000554060527,
    "std": 0.01247672236335649,
    "median": 0.09811919555068016,
    "min": 0.035802099853754044,
    "max": 0.1441316157579422,
    "count": 12240
  },
  "normals.full.inlier_30": {
    "mean": 0.11843972889694318,
    "std": 0.010684327111973252,
    "median": 0.1193380318582058,
    "min": 0.06680919975042343,
    "max": 0.16568787395954132,
    "count": 12240
  },
  "normals.building.angular_mean": {
    "mean": 81.15691737093347,
    "std": 6.754249813769563,
    "median": 81.60980987548828,
    "min": 7.8756327629089355,
    "max": 174.55404663085938,
    "count": 8539
  },
  "normals.building.angular_median": {
    "mean": 85.12851776721006,
    "std": 6.564955802809427,
    "median": 85.5378646850586,
    "min": 2.075279951095581,
    "max": 171.53868103027344,
    "count": 8539
  },
  "normals.building.inlier_11_25": {
    "mean": 0.06853029350978916,
    "std": 0.05693172592153729,
    "median": 0.052068475633859634,
    "min": 0.0,
    "max": 1.0,
    "count": 8539
  },
  "normals.building.inlier_22_5": {
    "mean": 0.13784393149550553,
    "std": 0.06478175246795544,
    "median": 0.1231360137462616,
    "min": 0.0,
    "max": 1.0,
    "count": 8539
  },
  "normals.building.inlier_30": {
    "mean": 0.17380318635253825,
    "std": 0.06167618242765257,
    "median": 0.1620478481054306,
    "min": 0.0,
    "max": 1.0,
    "count": 8539
  },
  "planarity.building.residual_mean": {
    "mean": 0.38021484813232725,
    "std": 0.30005857608867215,
    "median": 0.37455880641937256,
    "min": 0.008307082578539848,
    "max": 19.495458602905273,
    "count": 8134
  },
  "planarity.building.residual_median": {
    "mean": 0.3529479215085325,
    "std": 0.30056265451605507,