{
  "depth.full.mae": {
    "mean": 5.523195484679898,
    "std": 1.7113941819755556,
    "median": 5.809802532196045,
    "min": 0.31251952052116394,
    "max": 14.666475296020508,
    "count": 12240
  },
  "depth.full.rmse": {
    "mean": 10.163570672239548,
    "std": 3.2857007834870187,
    "median": 10.773497104644775,
    "min": 0.413194477558136,
    "max": 23.954097747802734,
    "count": 12240
  },
  "depth.full.abs_rel": {
    "mean": 0.31784583345585155,
    "std": 0.14581262356324404,
    "median": 0.2746771425008774,
    "min": 0.05749770998954773,
    "max": 1.0252506732940674,
    "count": 12240
  },
  "depth.full.sq_rel": {
    "mean": 3.5198968625263753,
    "std": 1.7005237456021969,
    "median": 3.4664374589920044,
    "min": 0.031040498986840248,
    "max": 21.040008544921875,
    "count": 12240
  },
  "depth.full.delta1": {
    "mean": 0.5321801637195879,
    "std": 0.19623701359890483,
    "median": 0.5957006812095642,
    "min": 0.10176413506269455,
    "max": 0.9971333146095276,
    "count": 12240
  },
  "depth.full.delta2": {
    "mean": 0.7565759015604366,
    "std": 0.10984727967060565,
    "median": 0.7654252052307129,
    "min": 0.2512759864330292,
    "max": 1.0,
    "count": 12240
  },
  "depth.full.delta3": {
    "mean": 0.8550419423290911,
    "std": 0.07122675662452557,
    "median": 0.8552526831626892,
    "min": 0.4829969108104706,
    "max": 1.0,
    "count": 12240
  },
  "depth.full.rmse_log": {
    "mean": 0.45816947271913483,
    "std": 0.12934455959692495,
    "median": 0.45329543948173523,
    "min": 0.07202836126089096,
    "max": 0.8672105669975281,
    "count": 12240
  },
  "depth.full.si_log": {
    "mean": 0.4169387479020538,
    "std": 0.1247460996860694,
    "median": 0.40789560973644257,
    "min": 0.07202746719121933,
    "max": 0.8264927268028259,
    "count": 12240
  },
  "depth.building.mae": {
    "mean": 15.083989016613769,
    "std": 9.084919757176811,
    "median": 12.847115516662598,
    "min": 0.02497795782983303,
    "max": 57.24142837524414,
    "count": 8539
  },
  "depth.building.rmse": {
    "mean": 17.993690251111758,
    "std": 9.83217263577054,
    "median": 16.372583389282227,
    "min": 0.04239507392048836,
    "max": 57.25358963012695,
    "count": 8539
  },
  "depth.building.abs_rel": {
    "mean": 0.9401248756589358,
    "std": 1.470836655031479,
    "median": 0.5970324873924255,
    "min": 0.0018242202932015061,
    "max": 49.601383209228516,
    "count": 8539
  },
  "depth.building.sq_rel": {
    "mean": 15.038855435664152,
    "std": 23.038246920479775,
    "median": 11.277238845825195,
    "min": 0.0001313317334279418,
    "max": 906.8321533203125,
    "count": 8539
  },
  "depth.building.delta1": {
    "mean": 0.16401358229869842,
    "std": 0.1850028803446245,
    "median": 0.11130667477846146,
    "min": 0.0,
    "max": 1.0,
    "count": 8539
  },
  "depth.building.delta2": {
    "mean": 0.3294259797612816,
    "std": 0.25871500515556217,
    "median": 0.2793072760105133,
    "min": 0.0,
    "max": 1.0,
    "count": 8539
  },
  "depth.building.delta3": {
    "mean": 0.5015436770451268,
    "std": 0.28494132874011135,
    "median": 0.4948716163635254,
    "min": 0.0,
    "max": 1.0,
    "count": 8539
  },
  "depth.building.rmse_log": {
    "mean": 0.8216795624732055,
    "std": 0.33173210326285035,
    "median": 0.8065097332000732,
    "min": 0.0031084271613508463,
    "max": 3.901121139526367,
    "count": 8539
  },
  "depth.building.si_log": {
    "mean": 0.5468523838226443,
    "std": 0.2964344660428929,
    "median": 0.5191366374492645,
    "min": 0.0,
    "max": 1.7530293464660645,
    "count": 8538
  },
  "depth.non_building.mae": {
    "mean": 5.208043769958849,
    "std": 1.7446508421093891,
    "median": 5.514493227005005,
    "min": 0.31251952052116394,
    "max": 14.666475296020508,
    "count": 12240
  },
  "depth.non_building.rmse": {
    "mean": 9.720796947429578,
    "std": 3.3120418713805306,
    "median": 10.41896915435791,
    "min": 0.413194477558136,
    "max": 23.954097747802734,
    "count": 12240
  },
  "depth.non_building.abs_rel": {
    "mean": 0.30212640802351626,
    "std": 0.13733646723558043,
    "median": 0.26489993929862976,
    "min": 0.057489946484565735,
    "max": 0.9234619140625,
    "count": 12240
  },
  "depth.non_building.sq_rel": {
    "mean": 3.229161405662726,
    "std": 1.6417267511564024,
    "median": 3.1756246089935303,
    "min": 0.031035667285323143,
    "max": 18.333065032958984,
    "count": 12240
  },
  "depth.non_building.delta1": {
    "mean": 0.5459589766514993,
    "std": 0.20235270990211035,
    "median": 0.6086080074310303,
    "min": 0.09815305471420288,
    "max": 0.997132420539856,
    "count": 12240
  },
  "depth.non_building.delta2": {
    "mean": 0.7721410729064077,
    "std": 0.11015940529668046,
    "median": 0.7795875072479248,
    "min": 0.25230300426483154,
    "max": 1.0,
    "count": 12240
  },
  "depth.non_building.delta3": {
    "mean": 0.8666542669478196,
    "std": 0.06925668833725739,
    "median": 0.8668306767940521,
    "min": 0.4841141104698181,
    "max": 1.0,
    "count": 12240
  },
  "depth.non_building.rmse_log": {
    "mean": 0.44056214379645836,
    "std": 0.12859085151264146,
    "median": 0.4376998394727707,
    "min": 0.07202256470918655,
    "max": 0.8579459190368652,
    "count": 12240
  },
  "depth.non_building.si_log": {
    "mean": 0.39952433435733314,
    "std": 0.12142989587984131,
    "median": 0.3937211036682129,
    "min": 0.06906091421842575,
    "max": 0.8166053891181946,
    "count": 12240
  },
  "normals.full.angular_mean": {
    "mean": 87.83908974267298,
    "std": 2.0026554726393884,
    "median": 88.05292510986328,
    "min": 75.58108520507812,
    "max": 97.08856201171875,
    "count": 12240
  },
  "normals.full.angular_median": {
    "mean": 86.31601706299128,
    "std": 1.016618320586745,
    "median": 86.41242218017578,
    "min": 68.84989166259766,
    "max": 89.1834716796875,
    "count": 12240
  },
  "normals.full.inlier_11_25": {
    "mean": 0.05397828579887906,
    "std": 0.010539021910504503,
    "median": 0.05505204573273659,
    "min": 0.00886344350874424,
    "max": 0.09081616997718811,
    "count": 12240
  },
  "normals.full.inlier_22_5": {
    "mean": 0.11183896975247859,
    "std": 0.013255966419045643,
    "median": 0.11332420632243156,
    "min": 0.024653254076838493,
    "max": 0.1521134227514267,
    "count": 12240
  },
  "normals.full.inlier_30": {
    "mean": 0.13613071289290887,
    "std": 0.012571349194701868,
    "median": 0.13724593818187714,
    "min": 0.043576549738645554,
    "max": 0.1755988895893097,
    "count": 12240
  },
  "normals.building.angular_mean": {
    "mean": 75.42930007301989,
    "std": 3.875153867301872,
    "median": 74.6195068359375,
    "min": 46.878963470458984,
    "max": 173.20086669921875,
    "count": 8539
  },
  "normals.building.angular_median": {
    "mean": 84.56573877022994,
    "std": 3.556092972175394,
    "median": 84.80416107177734,
    "min": 16.42326545715332,
    "max": 176.3738250732422,
    "count": 8539
  },
  "normals.building.inlier_11_25": {
    "mean": 0.05214060168008323,
    "std": 0.022810861963007814,
    "median": 0.05238774046301842,
    "min": 0.0,
    "max": 0.25,
    "count": 8539
  },
  "normals.building.inlier_22_5": {
    "mean": 0.1390243687845059,
    "std": 0.041321269167270996,
    "median": 0.14385364949703217,
    "min": 0.0,
    "max": 0.5,
    "count": 8539
  },
  "normals.building.inlier_30": {
    "mean": 0.17710699475811958,
    "std": 0.039682004016492106,
    "median": 0.18452048301696777,
    "min": 0.0,
    "max": 0.5,
    "count": 8539
  },
  "planarity.building.residual_mean": {
    "mean": 0.3171735606441961,
    "std": 0.30639656435085383,
    "median": 0.27610020339488983,
    "min": 0.0075276256538927555,
    "max": 8.489441871643066,
    "count": 8134
  },
  "planarity.building.residual_median": {
    "mean": 0.27539940799365725,
    "std": 0.3048159994446437,