{
  "depth.full.mae": {
    "mean": 3.574766733297725,
    "std": 1.2285623061864115,
    "median": 3.6787766218185425,
    "min": 0.5528209805488586,
    "max": 9.15691089630127,
    "count": 12240
  },
  "depth.full.rmse": {
    "mean": 6.539153910170193,
    "std": 2.1246886121228514,
    "median": 6.89167594909668,
    "min": 0.781639814376831,
    "max": 14.992231369018555,
    "count": 12240
  },
  "depth.full.abs_rel": {
    "mean": 0.27045630973861157,
    "std": 0.1535373130206822,
    "median": 0.22631872445344925,
    "min": 0.036893896758556366,
    "max": 0.9831475019454956,
    "count": 12240
  },
  "depth.full.sq_rel": {
    "mean": 3.0087881650684363,
    "std": 2.4182766242962455,
    "median": 2.3697363138198853,
    "min": 0.049207303673028946,
    "max": 24.314485549926758,
    "count": 12240
  },
  "depth.full.delta1": {
    "mean": 0.6928822883958715,
    "std": 0.1832419274389413,
    "median": 0.7387407124042511,
    "min": 0.19352416694164276,
    "max": 0.993959903717041,
    "count": 12240
  },
  "depth.full.delta2": {
    "mean": 0.8846909508596059,
    "std": 0.07423584837719316,
    "median": 0.8955817520618439,
    "min": 0.5007216930389404,
    "max": 0.999826192855835,
    "count": 12240
  },
  "depth.full.delta3": {
    "mean": 0.9423478272372211,
    "std": 0.045113292884708785,
    "median": 0.9524443447589874,
    "min": 0.7478750944137573,
    "max": 1.0,
    "count": 12240
  },
  "depth.full.rmse_log": {
    "mean": 0.32333319843533675,
    "std": 0.12711385618460155,
    "median": 0.30478665232658386,
    "min": 0.06107162684202194,
    "max": 0.6951231956481934,
    "count": 12240
  },
  "depth.full.si_log": {
    "mean": 0.320000398599427,
    "std": 0.1272637227002439,
    "median": 0.30061212182044983,
    "min": 0.06102835759520531,
    "max": 0.6949051022529602,
    "count": 12240
  },
  "depth.building.mae": {
    "mean": 9.643559845388879,
    "std": 5.284993531658136,
    "median": 9.06484603881836,
    "min": 0.06787729263305664,
    "max": 51.81315612792969,
    "count": 8539
  },
  "depth.building.rmse": {
    "mean": 11.914850166669313,
    "std": 5.876943121053912,
    "median": 11.570167541503906,
    "min": 0.07206365466117859,
    "max": 51.84589767456055,
    "count": 8539
  },
  "depth.building.abs_rel": {
    "mean": 0.8212222158610546,
    "std": 1.1052384693014325,
    "median": 0.5244272351264954,
    "min": 0.005357067566365004,
    "max": 36.160133361816406,
    "count": 8539
  },
  "depth.building.sq_rel": {
    "mean": 13.836456336156884,
    "std": 23.08563655436495,
    "median": 7.86078405380249,
    "min": 0.00040985969826579094,
    "max": 621.7937622070312,
    "count": 8539
  },
  "depth.building.delta1": {
    "mean": 0.3849834711118843,
    "std": 0.2305482046801259,
    "median": 0.34964898228645325,
    "min": 0.0,
    "max": 1.0,
    "count": 8539
  },
  "depth.building.delta2": {
    "mean": 0.6288436656236304,
    "std": 0.251415298733853,
    "median": 0.6532986164093018,
    "min": 0.0,
    "max": 1.0,
    "count": 8539
  },
  "depth.building.delta3": {
    "mean": 0.7702596647583814,
    "std": 0.22028299224661685,
    "median": 0.82275390625,
    "min": 0.0,
    "max": 1.0,
    "count": 8539
  },
  "depth.building.rmse_log": {
    "mean": 0.5880674093945137,
    "std": 0.3171989870838234,
    "median": 0.5349758267402649,
    "min": 0.005706219933927059,
    "max": 3.536770820617676,
    "count": 8539
  },
  "depth.building.si_log": {
    "mean": 0.471316103786223,
    "std": 0.22783073514523555,
    "median": 0.45850417017936707,
    "min": 0.0,
    "max": 1.6831235885620117,
    "count": 8539
  },
  "depth.non_building.mae": {
    "mean": 3.387363820243018,
    "std": 1.239283796949043,
    "median": 3.4373505115509033,
    "min": 0.34121719002723694,
    "max": 9.15691089630127,
    "count": 12240
  },
  "depth.non_building.rmse": {
    "mean": 6.267886224690995,
    "std": 2.1565248162521065,
    "median": 6.596890926361084,
    "min": 0.5307827591896057,
    "max": 14.992231369018555,
    "count": 12240
  },
  "depth.non_building.abs_rel": {
    "mean": 0.25583591243629555,
    "std": 0.14439292972746132,
    "median": 0.2156679555773735,
    "min": 0.036893896758556366,
    "max": 0.9098038077354431,
    "count": 12240
  },
  "depth.non_building.sq_rel": {
    "mean": 2.7346661989844945,
    "std": 2.290765809955049,
    "median": 2.1053197383880615,
    "min": 0.029829896986484528,
    "max": 19.410837173461914,
    "count": 12240
  },
  "depth.non_building.delta1": {
    "mean": 0.7035905774220143,
    "std": 0.18453676144086584,
    "median": 0.7514868676662445,
    "min": 0.17451907694339752,
    "max": 0.9961224794387817,
    "count": 12240
  },
  "depth.non_building.delta2": {
    "mean": 0.8929775552178909,
    "std": 0.07038818117200733,
    "median": 0.903623640537262,
    "min": 0.5015612840652466,
    "max": 0.9999999403953552,
    "count": 12240
  },
  "depth.non_building.delta3": {
    "mean": 0.9473754038364669,
    "std": 0.04215004324294395,
    "median": 0.9573681652545929,
    "min": 0.7478750944137573,
    "max": 1.0,
    "count": 12240
  },
  "depth.non_building.rmse_log": {
    "mean": 0.3107707369521723,
    "std": 0.12292848710277386,
    "median": 0.293881431221962,
    "min": 0.05718681961297989,
    "max": 0.6705371141433716,
    "count": 12240
  },
  "depth.non_building.si_log": {
    "mean": 0.30668104346111125,
    "std": 0.12300085120849151,
    "median": 0.2897305339574814,
    "min": 0.05537497624754906,
    "max": 0.6683226823806763,
    "count": 12240
  },
  "normals.full.angular_mean": {
    "mean": 93.50010947246177,
    "std": 1.9367605469998788,
    "median": 93.75762557983398,
    "min": 80.69438171386719,
    "max": 100.24777221679688,
    "count": 12240
  },
  "normals.full.angular_median": {
    "mean": 87.07996533213098,
    "std": 0.9877276640315225,
    "median": 87.19913482666016,
    "min": 76.13964080810547,
    "max": 90.0,
    "count": 12240
  },
  "normals.full.inlier_11_25": {
    "mean": 0.04671498052281285,
    "std": 0.012533666260441337,
    "median": 0.04810117371380329,
    "min": 0.006899814587086439,
    "max": 0.09379982203245163,
    "count": 12240
  },
  "normals.full.inlier_22_5": {
    "mean": 0.09662969828053725,
    "std": 0.01245810154116779,
    "median": 0.09813553839921951,
    "min": 0.035776082426309586,
    "max": 0.1438724547624588,
    "count": 12240
  },
  "normals.full.inlier_30": {
    "mean": 0.11857175728415742,
    "std": 0.01065604718681583,
    "median": 0.11948706954717636,
    "min": 0.06677117943763733,
    "max": 0.16625747084617615,
    "count": 12240
  },
  "normals.building.angular_mean": {
    "mean": 81.06911180359738,
    "std": 6.72911409117623,
    "median": 81.5320053100586,
    "min": 7.230657577514648,
    "max": 174.456298828125,
    "count": 8539
  },
  "normals.building.angular_median": {
    "mean": 85.18875939157225,
    "std": 6.553868740799326,
    "median": 85.57821655273438,
    "min": 2.7597439289093018,
    "max": 170.67662048339844,
    "count": 8539
  },
  "normals.building.inlier_11_25": {
    "mean": 0.06915145974468251,
    "std": 0.05688045229959214,
    "median": 0.05250305309891701,
    "min": 0.0,
    "max": 1.0,
    "count": 8539
  },
  "normals.building.inlier_22_5": {
    "mean": 0.13901796811834521,
    "std": 0.06502787937491292,
    "median": 0.12428264319896698,
    "min": 0.0,
    "max": 1.0,
    "count": 8539
  },
  "normals.building.inlier_30": {
    "mean": 0.1748728157064841,
    "std": 0.06182813765264603,
    "median": 0.16294658184051514,
    "min": 0.0,
    "max": 1.0,
    "count": 8539
  },
  "planarity.building.residual_mean": {
    "mean": 0.37976439902959663,
    "std": 0.30102627244530333,
    "median": 0.3734840154647827,
    "min": 0.008406422100961208,
    "max": 19.554492950439453,
    "count": 8134
  },
  "planarity.building.residual_median": {
    "mean": 0.35261717833267614,
    "std": 0.30195564830213245,