{
  "depth.full.mae": {
    "mean": 3.582055694424833,
    "std": 1.2337867388519186,
    "median": 3.685317635536194,
    "min": 0.5367476344108582,
    "max": 9.217852592468262,
    "count": 12240
  },
  "depth.full.rmse": {
    "mean": 6.546320106230335,
    "std": 2.130400281937147,
    "median": 6.906265497207642,
    "min": 0.7578979730606079,
    "max": 15.085884094238281,
    "count": 12240
  },
  "depth.full.abs_rel": {
    "mean": 0.2706010883135319,
    "std": 0.1545776727701958,
    "median": 0.2253222092986107,
    "min": 0.038541559129953384,
    "max": 0.9850007891654968,
    "count": 12240
  },
  "depth.full.sq_rel": {
    "mean": 2.9951691931932314,
    "std": 2.4046149227063762,
    "median": 2.3560829162597656,
    "min": 0.047423917800188065,
    "max": 23.846927642822266,
    "count": 12240
  },
  "depth.full.delta1": {
    "mean": 0.693763310079968,
    "std": 0.1806923419438478,
    "median": 0.7372129559516907,
    "min": 0.1918022483587265,
    "max": 0.9935599565505981,
    "count": 12240
  },
  "depth.full.delta2": {
    "mean": 0.8837397107330996,
    "std": 0.07507975352656839,
    "median": 0.8946495056152344,
    "min": 0.4960801899433136,
    "max": 0.9998133182525635,
    "count": 12240
  },
  "depth.full.delta3": {
    "mean": 0.9419177819116443,
    "std": 0.045714605654223514,
    "median": 0.9523240029811859,
    "min": 0.7480002045631409,
    "max": 1.0,
    "count": 12240
  },
  "depth.full.rmse_log": {
    "mean": 0.3237688276995874,
    "std": 0.12781966770451145,
    "median": 0.30470769107341766,
    "min": 0.06031683832406998,
    "max": 0.6980031132698059,
    "count": 12240
  },
  "depth.full.si_log": {
    "mean": 0.32053506867838355,
    "std": 0.12797820743603477,
    "median": 0.3008369505405426,
    "min": 0.06030641496181488,
    "max": 0.6978529691696167,
    "count": 12240
  },
  "depth.building.mae": {
    "mean": 9.716791274534943,
    "std": 5.280447630238708,
    "median": 9.152633666992188,
    "min": 0.021785497665405273,
    "max": 51.850616455078125,
    "count": 8539
  },
  "depth.building.rmse": {
    "mean": 11.958329722112072,
    "std": 5.8517969107406875,
    "median": 11.614666938781738,
    "min": 0.026074346154928207,
    "max": 51.88195037841797,
    "count": 8539
  },
  "depth.building.abs_rel": {
    "mean": 0.8403212706100353,
    "std": 1.151579420774492,
    "median": 0.5307679176330566,
    "min": 0.0017193729290738702,
    "max": 38.587379455566406,
    "count": 8539
  },
  "depth.building.sq_rel": {
    "mean": 14.051101990390041,
    "std": 23.626671223480688,
    "median": 7.965762138366699,
    "min": 5.365737888496369e-05,
    "max": 682.052978515625,
    "count": 8539
  },
  "depth.building.delta1": {
    "mean": 0.3801131075431791,
    "std": 0.23338816597138484,
    "median": 0.344656378030777,
    "min": 0.0,
    "max": 1.0,
    "count": 8539
  },
  "depth.building.delta2": {
    "mean": 0.6226520926803876,
    "std": 0.25622405172085716,
    "median": 0.6481969356536865,
    "min": 0.0,
    "max": 1.0,
    "count": 8539
  },
  "depth.building.delta3": {
    "mean": 0.7653210966278017,
    "std": 0.2257944565691152,
    "median": 0.8207008838653564,
    "min": 0.0,
    "max": 1.0,
    "count": 8539
  },
  "depth.building.rmse_log": {
    "mean": 0.5937000497528472,
    "std": 0.3236277898018561,
    "median": 0.5374487042427063,
    "min": 0.0020606208126991987,
    "max": 3.6072771549224854,
    "count": 8539
  },
  "depth.building.si_log": {
    "mean": 0.4724239615870097,
    "std": 0.23003909213970228,
    "median": 0.4591284692287445,
    "min": 0.0,
    "max": 1.6835331916809082,
    "count": 8539
  },
  "depth.non_building.mae": {
    "mean": 3.3935630559093424,
    "std": 1.2433170082849163,
    "median": 3.443601608276367,
    "min": 0.336428165435791,
    "max": 9.217852592468262,
    "count": 12240
  },
  "depth.non_building.rmse": {
    "mean": 6.275486777898143,
    "std": 2.1601677281537772,
    "median": 6.609218597412109,
    "min": 0.5218088030815125,
    "max": 15.085884094238281,
    "count": 12240
  },
  "depth.non_building.abs_rel": {
    "mean": 0.255677653116241,
    "std": 0.1450912397227604,
    "median": 0.2145114690065384,
    "min": 0.038541559129953384,
    "max": 0.9087902307510376,
    "count": 12240
  },
  "depth.non_building.sq_rel": {
    "mean": 2.7192605667641034,
    "std": 2.274138532206519,
    "median": 2.0934947729110718,
    "min": 0.02932301163673401,
    "max": 19.071956634521484,
    "count": 12240
  },
  "depth.non_building.delta1": {
    "mean": 0.7046814679953397,
    "std": 0.1817532564482781,
    "median": 0.7501096427440643,
    "min": 0.18580888211727142,
    "max": 0.9958962798118591,
    "count": 12240
  },
  "depth.non_building.delta2": {
    "mean": 0.8921017568753241,
    "std": 0.0711058404771143,
    "median": 0.9029290080070496,
    "min": 0.49694058299064636,
    "max": 0.9999999403953552,
    "count": 12240
  },
  "depth.non_building.delta3": {
    "mean": 0.947020422136472,
    "std": 0.042641390178215964,
    "median": 0.9571598470211029,
    "min": 0.7480002045631409,
    "max": 1.0,
    "count": 12240
  },
  "depth.non_building.rmse_log": {
    "mean": 0.31104335039732306,
    "std": 0.12344125495045034,
    "median": 0.2938561886548996,
    "min": 0.056951072067022324,
    "max": 0.6743065118789673,
    "count": 12240
  },
  "depth.non_building.si_log": {
    "mean": 0.3070795541050923,
    "std": 0.12351500820171031,
    "median": 0.2895932197570801,
    "min": 0.05367334187030792,
    "max": 0.6721705198287964,
    "count": 12240
  },
  "normals.full.angular_mean": {
    "mean": 93.42797334957746,
    "std": 1.9301690010931105,
    "median": 93.68501281738281,
    "min": 80.60269927978516,
    "max": 100.1554946899414,
    "count": 12240
  },
  "normals.full.angular_median": {
    "mean": 86.99254848193499,
    "std": 1.0050969450738085,
    "median": 87.11626815795898,
    "min": 76.07974243164062,
    "max": 90.0,
    "count": 12240
  },
  "normals.full.inlier_11_25": {
    "mean": 0.045905772798232054,
    "std": 0.012502565297109962,
    "median": 0.0472339391708374,
    "min": 0.006689534522593021,
    "max": 0.09281815588474274,
    "count": 12240
  },
  "normals.full.inlier_22_5": {
    "mean": 0.09596549789329954,
    "std": 0.012547618747141808,
    "median": 0.09745052456855774,
    "min": 0.0355549193918705,
    "max": 0.1433698534965515,
    "count": 12240
  },
  "normals.full.inlier_30": {
    "mean": 0.11812115918504063,
    "std": 0.010701200522275875,
    "median": 0.11905040964484215,
    "min": 0.06666059792041779,
    "max": 0.16586196422576904,
    "count": 12240
  },
  "normals.building.angular_mean": {
    "mean": 81.10042572568739,
    "std": 6.742032920940183,
    "median": 81.55451965332031,
    "min": 7.675616264343262,
    "max": 174.4650115966797,
    "count": 8539
  },
  "normals.building.angular_median": {
    "mean": 85.07782888292415,
    "std": 6.592155647647429,
    "median": 85.46685791015625,
    "min": 2.7077603340148926,
    "max": 170.9436798095703,
    "count": 8539
  },
  "normals.building.inlier_11_25": {
    "mean": 0.06752078630941027,
    "std": 0.056193612756779796,
    "median": 0.051560379564762115,
    "min": 0.0,
    "max": 1.0,
    "count": 8539
  },
  "normals.building.inlier_22_5": {
    "mean": 0.13740724535706508,
    "std": 0.06464626939960405,
    "median": 0.12266817688941956,
    "min": 0.0,
    "max": 1.0,
    "count": 8539
  },
  "normals.building.inlier_30": {
    "mean": 0.1736580721443053,
    "std": 0.0615699615338859,
    "median": 0.16173875331878662,
    "min": 0.0,
    "max": 1.0,
    "count": 8539
  },
  "planarity.building.residual_mean": {
    "mean": 0.3816199936618456,
    "std": 0.3020853182280771,
    "median": 0.3765294551849365,
    "min": 0.008559076115489006,
    "max": 19.58836555480957,
    "count": 8134
  },
  "planarity.building.residual_median": {
    "mean": 0.3548178546816955,
    "std": 0.3031102890496814,