{
  "depth.full.mae": {
    "mean": 3.7750145624008247,
    "std": 1.2938758355033424,
    "median": 3.823199987411499,
    "min": 0.452562153339386,
    "max": 8.861940383911133,
    "count": 12240
  },
  "depth.full.rmse": {
    "mean": 6.738209576690509,
    "std": 2.1400803085748885,
    "median": 7.073643207550049,
    "min": 0.5579249262809753,
    "max": 15.062999725341797,
    "count": 12240
  },
  "depth.full.abs_rel": {
    "mean": 0.3007105875331178,
    "std": 0.18170189677995652,
    "median": 0.2384795919060707,
    "min": 0.050087329000234604,
    "max": 1.0963454246520996,
    "count": 12240
  },
  "depth.full.sq_rel": {
    "mean": 3.369872466467467,
    "std": 2.733057552810221,
    "median": 2.575640320777893,
    "min": 0.050754614174366,
    "max": 24.306825637817383,
    "count": 12240
  },
  "depth.full.delta1": {
    "mean": 0.6621166371454308,
    "std": 0.20424774206206686,
    "median": 0.7264933288097382,
    "min": 0.15796543657779694,
    "max": 0.9896593689918518,
    "count": 12240
  },
  "depth.full.delta2": {
    "mean": 0.873024372113686,
    "std": 0.08910481817536631,
    "median": 0.8908725678920746,
    "min": 0.34071919322013855,
    "max": 0.9999935626983643,
    "count": 12240
  },
  "depth.full.delta3": {
    "mean": 0.9353301463709548,
    "std": 0.05241182109558608,
    "median": 0.9488368332386017,
    "min": 0.7111377120018005,
    "max": 1.0,
    "count": 12240
  },
  "depth.full.rmse_log": {
    "mean": 0.343713025683598,
    "std": 0.1414308124294459,
    "median": 0.31490880250930786,
    "min": 0.07123485952615738,
    "max": 0.7590793967247009,
    "count": 12240
  },
  "depth.full.si_log": {
    "mean": 0.3402765615417141,
    "std": 0.14211032656516626,
    "median": 0.311364009976387,
    "min": 0.07122115045785904,
    "max": 0.7585803270339966,
    "count": 12240
  },
  "depth.building.mae": {
    "mean": 10.85082942315274,
    "std": 5.406667658541447,
    "median": 10.346243858337402,
    "min": 0.16381369531154633,
    "max": 54.30088424682617,
    "count": 8539
  },
  "depth.building.rmse": {
    "mean": 12.932670343507159,
    "std": 5.813713208816345,
    "median": 12.603437423706055,
    "min": 0.19982710480690002,
    "max": 54.31106185913086,
    "count": 8539
  },
  "depth.building.abs_rel": {
    "mean": 1.1042338118933483,
    "std": 1.7781405002264898,
    "median": 0.6068603992462158,
    "min": 0.019413519650697708,
    "max": 65.30193328857422,
    "count": 8539
  },
  "depth.building.sq_rel": {
    "mean": 19.111495062504517,
    "std": 37.388468303569184,
    "median": 10.11231803894043,
    "min": 0.006818892899900675,
    "max": 1665.7965087890625,
    "count": 8539
  },
  "depth.building.delta1": {
    "mean": 0.34488720991309674,
    "std": 0.23530567476013767,
    "median": 0.3162233829498291,
    "min": 0.0,
    "max": 1.0,
    "count": 8539
  },
  "depth.building.delta2": {
    "mean": 0.5702796467043674,
    "std": 0.28723025817074394,
    "median": 0.6038647294044495,
    "min": 0.0,
    "max": 1.0,
    "count": 8539
  },
  "depth.building.delta3": {
    "mean": 0.7094619364511041,
    "std": 0.2765965197090345,
    "median": 0.7874563336372375,
    "min": 0.0,
    "max": 1.0,
    "count": 8539
  },
  "depth.building.rmse_log": {
    "mean": 0.6714420149776622,
    "std": 0.39759204454217734,
    "median": 0.585178017616272,
    "min": 0.024665025994181633,
    "max": 4.1557512283325195,
    "count": 8539
  },
  "depth.building.si_log": {
    "mean": 0.49759746746915434,
    "std": 0.2550904418982537,
    "median": 0.47365060448646545,
    "min": 0.0,
    "max": 1.6975963115692139,
    "count": 8539
  },
  "depth.non_building.mae": {
    "mean": 3.5674707951377225,
    "std": 1.2985875307503731,
    "median": 3.569095730781555,
    "min": 0.39286014437675476,
    "max": 8.861940383911133,
    "count": 12240
  },
  "depth.non_building.rmse": {
    "mean": 6.442356139699034,
    "std": 2.1684548054156148,
    "median": 6.737926483154297,
    "min": 0.5287261605262756,
    "max": 15.062999725341797,
    "count": 12240
  },
  "depth.non_building.abs_rel": {
    "mean": 0.2815095438819768,
    "std": 0.16767678677397596,
    "median": 0.22726325690746307,
    "min": 0.04748553782701492,
    "max": 0.9819105267524719,
    "count": 12240
  },
  "depth.non_building.sq_rel": {
    "mean": 3.0158119430777686,
    "std": 2.534576884524875,
    "median": 2.2599806785583496,
    "min": 0.04662488400936127,
    "max": 19.967145919799805,
    "count": 12240
  },
  "depth.non_building.delta1": {
    "mean": 0.6717673867076538,
    "std": 0.20618664573074555,
    "median": 0.7383262515068054,
    "min": 0.15725663304328918,
    "max": 0.9896593689918518,
    "count": 12240
  },
  "depth.non_building.delta2": {
    "mean": 0.8821869732629435,
    "std": 0.08479062639664649,
    "median": 0.8987514674663544,
    "min": 0.3446798622608185,
    "max": 0.9999935626983643,
    "count": 12240
  },
  "depth.non_building.delta3": {
    "mean": 0.9416639281838548,
    "std": 0.04822520869564491,
    "median": 0.9542658627033234,
    "min": 0.7191157341003418,
    "max": 1.0,
    "count": 12240
  },
  "depth.non_building.rmse_log": {
    "mean": 0.32890617733188215,
    "std": 0.1350843776136029,
    "median": 0.30329300463199615,
    "min": 0.07123485952615738,
    "max": 0.7485312819480896,
    "count": 12240
  },
  "depth.non_building.si_log": {
    "mean": 0.32435353213762924,
    "std": 0.13541474708042364,
    "median": 0.2991124838590622,
    "min": 0.06662219762802124,
    "max": 0.7419970035552979,
    "count": 12240
  },
  "normals.full.angular_mean": {
    "mean": 92.60792962928224,
    "std": 1.6232090296605377,
    "median": 92.80459213256836,
    "min": 80.37440490722656,
    "max": 99.09375,
    "count": 12240
  },
  "normals.full.angular_median": {
    "mean": 87.13330020592883,
    "std": 1.0287216478950099,
    "median": 87.2768440246582,
    "min": 74.23535919189453,
    "max": 90.0,
    "count": 12240
  },
  "normals.full.inlier_11_25": {
    "mean": 0.04466765926800078,
    "std": 0.011356835554327115,
    "median": 0.04597713239490986,
    "min": 0.00738016190007329,
    "max": 0.08878155797719955,
    "count": 12240
  },
  "normals.full.inlier_22_5": {
    "mean": 0.09260539522857156,
    "std": 0.012122087619422196,
    "median": 0.09427579864859581,
    "min": 0.03487192094326019,
    "max": 0.14007146656513214,
    "count": 12240
  },
  "normals.full.inlier_30": {
    "mean": 0.11661834012035256,
    "std": 0.010514022483695262,
    "median": 0.11768186837434769,
    "min": 0.06582798808813095,
    "max": 0.16577240824699402,
    "count": 12240
  },
  "normals.building.angular_mean": {
    "mean": 81.13297377203398,
    "std": 6.781449855062766,
    "median": 81.21995544433594,
    "min": 9.004585266113281,
    "max": 173.54269409179688,
    "count": 8539
  },
  "normals.building.angular_median": {
    "mean": 84.67478007027215,
    "std": 6.576162614464947,
    "median": 84.99897003173828,
    "min": 5.213647842407227,
    "max": 176.4308624267578,
    "count": 8539
  },
  "normals.building.inlier_11_25": {
    "mean": 0.05361679249837336,
    "std": 0.04407489767911345,
    "median": 0.04290059208869934,
    "min": 0.0,
    "max": 1.0,
    "count": 8539
  },
  "normals.building.inlier_22_5": {
    "mean": 0.12557849285969017,
    "std": 0.05703066387665985,
    "median": 0.11481007188558578,
    "min": 0.0,
    "max": 1.0,
    "count": 8539
  },
  "normals.building.inlier_30": {
    "mean": 0.16534433789950007,
    "std": 0.05679691199288943,
    "median": 0.15686380863189697,
    "min": 0.0,
    "max": 1.0,
    "count": 8539
  },
  "planarity.building.residual_mean": {
    "mean": 0.4310391616984883,
    "std": 0.3625115950895858,
    "median": 0.4182739853858948,
    "min": 0.004990326706320047,
    "max": 21.14251136779785,
    "count": 8134
  },
  "planarity.building.residual_median": {
    "mean": 0.39305063938079227,
    "std": 0.3640419356988332,