{
  "depth.full.mae": {
    "mean": 3.697886011204104,
    "std": 1.2755285143561101,
    "median": 3.752031922340393,
    "min": 0.5176770687103271,
    "max": 8.764512062072754,
    "count": 12240
  },
  "depth.full.rmse": {
    "mean": 6.65208194310856,
    "std": 2.1411052435245392,
    "median": 6.975045442581177,
    "min": 0.6705946922302246,
    "max": 14.627113342285156,
    "count": 12240
  },
  "depth.full.abs_rel": {
    "mean": 0.29363685631972364,
    "std": 0.17488211614327012,
    "median": 0.23572015017271042,
    "min": 0.04460703954100609,
    "max": 1.0702564716339111,
    "count": 12240
  },
  "depth.full.sq_rel": {
    "mean": 3.3748953073805965,
    "std": 2.7616889635268684,
    "median": 2.588497757911682,
    "min": 0.0617208294570446,
    "max": 25.41887855529785,
    "count": 12240
  },
  "depth.full.delta1": {
    "mean": 0.6761717547985171,
    "std": 0.195759715493945,
    "median": 0.733914703130722,
    "min": 0.16089867055416107,
    "max": 0.9915969967842102,
    "count": 12240
  },
  "depth.full.delta2": {
    "mean": 0.8786377171821455,
    "std": 0.08293632296759365,
    "median": 0.8942380249500275,
    "min": 0.40181636810302734,
    "max": 0.9999679327011108,
    "count": 12240
  },
  "depth.full.delta3": {
    "mean": 0.9375370992018895,
    "std": 0.05026396827234161,
    "median": 0.9497916102409363,
    "min": 0.7399489283561707,
    "max": 1.0,
    "count": 12240
  },
  "depth.full.rmse_log": {
    "mean": 0.3373538086866485,
    "std": 0.13777466384522152,
    "median": 0.31142954528331757,
    "min": 0.06935911625623703,
    "max": 0.7382291555404663,
    "count": 12240
  },
  "depth.full.si_log": {
    "mean": 0.3339551800898477,
    "std": 0.1384797093163741,
    "median": 0.30825264751911163,
    "min": 0.06889938563108444,
    "max": 0.7382041215896606,
    "count": 12240
  },
  "depth.building.mae": {
    "mean": 10.489406135224224,
    "std": 5.298424213497482,
    "median": 9.962042808532715,
    "min": 0.044011592864990234,
    "max": 53.42655563354492,
    "count": 8539
  },
  "depth.building.rmse": {
    "mean": 12.605685657746449,
    "std": 5.766884739887058,
    "median": 12.264899253845215,
    "min": 0.04611309990286827,
    "max": 53.44407272338867,
    "count": 8539
  },
  "depth.building.abs_rel": {
    "mean": 1.045240338739487,
    "std": 1.606662469944677,
    "median": 0.6018938422203064,
    "min": 0.0016573150642216206,
    "max": 57.26896667480469,
    "count": 8539
  },
  "depth.building.sq_rel": {
    "mean": 18.139547844691254,
    "std": 33.29588094953848,
    "median": 9.865100860595703,
    "min": 8.00730922492221e-05,
    "max": 1305.686767578125,
    "count": 8539
  },
  "depth.building.delta1": {
    "mean": 0.36022260104827136,
    "std": 0.23934707587531928,
    "median": 0.3333333432674408,
    "min": 0.0,
    "max": 1.0,
    "count": 8539
  },
  "depth.building.delta2": {
    "mean": 0.5855352419762218,
    "std": 0.2842971082195266,
    "median": 0.6235581636428833,
    "min": 0.0,
    "max": 1.0,
    "count": 8539
  },
  "depth.building.delta3": {
    "mean": 0.7217340594401096,
    "std": 0.2674854817195519,
    "median": 0.7968786954879761,
    "min": 0.0,
    "max": 1.0,
    "count": 8539
  },
  "depth.building.rmse_log": {
    "mean": 0.652276880105366,
    "std": 0.3810262925047321,
    "median": 0.5730258822441101,
    "min": 0.0017354893498122692,
    "max": 4.023589611053467,
    "count": 8539
  },
  "depth.building.si_log": {
    "mean": 0.48666388205167815,
    "std": 0.24579732069094298,
    "median": 0.46647748351097107,
    "min": 0.0,
    "max": 1.6856294870376587,
    "count": 8539
  },
  "depth.non_building.mae": {
    "mean": 3.497112734769197,
    "std": 1.2840679418617873,
    "median": 3.50267493724823,
    "min": 0.35108044743537903,
    "max": 8.764512062072754,
    "count": 12240
  },
  "depth.non_building.rmse": {
    "mean": 6.364720723373828,
    "std": 2.176119872488157,
    "median": 6.640671730041504,
    "min": 0.5363801717758179,
    "max": 14.627113342285156,
    "count": 12240
  },
  "depth.non_building.abs_rel": {
    "mean": 0.2753992015489809,
    "std": 0.16234231142521888,
    "median": 0.22466305643320084,
    "min": 0.043848033994436264,
    "max": 0.9669679403305054,
    "count": 12240
  },
  "depth.non_building.sq_rel": {
    "mean": 3.036982859802901,
    "std": 2.595563262697198,
    "median": 2.2808693647384644,
    "min": 0.03773874044418335,
    "max": 20.233945846557617,
    "count": 12240
  },
  "depth.non_building.delta1": {
    "mean": 0.6863734697703929,
    "std": 0.19718228317437328,
    "median": 0.7459809482097626,
    "min": 0.1618277132511139,
    "max": 0.9915986657142639,
    "count": 12240
  },
  "depth.non_building.delta2": {
    "mean": 0.8876331393673919,
    "std": 0.07836147937729114,
    "median": 0.9022310078144073,
    "min": 0.4020078480243683,
    "max": 0.9999842643737793,
    "count": 12240
  },
  "depth.non_building.delta3": {
    "mean": 0.9435487202277371,
    "std": 0.04634369263996727,
    "median": 0.9552179574966431,
    "min": 0.7399489283561707,
    "max": 1.0,
    "count": 12240
  },
  "depth.non_building.rmse_log": {
    "mean": 0.3229665534582987,
    "std": 0.1320307180980257,
    "median": 0.2998708188533783,
    "min": 0.06471097469329834,
    "max": 0.7205690741539001,
    "count": 12240
  },
  "depth.non_building.si_log": {
    "mean": 0.3186971037335134,
    "std": 0.13254371704070617,
    "median": 0.29568250477313995,
    "min": 0.058754026889801025,
    "max": 0.7178760170936584,
    "count": 12240
  },
  "normals.full.angular_mean": {
    "mean": 93.03100583506566,
    "std": 1.7213908886850113,
    "median": 93.23410034179688,
    "min": 80.64328002929688,
    "max": 99.49766540527344,
    "count": 12240
  },
  "normals.full.angular_median": {
    "mean": 86.99738287021911,
    "std": 1.018315556753916,
    "median": 87.11138534545898,
    "min": 74.99343872070312,
    "max": 90.0,
    "count": 12240
  },
  "normals.full.inlier_11_25": {
    "mean": 0.04412134283118017,
    "std": 0.011484201986153459,
    "median": 0.04536042734980583,
    "min": 0.007273119408637285,
    "max": 0.08735226094722748,
    "count": 12240
  },
  "normals.full.inlier_22_5": {
    "mean": 0.0927838300978704,
    "std": 0.011982989035599419,
    "median": 0.09433440864086151,
    "min": 0.03629646077752113,
    "max": 0.1384536772966385,
    "count": 12240
  },
  "normals.full.inlier_30": {
    "mean": 0.11645920125195404,
    "std": 0.010314024113448068,
    "median": 0.11731545999646187,
    "min": 0.06761028617620468,
    "max": 0.1650112271308899,
    "count": 12240
  },
  "normals.building.angular_mean": {
    "mean": 81.22368026860272,
    "std": 6.75751553090478,
    "median": 81.46014404296875,
    "min": 9.994422912597656,
    "max": 173.847900390625,
    "count": 8539
  },
  "normals.building.angular_median": {
    "mean": 84.890426596513,
    "std": 6.539005460254915,
    "median": 85.22213745117188,
    "min": 2.795964002609253,
    "max": 173.45301818847656,
    "count": 8539
  },
  "normals.building.inlier_11_25": {
    "mean": 0.05933216050352592,
    "std": 0.04785431609207395,
    "median": 0.04693163186311722,
    "min": 0.0,
    "max": 0.5833333730697632,
    "count": 8539
  },
  "normals.building.inlier_22_5": {
    "mean": 0.13034000777062377,
    "std": 0.05954770328046851,
    "median": 0.11763634532690048,
    "min": 0.0,
    "max": 1.0,
    "count": 8539
  },
  "normals.building.inlier_30": {
    "mean": 0.16867633094387907,
    "std": 0.05818913479448647,
    "median": 0.1582600623369217,
    "min": 0.0,
    "max": 1.0,
    "count": 8539
  },
  "planarity.building.residual_mean": {
    "mean": 0.42523170432569574,
    "std": 0.3513960287843911,
    "median": 0.41955024003982544,
    "min": 0.009668494574725628,
    "max": 21.889015197753906,
    "count": 8134
  },
  "planarity.building.residual_median": {
    "mean": 0.3950116462307795,