{
  "depth.full.mae": {
    "mean": 5.407328681314206,
    "std": 1.6542290251707263,
    "median": 5.654244422912598,
    "min": 0.37772348523139954,
    "max": 14.981393814086914,
    "count": 12240
  },
  "depth.full.rmse": {
    "mean": 10.036852639713903,
    "std": 3.213088666455686,
    "median": 10.608696937561035,
    "min": 0.47795000672340393,
    "max": 24.129220962524414,
    "count": 12240
  },
  "depth.full.abs_rel": {
    "mean": 0.3108979299475798,
    "std": 0.14667393293209974,
    "median": 0.26523222029209137,
    "min": 0.06298403441905975,
    "max": 1.0761401653289795,
    "count": 12240
  },
  "depth.full.sq_rel": {
    "mean": 3.457603543605716,
    "std": 1.7050575789494493,
    "median": 3.3719401359558105,
    "min": 0.0378338061273098,
    "max": 24.19382095336914,
    "count": 12240
  },
  "depth.full.delta1": {
    "mean": 0.5463573279047957,
    "std": 0.19797246099814203,
    "median": 0.6137462854385376,
    "min": 0.0928090438246727,
    "max": 0.995405912399292,
    "count": 12240
  },
  "depth.full.delta2": {
    "mean": 0.7637058227548218,
    "std": 0.10871435965028967,
    "median": 0.7733526229858398,
    "min": 0.23820826411247253,
    "max": 1.0,
    "count": 12240
  },
  "depth.full.delta3": {
    "mean": 0.8599849980470596,
    "std": 0.07043458299219856,
    "median": 0.8612866699695587,
    "min": 0.47392699122428894,
    "max": 1.0,
    "count": 12240
  },
  "depth.full.rmse_log": {
    "mean": 0.4504449723641467,
    "std": 0.1286981403922887,
    "median": 0.441914439201355,
    "min": 0.0794229656457901,
    "max": 0.8517834544181824,
    "count": 12240
  },
  "depth.full.si_log": {
    "mean": 0.4104841413183345,
    "std": 0.12429749223434693,
    "median": 0.400378555059433,
    "min": 0.0794200450181961,
    "max": 0.8166008591651917,
    "count": 12240
  },
  "depth.building.mae": {
    "mean": 15.012963830058322,
    "std": 8.951640872458567,
    "median": 12.858366012573242,
    "min": 0.15253187716007233,
    "max": 56.656612396240234,
    "count": 8539
  },
  "depth.building.rmse": {
    "mean": 17.899467655855105,
    "std": 9.696151148330943,
    "median": 16.314193725585938,
    "min": 0.19531182944774628,
    "max": 56.657440185546875,
    "count": 8539
  },
  "depth.building.abs_rel": {
    "mean": 0.9458674421011075,
    "std": 1.487533406549781,
    "median": 0.592809796333313,
    "min": 0.011298432014882565,
    "max": 50.514888763427734,
    "count": 8539
  },
  "depth.building.sq_rel": {
    "mean": 15.13640230957015,
    "std": 23.773737052864856,
    "median": 11.196813583374023,
    "min": 0.002310749376192689,
    "max": 940.674560546875,
    "count": 8539
  },
  "depth.building.delta1": {
    "mean": 0.16215011099392163,
    "std": 0.1806607918416966,
    "median": 0.11155028641223907,
    "min": 0.0,
    "max": 1.0,
    "count": 8539
  },
  "depth.building.delta2": {
    "mean": 0.33004708791805143,
    "std": 0.25596543505617664,
    "median": 0.2829848527908325,
    "min": 0.0,
    "max": 1.0,
    "count": 8539
  },
  "depth.building.delta3": {
    "mean": 0.5049979797953161,
    "std": 0.2841811981159603,
    "median": 0.501655638217926,
    "min": 0.0,
    "max": 1.0,
    "count": 8539
  },
  "depth.building.rmse_log": {
    "mean": 0.819143773296623,
    "std": 0.33084713926591613,
    "median": 0.8000468015670776,
    "min": 0.011761648580431938,
    "max": 3.918879985809326,
    "count": 8539
  },
  "depth.building.si_log": {
    "mean": 0.5452158138989938,
    "std": 0.2952396347660956,
    "median": 0.5180361866950989,
    "min": 0.0,
    "max": 1.7415987253189087,
    "count": 8538
  },
  "depth.non_building.mae": {
    "mean": 5.091502590277811,
    "std": 1.6858776899044525,
    "median": 5.349903583526611,
    "min": 0.37254178524017334,
    "max": 14.981393814086914,
    "count": 12240
  },
  "depth.non_building.rmse": {
    "mean": 9.592981927812684,
    "std": 3.2389283948071808,
    "median": 10.257633209228516,
    "min": 0.472415566444397,
    "max": 24.129220962524414,
    "count": 12240
  },
  "depth.non_building.abs_rel": {
    "mean": 0.2949330029747406,
    "std": 0.13786843398583964,
    "median": 0.25503791868686676,
    "min": 0.06299081444740295,
    "max": 0.9653673768043518,
    "count": 12240
  },
  "depth.non_building.sq_rel": {
    "mean": 3.1644313460008964,
    "std": 1.6387562556138209,
    "median": 3.081086277961731,
    "min": 0.037841860204935074,
    "max": 21.022624969482422,
    "count": 12240
  },
  "depth.non_building.delta1": {
    "mean": 0.5603731033057462,
    "std": 0.20398588986613952,
    "median": 0.6291875243186951,
    "min": 0.08857681602239609,
    "max": 0.9954044222831726,
    "count": 12240
  },
  "depth.non_building.delta2": {
    "mean": 0.7795134489552356,
    "std": 0.10883754859475436,
    "median": 0.7876600325107574,
    "min": 0.23816773295402527,
    "max": 1.0,
    "count": 12240
  },
  "depth.non_building.delta3": {
    "mean": 0.8716636142748244,
    "std": 0.06835315810123595,
    "median": 0.8732445240020752,
    "min": 0.4749951958656311,
    "max": 1.0,
    "count": 12240
  },
  "depth.non_building.rmse_log": {
    "mean": 0.43254378863908594,
    "std": 0.12767698237372702,
    "median": 0.4258469492197037,
    "min": 0.07943098992109299,
    "max": 0.8422650694847107,
    "count": 12240
  },
  "depth.non_building.si_log": {
    "mean": 0.3927257720721898,
    "std": 0.12094091005135674,
    "median": 0.38610224425792694,
    "min": 0.07626306265592575,
    "max": 0.8063958287239075,
    "count": 12240
  },
  "normals.full.angular_mean": {
    "mean": 88.21239601646373,
    "std": 2.0772578005013704,
    "median": 88.42476272583008,
    "min": 75.3775863647461,
    "max": 98.33831024169922,
    "count": 12240
  },
  "normals.full.angular_median": {
    "mean": 86.61254139133528,
    "std": 0.977882346483092,
    "median": 86.68771362304688,
    "min": 69.2114028930664,
    "max": 89.35903930664062,
    "count": 12240
  },
  "normals.full.inlier_11_25": {
    "mean": 0.04955836403627996,
    "std": 0.008788632766774454,
    "median": 0.050168512389063835,
    "min": 0.008233154192566872,
    "max": 0.08325888961553574,
    "count": 12240
  },
  "normals.full.inlier_22_5": {
    "mean": 0.10976422758882537,
    "std": 0.012157532985411043,
    "median": 0.1108214408159256,
    "min": 0.02238943986594677,
    "max": 0.1480054259300232,
    "count": 12240
  },
  "normals.full.inlier_30": {
    "mean": 0.13402534617549355,
    "std": 0.011647222751678982,
    "median": 0.13485484570264816,
    "min": 0.04228838533163071,
    "max": 0.1713145524263382,
    "count": 12240
  },
  "normals.building.angular_mean": {
    "mean": 75.47405791782442,
    "std": 4.862353767664251,
    "median": 74.298828125,
    "min": 58.56906509399414,
    "max": 174.2586669921875,
    "count": 8539
  },
  "normals.building.angular_median": {
    "mean": 83.82784338854057,
    "std": 3.886859277894175,
    "median": 84.25334167480469,
    "min": 20.098222732543945,
    "max": 178.1354522705078,
    "count": 8539
  },
  "normals.building.inlier_11_25": {
    "mean": 0.05013532756773456,
    "std": 0.024415849571618,
    "median": 0.04958677291870117,
    "min": 0.0,
    "max": 0.375,
    "count": 8539
  },
  "normals.building.inlier_22_5": {
    "mean": 0.13162242583579842,
    "std": 0.04699185208957603,
    "median": 0.13640640676021576,
    "min": 0.0,
    "max": 0.5,
    "count": 8539
  },
  "normals.building.inlier_30": {
    "mean": 0.1675830534473367,
    "std": 0.04697337641940753,
    "median": 0.175543874502182,
    "min": 0.0,
    "max": 0.5,
    "count": 8539
  },
  "planarity.building.residual_mean": {
    "mean": 0.3186876624819754,
    "std": 0.31002918356324893,
    "median": 0.2775963395833969,
    "min": 0.005510622635483742,
    "max": 9.227066040039062,
    "count": 8134
  },
  "planarity.building.residual_median": {
    "mean": 0.27712246926345907,
    "std": 0.3082389954423189,