{
  "depth.full.mae": {
    "mean": 3.5985792609649936,
    "std": 1.2447887552258896,
    "median": 3.699497938156128,
    "min": 0.5336309671401978,
    "max": 9.232434272766113,
    "count": 12240
  },
  "depth.full.rmse": {
    "mean": 6.55290201364292,
    "std": 2.134366754439684,
    "median": 6.911159038543701,
    "min": 0.7679051160812378,
    "max": 15.126852989196777,
    "count": 12240
  },
  "depth.full.abs_rel": {
    "mean": 0.27380907683134126,
    "std": 0.15756225759592876,
    "median": 0.2274409607052803,
    "min": 0.03747408837080002,
    "max": 0.9989661574363708,
    "count": 12240
  },
  "depth.full.sq_rel": {
    "mean": 3.0242941052172014,
    "std": 2.4379445198874237,
    "median": 2.363415837287903,
    "min": 0.04797784611582756,
    "max": 23.929101943969727,
    "count": 12240
  },
  "depth.full.delta1": {
    "mean": 0.6881798020277927,
    "std": 0.18762239670585282,
    "median": 0.73687544465065,
    "min": 0.1849340945482254,
    "max": 0.9933738112449646,
    "count": 12240
  },
  "depth.full.delta2": {
    "mean": 0.8833667729269056,
    "std": 0.07599739033078715,
    "median": 0.8948214948177338,
    "min": 0.4623262286186218,
    "max": 0.9997940063476562,
    "count": 12240
  },
  "depth.full.delta3": {
    "mean": 0.9416001934825985,
    "std": 0.04616339600053105,
    "median": 0.9522995948791504,
    "min": 0.7466340065002441,
    "max": 1.0,
    "count": 12240
  },
  "depth.full.rmse_log": {
    "mean": 0.32538504962431986,
    "std": 0.1293948808276859,
    "median": 0.30563491582870483,
    "min": 0.06094029173254967,
    "max": 0.7047496438026428,
    "count": 12240
  },
  "depth.full.si_log": {
    "mean": 0.3219849655069898,
    "std": 0.12958678456446915,
    "median": 0.3010060638189316,
    "min": 0.06081370264291763,
    "max": 0.7045708298683167,
    "count": 12240
  },
  "depth.building.mae": {
    "mean": 9.80608847357585,
    "std": 5.281924714076703,
    "median": 9.24070930480957,
    "min": 0.04566597938537598,
    "max": 51.98798370361328,
    "count": 8539
  },
  "depth.building.rmse": {
    "mean": 12.025691998189542,
    "std": 5.839562276129138,
    "median": 11.682055473327637,
    "min": 0.050776563584804535,
    "max": 52.01573181152344,
    "count": 8539
  },
  "depth.building.abs_rel": {
    "mean": 0.8670626239178337,
    "std": 1.212524552690579,
    "median": 0.5401411056518555,
    "min": 0.003604087745770812,
    "max": 41.47891616821289,
    "count": 8539
  },
  "depth.building.sq_rel": {
    "mean": 14.500999841855787,
    "std": 24.67798710773558,
    "median": 8.137821197509766,
    "min": 0.0002034834906226024,
    "max": 760.303955078125,
    "count": 8539
  },
  "depth.building.delta1": {
    "mean": 0.376018546626886,
    "std": 0.2359579902043089,
    "median": 0.3420836627483368,
    "min": 0.0,
    "max": 1.0,
    "count": 8539
  },
  "depth.building.delta2": {
    "mean": 0.6166465574258047,
    "std": 0.26149020920203003,
    "median": 0.6433853507041931,
    "min": 0.0,
    "max": 1.0,
    "count": 8539
  },
  "depth.building.delta3": {
    "mean": 0.7592589434877656,
    "std": 0.2319862626668806,
    "median": 0.81767338514328,
    "min": 0.0,
    "max": 1.0,
    "count": 8539
  },
  "depth.building.rmse_log": {
    "mean": 0.6014227739151138,
    "std": 0.33189372285758145,
    "median": 0.5414960384368896,
    "min": 0.004017529543489218,
    "max": 3.6851603984832764,
    "count": 8539
  },
  "depth.building.si_log": {
    "mean": 0.4736588835781729,
    "std": 0.23209818023323908,
    "median": 0.4598698019981384,
    "min": 0.0,
    "max": 1.6838465929031372,
    "count": 8539
  },
  "depth.non_building.mae": {
    "mean": 3.409214371976023,
    "std": 1.2530926326725438,
    "median": 3.4554283618927,
    "min": 0.3362937867641449,
    "max": 9.232434272766113,
    "count": 12240
  },
  "depth.non_building.rmse": {
    "mean": 6.280691183319473,
    "std": 2.16336454668,
    "median": 6.606929302215576,
    "min": 0.5210485458374023,
    "max": 15.126852989196777,
    "count": 12240
  },
  "depth.non_building.abs_rel": {
    "mean": 0.25849301705830824,
    "std": 0.1476139621718169,
    "median": 0.2166064977645874,
    "min": 0.03747408837080002,
    "max": 0.9182794094085693,
    "count": 12240
  },
  "depth.non_building.sq_rel": {
    "mean": 2.7413352506350894,
    "std": 2.3020951944413404,
    "median": 2.1038421392440796,
    "min": 0.029391437768936157,
    "max": 19.158109664916992,
    "count": 12240
  },
  "depth.non_building.delta1": {
    "mean": 0.6987902135034305,
    "std": 0.18889976863910396,
    "median": 0.7496592998504639,
    "min": 0.18578188121318817,
    "max": 0.9960578680038452,
    "count": 12240
  },
  "depth.non_building.delta2": {
    "mean": 0.8918468457470142,
    "std": 0.07191504561703435,
    "median": 0.9032132625579834,
    "min": 0.4630555510520935,
    "max": 0.9999735355377197,
    "count": 12240
  },
  "depth.non_building.delta3": {
    "mean": 0.9468382004672795,
    "std": 0.04296210497556236,
    "median": 0.9572483599185944,
    "min": 0.7466340065002441,
    "max": 1.0,
    "count": 12240
  },
  "depth.non_building.rmse_log": {
    "mean": 0.31246630232963785,
    "std": 0.12479056233657868,
    "median": 0.29483453929424286,
    "min": 0.057561274617910385,
    "max": 0.6818092465400696,
    "count": 12240
  },
  "depth.non_building.si_log": {
    "mean": 0.30822710539792586,
    "std": 0.12487596917006107,
    "median": 0.2902822941541672,
    "min": 0.055765945464372635,
    "max": 0.679965615272522,
    "count": 12240
  },
  "normals.full.angular_mean": {
    "mean": 93.4618289087333,
    "std": 1.9013168276841128,
    "median": 93.70816802978516,
    "min": 80.77716064453125,
    "max": 100.14415740966797,
    "count": 12240
  },
  "normals.full.angular_median": {
    "mean": 87.0508871976067,
    "std": 0.9877668464044216,
    "median": 87.16591262817383,
    "min": 76.229248046875,
    "max": 90.0,
    "count": 12240
  },
  "normals.full.inlier_11_25": {
    "mean": 0.0459805900186492,
    "std": 0.01226434958533713,
    "median": 0.047338636592030525,
    "min": 0.006794674787670374,
    "max": 0.09200926870107651,
    "count": 12240
  },
  "normals.full.inlier_22_5": {
    "mean": 0.09562801573778582,
    "std": 0.012256032593973955,
    "median": 0.09705205634236336,
    "min": 0.036374516785144806,
    "max": 0.1426159292459488,
    "count": 12240
  },
  "normals.full.inlier_30": {
    "mean": 0.11798828818890102,
    "std": 0.010514713523719205,
    "median": 0.11881658807396889,
    "min": 0.06752881407737732,
    "max": 0.16533958911895752,
    "count": 12240
  },
  "normals.building.angular_mean": {
    "mean": 81.14177425450193,
    "std": 6.712178277236298,
    "median": 81.58643341064453,
    "min": 8.076045989990234,
    "max": 174.45059204101562,
    "count": 8539
  },
  "normals.building.angular_median": {
    "mean": 85.03166439567018,
    "std": 6.587189149916219,
    "median": 85.38124084472656,
    "min": 2.354929208755493,
    "max": 170.87339782714844,
    "count": 8539
  },
  "normals.building.inlier_11_25": {
    "mean": 0.0665335421863418,
    "std": 0.055243709565255955,
    "median": 0.051000647246837616,
    "min": 0.0,
    "max": 1.0,
    "count": 8539
  },
  "normals.building.inlier_22_5": {
    "mean": 0.1367740673465114,
    "std": 0.06429646376458947,
    "median": 0.12222173064947128,
    "min": 0.0,
    "max": 1.0,
    "count": 8539
  },
  "normals.building.inlier_30": {
    "mean": 0.17302540818024054,
    "std": 0.061378947372930974,
    "median": 0.16111111640930176,
    "min": 0.0,
    "max": 1.0,
    "count": 8539
  },
  "planarity.building.residual_mean": {
    "mean": 0.38695607411226096,
    "std": 0.3078661367922879,
    "median": 0.3824015259742737,
    "min": 0.008770684711635113,
    "max": 19.935739517211914,
    "count": 8134
  },
  "planarity.building.residual_median": {
    "mean": 0.3605249418992937,
    "std": 0.30935799896443594,