{
  "depth.full.mae": {
    "mean": 3.616707774271178,
    "std": 1.241280622022168,
    "median": 3.7034201622009277,
    "min": 0.5396713018417358,
    "max": 9.058846473693848,
    "count": 12240
  },
  "depth.full.rmse": {
    "mean": 6.585546135902405,
    "std": 2.1338169883444036,
    "median": 6.937060594558716,
    "min": 0.743312418460846,
    "max": 14.935409545898438,
    "count": 12240
  },
  "depth.full.abs_rel": {
    "mean": 0.27614001234768115,
    "std": 0.15981354534975922,
    "median": 0.2265998125076294,
    "min": 0.0421144925057888,
    "max": 1.0106502771377563,
    "count": 12240
  },
  "depth.full.sq_rel": {
    "mean": 3.0398787074710176,
    "std": 2.4411341865459906,
    "median": 2.3784072399139404,
    "min": 0.055471714586019516,
    "max": 23.34506607055664,
    "count": 12240
  },
  "depth.full.delta1": {
    "mean": 0.6895776384199659,
    "std": 0.18182497205013143,
    "median": 0.7340525984764099,
    "min": 0.1809263974428177,
    "max": 0.9924023151397705,
    "count": 12240
  },
  "depth.full.delta2": {
    "mean": 0.8812516445160107,
    "std": 0.0776023286231315,
    "median": 0.8933134377002716,
    "min": 0.46132606267929077,
    "max": 0.9999871850013733,
    "count": 12240
  },
  "depth.full.delta3": {
    "mean": 0.9401603945963133,
    "std": 0.047567738590512984,
    "median": 0.9516257643699646,
    "min": 0.7442249059677124,
    "max": 1.0,
    "count": 12240
  },
  "depth.full.rmse_log": {
    "mean": 0.3276812717428102,
    "std": 0.13045630979797698,
    "median": 0.3064228594303131,
    "min": 0.06443918496370316,
    "max": 0.7074058651924133,
    "count": 12240
  },
  "depth.full.si_log": {
    "mean": 0.32445736486416044,
    "std": 0.13075910837399077,
    "median": 0.3027348071336746,
    "min": 0.06425615400075912,
    "max": 0.7073507308959961,
    "count": 12240
  },
  "depth.building.mae": {
    "mean": 9.928079410096963,
    "std": 5.263512931333077,
    "median": 9.339784622192383,
    "min": 0.07680066674947739,
    "max": 53.220245361328125,
    "count": 8539
  },
  "depth.building.rmse": {
    "mean": 12.12302448699389,
    "std": 5.823694359189796,
    "median": 11.743354797363281,
    "min": 0.09522669017314911,
    "max": 53.23613357543945,
    "count": 8539
  },
  "depth.building.abs_rel": {
    "mean": 0.898303873072653,
    "std": 1.3011377359155687,
    "median": 0.5469724535942078,
    "min": 0.002076799049973488,
    "max": 46.364078521728516,
    "count": 8539
  },
  "depth.building.sq_rel": {
    "mean": 14.680439866699064,
    "std": 25.322567469045588,
    "median": 8.294854164123535,
    "min": 0.00024513539392501116,
    "max": 896.9891967773438,
    "count": 8539
  },
  "depth.building.delta1": {
    "mean": 0.36682259112302085,
    "std": 0.23763504317242026,
    "median": 0.3351134955883026,
    "min": 0.0,
    "max": 1.0,
    "count": 8539
  },
  "depth.building.delta2": {
    "mean": 0.6049563523110044,
    "std": 0.2698797876941898,
    "median": 0.6370668411254883,
    "min": 0.0,
    "max": 1.0,
    "count": 8539
  },
  "depth.building.delta3": {
    "mean": 0.7488240026345359,
    "std": 0.24311914026448445,
    "median": 0.8126872181892395,
    "min": 0.0,
    "max": 1.0,
    "count": 8539
  },
  "depth.building.rmse_log": {
    "mean": 0.6122441713800241,
    "std": 0.3424250551142685,
    "median": 0.5471476316452026,
    "min": 0.0025693646166473627,
    "max": 3.807917833328247,
    "count": 8539
  },
  "depth.building.si_log": {
    "mean": 0.47622054684409987,
    "std": 0.23567717004839056,
    "median": 0.4600706100463867,
    "min": 0.0,
    "max": 1.6842082738876343,
    "count": 8539
  },
  "depth.non_building.mae": {
    "mean": 3.424296650207705,
    "std": 1.2503762480288625,
    "median": 3.4652178287506104,
    "min": 0.3385545611381531,
    "max": 9.058846473693848,
    "count": 12240
  },
  "depth.non_building.rmse": {
    "mean": 6.310718976039123,
    "std": 2.164414938646675,
    "median": 6.630087375640869,
    "min": 0.5256737470626831,
    "max": 14.935409545898438,
    "count": 12240
  },
  "depth.non_building.abs_rel": {
    "mean": 0.2602347168861432,
    "std": 0.14931274860186539,
    "median": 0.2165561467409134,
    "min": 0.04058805853128433,
    "max": 0.9241557121276855,
    "count": 12240
  },
  "depth.non_building.sq_rel": {
    "mean": 2.7547055568333008,
    "std": 2.3059414182817948,
    "median": 2.1151803731918335,
    "min": 0.031033527106046677,
    "max": 19.033205032348633,
    "count": 12240
  },
  "depth.non_building.delta1": {
    "mean": 0.700644204820342,
    "std": 0.1826805149083294,
    "median": 0.7473025619983673,
    "min": 0.18231351673603058,
    "max": 0.9950238466262817,
    "count": 12240
  },
  "depth.non_building.delta2": {
    "mean": 0.88996131979416,
    "std": 0.07325085674638068,
    "median": 0.9016793966293335,
    "min": 0.46200263500213623,
    "max": 0.9999871850013733,
    "count": 12240
  },
  "depth.non_building.delta3": {
    "mean": 0.9456085902267422,
    "std": 0.04412618185753537,
    "median": 0.9565536379814148,
    "min": 0.7442249059677124,
    "max": 1.0,
    "count": 12240
  },
  "depth.non_building.rmse_log": {
    "mean": 0.31439431361470593,
    "std": 0.12555967982096358,
    "median": 0.29538969695568085,
    "min": 0.059541426599025726,
    "max": 0.6893808841705322,
    "count": 12240
  },
  "depth.non_building.si_log": {
    "mean": 0.3104247212409973,
    "std": 0.12575632393643854,
    "median": 0.2915095388889313,
    "min": 0.055567894130945206,
    "max": 0.6879319548606873,
    "count": 12240
  },
  "normals.full.angular_mean": {
    "mean": 93.29804291133009,
    "std": 1.8361763648292788,
    "median": 93.52762985229492,
    "min": 80.83753204345703,
    "max": 99.87911987304688,
    "count": 12240
  },
  "normals.full.angular_median": {
    "mean": 87.04221746469635,
    "std": 1.0175486248920012,
    "median": 87.15482330322266,
    "min": 75.86578369140625,
    "max": 90.0,
    "count": 12240
  },
  "normals.full.inlier_11_25": {
    "mean": 0.0444071085328081,
    "std": 0.011827399920110544,
    "median": 0.04569224454462528,
    "min": 0.007333517074584961,
    "max": 0.08883653581142426,
    "count": 12240
  },
  "normals.full.inlier_22_5": {
    "mean": 0.09418513219669657,
    "std": 0.01219205397249388,
    "median": 0.09563649073243141,
    "min": 0.03639402985572815,
    "max": 0.14038559794425964,
    "count": 12240
  },
  "normals.full.inlier_30": {
    "mean": 0.11737918704200317,
    "std": 0.01046138629356499,
    "median": 0.11817875131964684,
    "min": 0.06662807613611221,
    "max": 0.16614553332328796,
    "count": 12240
  },
  "normals.building.angular_mean": {
    "mean": 81.04518724149585,
    "std": 6.7063317372414355,
    "median": 81.41024780273438,
    "min": 8.009889602661133,
    "max": 174.07704162597656,
    "count": 8539
  },
  "normals.building.angular_median": {
    "mean": 85.0735104233393,
    "std": 6.610283164321906,
    "median": 85.44780731201172,
    "min": 2.102823495864868,
    "max": 170.33995056152344,
    "count": 8539
  },
  "normals.building.inlier_11_25": {
    "mean": 0.06520604997287781,
    "std": 0.05323158358348779,
    "median": 0.05072394385933876,
    "min": 0.0,
    "max": 1.0,
    "count": 8539
  },
  "normals.building.inlier_22_5": {
    "mean": 0.1367733324276959,
    "std": 0.06296540309080748,
    "median": 0.1226760745048523,
    "min": 0.0,
    "max": 1.0,
    "count": 8539
  },
  "normals.building.inlier_30": {
    "mean": 0.17403139108064472,
    "std": 0.06087330446088829,
    "median": 0.1624058187007904,
    "min": 0.0,
    "max": 1.0,
    "count": 8539
  },
  "planarity.building.residual_mean": {
    "mean": 0.3917690545960781,
    "std": 0.3101033321037189,
    "median": 0.38666000962257385,
    "min": 0.009187355637550354,
    "max": 19.42236328125,
    "count": 8134
  },
  "planarity.building.residual_median": {
    "mean": 0.3659279178341387,
    "std": 0.3118656953544069,