{
  "depth.full.mae": {
    "mean": 3.7038412357467454,
    "std": 1.2631087513489188,
    "median": 3.7594703435897827,
    "min": 0.5285111665725708,
    "max": 8.75973129272461,
    "count": 12240
  },
  "depth.full.rmse": {
    "mean": 6.670193776312996,
    "std": 2.1197012754575253,
    "median": 6.998319864273071,
    "min": 0.6643050312995911,
    "max": 14.644365310668945,
    "count": 12240
  },
  "depth.full.abs_rel": {
    "mean": 0.2918991153274535,
    "std": 0.17260696733866368,
    "median": 0.2358282431960106,
    "min": 0.046661440283060074,
    "max": 1.0621939897537231,
    "count": 12240
  },
  "depth.full.sq_rel": {
    "mean": 3.2799568982103997,
    "std": 2.6336168758222875,
    "median": 2.5449159145355225,
    "min": 0.060779646039009094,
    "max": 24.469497680664062,
    "count": 12240
  },
  "depth.full.delta1": {
    "mean": 0.6731100411988259,
    "std": 0.1973262548603744,
    "median": 0.7321618497371674,
    "min": 0.15963082015514374,
    "max": 0.9903645515441895,
    "count": 12240
  },
  "depth.full.delta2": {
    "mean": 0.8776245860882055,
    "std": 0.08268329128163383,
    "median": 0.892701655626297,
    "min": 0.4002428948879242,
    "max": 0.9999871850013733,
    "count": 12240
  },
  "depth.full.delta3": {
    "mean": 0.9372060321368813,
    "std": 0.050271909432212554,
    "median": 0.9496421217918396,
    "min": 0.7405850887298584,
    "max": 1.0,
    "count": 12240
  },
  "depth.full.rmse_log": {
    "mean": 0.33729406700049547,
    "std": 0.136654638349994,
    "median": 0.31203120946884155,
    "min": 0.06876428425312042,
    "max": 0.7333288192749023,
    "count": 12240
  },
  "depth.full.si_log": {
    "mean": 0.3339924025032791,
    "std": 0.13724449570855776,
    "median": 0.30873769521713257,
    "min": 0.068181112408638,
    "max": 0.7332919836044312,
    "count": 12240
  },
  "depth.building.mae": {
    "mean": 10.457018482516165,
    "std": 5.290480134383994,
    "median": 9.900341033935547,
    "min": 0.058587074279785156,
    "max": 54.07636260986328,
    "count": 8539
  },
  "depth.building.rmse": {
    "mean": 12.596289373562568,
    "std": 5.782239816302726,
    "median": 12.238252639770508,
    "min": 0.07631204277276993,
    "max": 54.08949661254883,
    "count": 8539
  },
  "depth.building.abs_rel": {
    "mean": 1.0190674409517104,
    "std": 1.5676610710884016,
    "median": 0.591356098651886,
    "min": 0.0022061741910874844,
    "max": 57.4293098449707,
    "count": 8539
  },
  "depth.building.sq_rel": {
    "mean": 17.198549795367466,
    "std": 31.64203516383046,
    "median": 9.506843566894531,
    "min": 0.00021929270587861538,
    "max": 1314.9527587890625,
    "count": 8539
  },
  "depth.building.delta1": {
    "mean": 0.35520082345068466,
    "std": 0.2364630229423491,
    "median": 0.32779544591903687,
    "min": 0.0,
    "max": 1.0,
    "count": 8539
  },
  "depth.building.delta2": {
    "mean": 0.5829640872225339,
    "std": 0.2822733347763278,
    "median": 0.6172950267791748,
    "min": 0.0,
    "max": 1.0,
    "count": 8539
  },
  "depth.building.delta3": {
    "mean": 0.7226403713306373,
    "std": 0.2651270374958431,
    "median": 0.7952904105186462,
    "min": 0.0,
    "max": 1.0,
    "count": 8539
  },
  "depth.building.rmse_log": {
    "mean": 0.6482571209755786,
    "std": 0.3737799994671098,
    "median": 0.5701689124107361,
    "min": 0.0028793825767934322,
    "max": 4.025749206542969,
    "count": 8539
  },
  "depth.building.si_log": {
    "mean": 0.488241899095723,
    "std": 0.2457101283541639,
    "median": 0.46799933910369873,
    "min": 0.0,
    "max": 1.6860216856002808,
    "count": 8539
  },
  "depth.non_building.mae": {
    "mean": 3.5020299758518636,
    "std": 1.2722915340787548,
    "median": 3.515594244003296,
    "min": 0.3765079379081726,
    "max": 8.75973129272461,
    "count": 12240
  },
  "depth.non_building.rmse": {
    "mean": 6.381327287117445,
    "std": 2.154379806190952,
    "median": 6.667855739593506,
    "min": 0.5400369167327881,
    "max": 14.644365310668945,
    "count": 12240
  },
  "depth.non_building.abs_rel": {
    "mean": 0.27390573378774075,
    "std": 0.16018783215653937,
    "median": 0.22451439499855042,
    "min": 0.0455474928021431,
    "max": 0.9585328102111816,
    "count": 12240
  },
  "depth.non_building.sq_rel": {
    "mean": 2.9518450538862155,
    "std": 2.4693802329278256,
    "median": 2.2504440546035767,
    "min": 0.042654458433389664,
    "max": 19.573232650756836,
    "count": 12240
  },
  "depth.non_building.delta1": {
    "mean": 0.6833535932552288,
    "std": 0.1989388880718035,
    "median": 0.7437757253646851,
    "min": 0.1603844314813614,
    "max": 0.9904784560203552,
    "count": 12240
  },
  "depth.non_building.delta2": {
    "mean": 0.8867089150996964,
    "std": 0.07813978294798003,
    "median": 0.9005944728851318,
    "min": 0.400486022233963,
    "max": 0.9999921321868896,
    "count": 12240
  },
  "depth.non_building.delta3": {
    "mean": 0.9432421054228458,
    "std": 0.046350236078359,
    "median": 0.9548348486423492,
    "min": 0.7405850887298584,
    "max": 1.0,
    "count": 12240
  },
  "depth.non_building.rmse_log": {
    "mean": 0.3229936334736694,
    "std": 0.13095784099634847,
    "median": 0.3003716766834259,
    "min": 0.0670728012919426,
    "max": 0.717456579208374,
    "count": 12240
  },
  "depth.non_building.si_log": {
    "mean": 0.3187613413614385,
    "std": 0.1313353276213082,
    "median": 0.29672811925411224,
    "min": 0.06204811483621597,
    "max": 0.7142462730407715,
    "count": 12240
  },
  "normals.full.angular_mean": {
    "mean": 92.97824904684927,
    "std": 1.7144996737433569,
    "median": 93.19303894042969,
    "min": 80.529541015625,
    "max": 99.28856658935547,
    "count": 12240
  },
  "normals.full.angular_median": {
    "mean": 87.15798549776763,
    "std": 1.0277582451563332,
    "median": 87.28437423706055,
    "min": 75.09525299072266,
    "max": 90.06047058105469,
    "count": 12240
  },
  "normals.full.inlier_11_25": {
    "mean": 0.04434268311205551,
    "std": 0.01144245393507307,
    "median": 0.045608703047037125,
    "min": 0.007634555920958519,
    "max": 0.08738367259502411,
    "count": 12240
  },
  "normals.full.inlier_22_5": {
    "mean": 0.09289151022113323,
    "std": 0.012021267914730982,
    "median": 0.09448635950684547,
    "min": 0.03630946949124336,
    "max": 0.13916048407554626,
    "count": 12240
  },
  "normals.full.inlier_30": {
    "mean": 0.11673160063991554,
    "std": 0.010388009633015081,
    "median": 0.11759794875979424,
    "min": 0.06761028617620468,
    "max": 0.16607090830802917,
    "count": 12240
  },
  "normals.building.angular_mean": {
    "mean": 81.15060650485644,
    "std": 6.726809149513359,
    "median": 81.35694885253906,
    "min": 7.8498640060424805,
    "max": 173.7923583984375,
    "count": 8539
  },
  "normals.building.angular_median": {
    "mean": 84.97539798104103,
    "std": 6.664241519058281,
    "median": 85.35211944580078,
    "min": 2.783966302871704,
    "max": 172.2842559814453,
    "count": 8539
  },
  "normals.building.inlier_11_25": {
    "mean": 0.0590480000167788,
    "std": 0.04849329109179899,
    "median": 0.04699093475937843,
    "min": 0.0,
    "max": 1.0,
    "count": 8539
  },
  "normals.building.inlier_22_5": {
    "mean": 0.1303692160834433,
    "std": 0.05884852148901304,
    "median": 0.11785714328289032,
    "min": 0.0,
    "max": 1.0,
    "count": 8539
  },
  "normals.building.inlier_30": {
    "mean": 0.16888856345525666,
    "std": 0.057791233384648456,
    "median": 0.15907640755176544,
    "min": 0.0,
    "max": 1.0,
    "count": 8539
  },
  "planarity.building.residual_mean": {
    "mean": 0.4194985202614164,
    "std": 0.346241779660181,
    "median": 0.4120084196329117,
    "min": 0.008851142600178719,
    "max": 21.272544860839844,
    "count": 8134
  },
  "planarity.building.residual_median": {
    "mean": 0.3885238415626651,