{
  "depth.full.mae": {
    "mean": 3.812836396789142,
    "std": 1.2609604272652402,
    "median": 3.851312041282654,
    "min": 0.4289014935493469,
    "max": 8.82522964477539,
    "count": 12240
  },
  "depth.full.rmse": {
    "mean": 6.826488240150844,
    "std": 2.1255389385666765,
    "median": 7.1552159786224365,
    "min": 0.5320709943771362,
    "max": 15.103660583496094,
    "count": 12240
  },
  "depth.full.abs_rel": {
    "mean": 0.30362357177430754,
    "std": 0.18047879534440708,
    "median": 0.2392479106783867,
    "min": 0.0591760016977787,
    "max": 1.096557378768921,
    "count": 12240
  },
  "depth.full.sq_rel": {
    "mean": 3.406372941038541,
    "std": 2.72384184461027,
    "median": 2.608694553375244,
    "min": 0.05671008303761482,
    "max": 23.92562484741211,
    "count": 12240
  },
  "depth.full.delta1": {
    "mean": 0.6652670652648203,
    "std": 0.1926610141924338,
    "median": 0.7240648567676544,
    "min": 0.1601482480764389,
    "max": 0.985981822013855,
    "count": 12240
  },
  "depth.full.delta2": {
    "mean": 0.8701584421073884,
    "std": 0.08808853589873214,
    "median": 0.8867304623126984,
    "min": 0.35244038701057434,
    "max": 0.9999806880950928,
    "count": 12240
  },
  "depth.full.delta3": {
    "mean": 0.9335324840754076,
    "std": 0.053016548912059897,
    "median": 0.9470837116241455,
    "min": 0.7055310606956482,
    "max": 1.0,
    "count": 12240
  },
  "depth.full.rmse_log": {
    "mean": 0.3473175548850954,
    "std": 0.13971240868055826,
    "median": 0.31783147156238556,
    "min": 0.08032160997390747,
    "max": 0.7622766494750977,
    "count": 12240
  },
  "depth.full.si_log": {
    "mean": 0.3433891436091192,
    "std": 0.1409429479740735,
    "median": 0.31430724263191223,
    "min": 0.0763416662812233,
    "max": 0.7618040442466736,
    "count": 12240
  },
  "depth.building.mae": {
    "mean": 11.054466663110604,
    "std": 5.514155290837601,
    "median": 10.508862495422363,
    "min": 0.13641615211963654,
    "max": 54.49494552612305,
    "count": 8539
  },
  "depth.building.rmse": {
    "mean": 13.15151507898577,
    "std": 5.919714643585947,
    "median": 12.788413047790527,
    "min": 0.16858455538749695,
    "max": 54.50536346435547,
    "count": 8539
  },
  "depth.building.abs_rel": {
    "mean": 1.113885795988124,
    "std": 1.8161776084613968,
    "median": 0.6058116555213928,
    "min": 0.018654244020581245,
    "max": 67.17582702636719,
    "count": 8539
  },
  "depth.building.sq_rel": {
    "mean": 19.187092832960726,
    "std": 38.354172171230026,
    "median": 10.132941246032715,
    "min": 0.004789004102349281,
    "max": 1761.3302001953125,
    "count": 8539
  },
  "depth.building.delta1": {
    "mean": 0.3344020908910779,
    "std": 0.2302242841988817,
    "median": 0.3059951663017273,
    "min": 0.0,
    "max": 1.0,
    "count": 8539
  },
  "depth.building.delta2": {
    "mean": 0.5607500980379506,
    "std": 0.2862312152048148,
    "median": 0.5925639867782593,
    "min": 0.0,
    "max": 1.0,
    "count": 8539
  },
  "depth.building.delta3": {
    "mean": 0.7040306834279821,
    "std": 0.2777011674512992,
    "median": 0.78125,
    "min": 0.0,
    "max": 1.0,
    "count": 8539
  },
  "depth.building.rmse_log": {
    "mean": 0.6782256061280377,
    "std": 0.3983045156419803,
    "median": 0.5921904444694519,
    "min": 0.018620336428284645,
    "max": 4.18393087387085,
    "count": 8539
  },
  "depth.building.si_log": {
    "mean": 0.5025770007141735,
    "std": 0.25720354104250404,
    "median": 0.47628557682037354,
    "min": 0.0,
    "max": 1.7138487100601196,
    "count": 8539
  },
  "depth.non_building.mae": {
    "mean": 3.599267123503233,
    "std": 1.2665318526285452,
    "median": 3.5984647274017334,
    "min": 0.3985470235347748,
    "max": 8.82522964477539,
    "count": 12240
  },
  "depth.non_building.rmse": {
    "mean": 6.5224454434332895,
    "std": 2.1510249604386185,
    "median": 6.815649032592773,
    "min": 0.5320709943771362,
    "max": 15.103660583496094,
    "count": 12240
  },
  "depth.non_building.abs_rel": {
    "mean": 0.28408556843048655,
    "std": 0.16603055553027946,
    "median": 0.22732403129339218,
    "min": 0.04650231450796127,
    "max": 0.9826846122741699,
    "count": 12240
  },
  "depth.non_building.sq_rel": {
    "mean": 3.0474216574845605,
    "std": 2.514031038375792,
    "median": 2.2969963550567627,
    "min": 0.049739524722099304,
    "max": 20.79091453552246,
    "count": 12240
  },
  "depth.non_building.delta1": {
    "mean": 0.6754183019736624,
    "std": 0.19446650523059364,
    "median": 0.7363688945770264,
    "min": 0.15750935673713684,
    "max": 0.985981822013855,
    "count": 12240
  },
  "depth.non_building.delta2": {
    "mean": 0.8795472896469185,
    "std": 0.08385492564521016,
    "median": 0.8951992690563202,
    "min": 0.35266590118408203,
    "max": 1.0,
    "count": 12240
  },
  "depth.non_building.delta3": {
    "mean": 0.9400018649650556,
    "std": 0.04882945099440437,
    "median": 0.9522635638713837,
    "min": 0.7141891717910767,
    "max": 1.0,
    "count": 12240
  },
  "depth.non_building.rmse_log": {
    "mean": 0.33227033670443823,
    "std": 0.1332381238711001,
    "median": 0.3064284026622772,
    "min": 0.07237663120031357,
    "max": 0.7500125169754028,
    "count": 12240
  },
  "depth.non_building.si_log": {
    "mean": 0.3274224541606564,
    "std": 0.1341923330872627,
    "median": 0.30165188014507294,
    "min": 0.070503368973732,
    "max": 0.7444964051246643,
    "count": 12240
  },
  "normals.full.angular_mean": {
    "mean": 92.15139627518997,
    "std": 1.5489682961622329,
    "median": 92.33461380004883,
    "min": 79.96735382080078,
    "max": 98.87845611572266,
    "count": 12240
  },
  "normals.full.angular_median": {
    "mean": 87.04968264274348,
    "std": 1.0255421826945985,
    "median": 87.1894416809082,
    "min": 73.70047760009766,
    "max": 90.045166015625,
    "count": 12240
  },
  "normals.full.inlier_11_25": {
    "mean": 0.04466269383282291,
    "std": 0.010993964965181091,
    "median": 0.046016911044716835,
    "min": 0.00748729333281517,
    "max": 0.08637059479951859,
    "count": 12240
  },
  "normals.full.inlier_22_5": {
    "mean": 0.09215220233206363,
    "std": 0.011888325105216696,
    "median": 0.09386696666479111,
    "min": 0.03521016985177994,
    "max": 0.14049553871154785,
    "count": 12240
  },
  "normals.full.inlier_30": {
    "mean": 0.11682520986966838,
    "std": 0.010502457679046857,
    "median": 0.11780691519379616,
    "min": 0.06584099680185318,
    "max": 0.16608159244060516,
    "count": 12240
  },
  "normals.building.angular_mean": {
    "mean": 80.98494306980467,
    "std": 6.841243269007206,
    "median": 80.92253112792969,
    "min": 8.575235366821289,
    "max": 173.80043029785156,
    "count": 8539
  },
  "normals.building.angular_median": {
    "mean": 84.7114153960952,
    "std": 6.573900098353937,
    "median": 85.0298843383789,
    "min": 5.4321699142456055,
    "max": 177.2375030517578,
    "count": 8539
  },
  "normals.building.inlier_11_25": {
    "mean": 0.05246381420665696,
    "std": 0.04217269197584899,
    "median": 0.042526837438344955,
    "min": 0.0,
    "max": 0.8333333730697632,
    "count": 8539
  },
  "normals.building.inlier_22_5": {
    "mean": 0.12630849654390047,
    "std": 0.05680580665685946,
    "median": 0.11642992496490479,
    "min": 0.0,
    "max": 1.0,
    "count": 8539
  },
  "normals.building.inlier_30": {
    "mean": 0.16681004677836905,
    "std": 0.05746647651938636,
    "median": 0.1593806892633438,
    "min": 0.0,
    "max": 1.0,
    "count": 8539
  },
  "planarity.building.residual_mean": {
    "mean": 0.43129448920211505,
    "std": 0.36498859997993105,
    "median": 0.41206057369709015,
    "min": 0.004480612929910421,
    "max": 20.56200408935547,
    "count": 8134
  },
  "planarity.building.residual_median": {
    "mean": 0.39001958179320817,
    "std": 0.36661920527740344,