{
  "depth.full.mae": {
    "mean": 3.854966873544104,
    "std": 1.2810816101924247,
    "median": 3.894252896308899,
    "min": 0.38766664266586304,
    "max": 9.031599998474121,
    "count": 12240
  },
  "depth.full.rmse": {
    "mean": 6.905573791428622,
    "std": 2.164615751501348,
    "median": 7.239019393920898,
    "min": 0.4844488203525543,
    "max": 15.532106399536133,
    "count": 12240
  },
  "depth.full.abs_rel": {
    "mean": 0.3068239359358581,
    "std": 0.18367224743608504,
    "median": 0.2407093122601509,
    "min": 0.061645328998565674,
    "max": 1.1032884120941162,
    "count": 12240
  },
  "depth.full.sq_rel": {
    "mean": 3.455448629784404,
    "std": 2.7967235743975847,
    "median": 2.6230252981185913,
    "min": 0.050118643790483475,
    "max": 27.124277114868164,
    "count": 12240
  },
  "depth.full.delta1": {
    "mean": 0.6601774063971795,
    "std": 0.19568677060405634,
    "median": 0.7210529148578644,
    "min": 0.1533055156469345,
    "max": 0.9867293238639832,
    "count": 12240
  },
  "depth.full.delta2": {
    "mean": 0.8668957516477973,
    "std": 0.09136806956234762,
    "median": 0.8837393820285797,
    "min": 0.33203306794166565,
    "max": 1.0,
    "count": 12240
  },
  "depth.full.delta3": {
    "mean": 0.9320477496321294,
    "std": 0.053972334881976426,
    "median": 0.9455490708351135,
    "min": 0.6960029006004333,
    "max": 1.0,
    "count": 12240
  },
  "depth.full.rmse_log": {
    "mean": 0.35078342348044994,
    "std": 0.141367107064032,
    "median": 0.32060346007347107,
    "min": 0.08395564556121826,
    "max": 0.7718793153762817,
    "count": 12240
  },
  "depth.full.si_log": {
    "mean": 0.34673257721588013,
    "std": 0.1423784786204235,
    "median": 0.3167985528707504,
    "min": 0.07845626026391983,
    "max": 0.7709210515022278,
    "count": 12240
  },
  "depth.building.mae": {
    "mean": 11.263429411241637,
    "std": 5.679790454869743,
    "median": 10.700638771057129,
    "min": 0.11324000358581543,
    "max": 54.06840133666992,
    "count": 8539
  },
  "depth.building.rmse": {
    "mean": 13.380416641732767,
    "std": 6.081609741867077,
    "median": 13.019255638122559,
    "min": 0.11422406136989594,
    "max": 54.079158782958984,
    "count": 8539
  },
  "depth.building.abs_rel": {
    "mean": 1.1327235128261874,
    "std": 1.8705065176282853,
    "median": 0.6087090373039246,
    "min": 0.006726940628141165,
    "max": 68.61763000488281,
    "count": 8539
  },
  "depth.building.sq_rel": {
    "mean": 19.710676214753143,
    "std": 40.16908803933022,
    "median": 10.264042854309082,
    "min": 0.001029716688208282,
    "max": 1836.0343017578125,
    "count": 8539
  },
  "depth.building.delta1": {
    "mean": 0.32719409539759675,
    "std": 0.229680751888737,
    "median": 0.29474911093711853,
    "min": 0.0,
    "max": 1.0,
    "count": 8539
  },
  "depth.building.delta2": {
    "mean": 0.552288607234437,
    "std": 0.2865993624898477,
    "median": 0.5797814130783081,
    "min": 0.0,
    "max": 1.0,
    "count": 8539
  },
  "depth.building.delta3": {
    "mean": 0.6976069828510598,
    "std": 0.27997341554315436,
    "median": 0.7746090292930603,
    "min": 0.0,
    "max": 1.0,
    "count": 8539
  },
  "depth.building.rmse_log": {
    "mean": 0.6860114551586776,
    "std": 0.4028978769407689,
    "median": 0.5982017517089844,
    "min": 0.007081529125571251,
    "max": 4.205117225646973,
    "count": 8539
  },
  "depth.building.si_log": {
    "mean": 0.5074422336324901,
    "std": 0.26118701477628664,
    "median": 0.48013395071029663,
    "min": 0.0,
    "max": 1.7285206317901611,
    "count": 8539
  },
  "depth.non_building.mae": {
    "mean": 3.637498959852687,
    "std": 1.2837167772432132,
    "median": 3.6385418176651,
    "min": 0.38766664266586304,
    "max": 9.031599998474121,
    "count": 12240
  },
  "depth.non_building.rmse": {
    "mean": 6.594282650984093,
    "std": 2.1837447560434913,
    "median": 6.878506898880005,
    "min": 0.4844488203525543,
    "max": 15.532106399536133,
    "count": 12240
  },
  "depth.non_building.abs_rel": {
    "mean": 0.28700929251225554,
    "std": 0.16874252283309488,
    "median": 0.228860504925251,
    "min": 0.04999081417918205,
    "max": 1.0035512447357178,
    "count": 12240
  },
  "depth.non_building.sq_rel": {
    "mean": 3.0869224737927903,
    "std": 2.5734638884140217,
    "median": 2.3097777366638184,
    "min": 0.050118643790483475,
    "max": 23.595928192138672,
    "count": 12240
  },
  "depth.non_building.delta1": {
    "mean": 0.6701312913808948,
    "std": 0.1976696423081523,
    "median": 0.7329449951648712,
    "min": 0.1503579169511795,
    "max": 0.9867293238639832,
    "count": 12240
  },
  "depth.non_building.delta2": {
    "mean": 0.8763956241650519,
    "std": 0.08736950697108657,
    "median": 0.8927037119865417,
    "min": 0.3321303129196167,
    "max": 1.0,
    "count": 12240
  },
  "depth.non_building.delta3": {
    "mean": 0.9386650793595251,
    "std": 0.049761981477751745,
    "median": 0.9510210156440735,
    "min": 0.7057334184646606,
    "max": 1.0,
    "count": 12240
  },
  "depth.non_building.rmse_log": {
    "mean": 0.3355926351591312,
    "std": 0.13476847947584863,
    "median": 0.30909377336502075,
    "min": 0.07696080207824707,
    "max": 0.7615850567817688,
    "count": 12240
  },
  "depth.non_building.si_log": {
    "mean": 0.3305240431276996,
    "std": 0.1354531923543007,
    "median": 0.3042592853307724,
    "min": 0.07406249642372131,
    "max": 0.7556871175765991,
    "count": 12240
  },
  "normals.full.angular_mean": {
    "mean": 91.9972601971595,
    "std": 1.530576892928547,
    "median": 92.18456649780273,
    "min": 79.52559661865234,
    "max": 98.8740234375,
    "count": 12240
  },
  "normals.full.angular_median": {
    "mean": 86.98297875285928,
    "std": 1.0219379100769403,
    "median": 87.11730194091797,
    "min": 73.17039489746094,
    "max": 90.19226837158203,
    "count": 12240
  },
  "normals.full.inlier_11_25": {
    "mean": 0.044539056578955426,
    "std": 0.010836035005912778,
    "median": 0.04590011201798916,
    "min": 0.0074905045330524445,
    "max": 0.08599364012479782,
    "count": 12240
  },
  "normals.full.inlier_22_5": {
    "mean": 0.09162381422170286,
    "std": 0.01191364738307303,
    "median": 0.09333469346165657,
    "min": 0.033228855580091476,
    "max": 0.14001649618148804,
    "count": 12240
  },
  "normals.full.inlier_30": {
    "mean": 0.11652226658550158,
    "std": 0.010652655231916509,
    "median": 0.11750969290733337,
    "min": 0.06510595977306366,
    "max": 0.1656496673822403,
    "count": 12240
  },
  "normals.building.angular_mean": {
    "mean": 81.03842751160902,
    "std": 6.932900746585176,
    "median": 80.88092041015625,
    "min": 8.055876731872559,
    "max": 174.11184692382812,
    "count": 8539
  },
  "normals.building.angular_median": {
    "mean": 84.47881417766446,
    "std": 6.646191907557919,
    "median": 84.788818359375,
    "min": 6.766570568084717,
    "max": 177.7683868408203,
    "count": 8539
  },
  "normals.building.inlier_11_25": {
    "mean": 0.04898092954805296,
    "std": 0.041198308428411816,
    "median": 0.03938973695039749,
    "min": 0.0,
    "max": 1.0,
    "count": 8539
  },
  "normals.building.inlier_22_5": {
    "mean": 0.12327063014680203,
    "std": 0.055945752891505496,
    "median": 0.11422799527645111,
    "min": 0.0,
    "max": 1.0,
    "count": 8539
  },
  "normals.building.inlier_30": {
    "mean": 0.16443609340492227,
    "std": 0.05706377361409881,
    "median": 0.15744870901107788,
    "min": 0.0,
    "max": 1.0,
    "count": 8539
  },
  "planarity.building.residual_mean": {
    "mean": 0.43094424427655725,
    "std": 0.376343255635974,
    "median": 0.4081069380044937,
    "min": 0.0047554210759699345,
    "max": 21.402732849121094,
    "count": 8134
  },
  "planarity.building.residual_median": {
    "mean": 0.3864642666205228,
    "std": 0.3780475619440631,