{
  "depth.full.mae": {
    "mean": 3.641793237066542,
    "std": 1.25894331458504,
    "median": 3.7190299034118652,
    "min": 0.5486818552017212,
    "max": 8.842103958129883,
    "count": 12240
  },
  "depth.full.rmse": {
    "mean": 6.599411799198662,
    "std": 2.1375326423646497,
    "median": 6.929800510406494,
    "min": 0.7435303926467896,
    "max": 14.586481094360352,
    "count": 12240
  },
  "depth.full.abs_rel": {
    "mean": 0.2836604039714325,
    "std": 0.1660700215707107,
    "median": 0.23253696411848068,
    "min": 0.04004274308681488,
    "max": 1.0397987365722656,
    "count": 12240
  },
  "depth.full.sq_rel": {
    "mean": 3.2003112737880715,
    "std": 2.6113111239459244,
    "median": 2.479249954223633,
    "min": 0.06232453137636185,
    "max": 24.669620513916016,
    "count": 12240
  },
  "depth.full.delta1": {
    "mean": 0.6809741751552602,
    "std": 0.19476118145669827,
    "median": 0.7367012798786163,
    "min": 0.17297548055648804,
    "max": 0.9925790429115295,
    "count": 12240
  },
  "depth.full.delta2": {
    "mean": 0.8814464949363587,
    "std": 0.07889160254233839,
    "median": 0.8948459625244141,
    "min": 0.4304201006889343,
    "max": 0.9999871850013733,
    "count": 12240
  },
  "depth.full.delta3": {
    "mean": 0.9396463748725021,
    "std": 0.0480624409763883,
    "median": 0.9511608481407166,
    "min": 0.7426292300224304,
    "max": 1.0,
    "count": 12240
  },
  "depth.full.rmse_log": {
    "mean": 0.3311321248403854,
    "std": 0.13348098241529233,
    "median": 0.3082651048898697,
    "min": 0.06716233491897583,
    "max": 0.7201693654060364,
    "count": 12240
  },
  "depth.full.si_log": {
    "mean": 0.3277857731559064,
    "std": 0.13382988427917164,
    "median": 0.30454935133457184,
    "min": 0.06701475381851196,
    "max": 0.7200936079025269,
    "count": 12240
  },
  "depth.building.mae": {
    "mean": 10.101513336875817,
    "std": 5.271589151640091,
    "median": 9.525225639343262,
    "min": 0.40931224822998047,
    "max": 53.243003845214844,
    "count": 8539
  },
  "depth.building.rmse": {
    "mean": 12.281837226974138,
    "std": 5.810058141006555,
    "median": 11.893887519836426,
    "min": 0.4670141041278839,
    "max": 53.261165618896484,
    "count": 8539
  },
  "depth.building.abs_rel": {
    "mean": 0.945040316435367,
    "std": 1.3870596819355347,
    "median": 0.5679882764816284,
    "min": 0.009175587445497513,
    "max": 49.58920669555664,
    "count": 8539
  },
  "depth.building.sq_rel": {
    "mean": 15.936385580126238,
    "std": 28.019434313202694,
    "median": 8.855411529541016,
    "min": 0.004889214877039194,
    "max": 1016.64599609375,
    "count": 8539
  },
  "depth.building.delta1": {
    "mean": 0.36602904758076943,
    "std": 0.2383342930326837,
    "median": 0.3369438946247101,
    "min": 0.0,
    "max": 1.0,
    "count": 8539
  },
  "depth.building.delta2": {
    "mean": 0.6000373557300072,
    "std": 0.27393604069092753,
    "median": 0.6318386197090149,
    "min": 0.0,
    "max": 1.0,
    "count": 8539
  },
  "depth.building.delta3": {
    "mean": 0.7403159937546889,
    "std": 0.2498078393034611,
    "median": 0.8071476817131042,
    "min": 0.0,
    "max": 1.0,
    "count": 8539
  },
  "depth.building.rmse_log": {
    "mean": 0.6250504039903959,
    "std": 0.3536598028324418,
    "median": 0.5562589168548584,
    "min": 0.010540100745856762,
    "max": 3.8749194145202637,
    "count": 8539
  },
  "depth.building.si_log": {
    "mean": 0.47897820357165094,
    "std": 0.23778415959026658,
    "median": 0.46186167001724243,
    "min": 0.0,
    "max": 1.6848808526992798,
    "count": 8539
  },
  "depth.non_building.mae": {
    "mean": 3.446871994540485,
    "std": 1.2685538685155877,
    "median": 3.4763927459716797,
    "min": 0.3561760187149048,
    "max": 8.842103958129883,
    "count": 12240
  },
  "depth.non_building.rmse": {
    "mean": 6.318695766381384,
    "std": 2.171558064361572,
    "median": 6.615641832351685,
    "min": 0.5432924032211304,
    "max": 14.586481094360352,
    "count": 12240
  },
  "depth.non_building.abs_rel": {
    "mean": 0.26700653060357654,
    "std": 0.15500147473362624,
    "median": 0.22163770347833633,
    "min": 0.04004283994436264,
    "max": 0.9489507675170898,
    "count": 12240
  },
  "depth.non_building.sq_rel": {
    "mean": 2.89317697790707,
    "std": 2.465748374384799,
    "median": 2.194135069847107,
    "min": 0.03378584608435631,
    "max": 19.999004364013672,
    "count": 12240
  },
  "depth.non_building.delta1": {
    "mean": 0.6913904593198322,
    "std": 0.1962107065936691,
    "median": 0.7490072548389435,
    "min": 0.1736425757408142,
    "max": 0.9944745302200317,
    "count": 12240
  },
  "depth.non_building.delta2": {
    "mean": 0.8902619794887655,
    "std": 0.07452160656610239,
    "median": 0.9028501808643341,
    "min": 0.4306999146938324,
    "max": 0.9999871850013733,
    "count": 12240
  },
  "depth.non_building.delta3": {
    "mean": 0.9452879910570344,
    "std": 0.044512162567738586,
    "median": 0.9563015699386597,
    "min": 0.7426292300224304,
    "max": 1.0,
    "count": 12240
  },
  "depth.non_building.rmse_log": {
    "mean": 0.31749866690724066,
    "std": 0.12838715467807957,
    "median": 0.29733964800834656,
    "min": 0.061123598366975784,
    "max": 0.7004541158676147,
    "count": 12240
  },
  "depth.non_building.si_log": {
    "mean": 0.31326822404280985,
    "std": 0.1286074592053663,
    "median": 0.2930406481027603,
    "min": 0.05926550552248955,
    "max": 0.6990349292755127,
    "count": 12240
  },
  "normals.full.angular_mean": {
    "mean": 93.38511250439812,
    "std": 1.8174146708656618,
    "median": 93.60700225830078,
    "min": 80.81009674072266,
    "max": 99.91099548339844,
    "count": 12240
  },
  "normals.full.angular_median": {
    "mean": 87.15746461269902,
    "std": 1.0014207998365567,
    "median": 87.26860427856445,
    "min": 75.71864318847656,
    "max": 90.01607513427734,
    "count": 12240
  },
  "normals.full.inlier_11_25": {
    "mean": 0.04509990220749446,
    "std": 0.011836178470054233,
    "median": 0.046452196314930916,
    "min": 0.007320374716073275,
    "max": 0.08956688642501831,
    "count": 12240
  },
  "normals.full.inlier_22_5": {
    "mean": 0.09415420514586217,
    "std": 0.01206665740838617,
    "median": 0.09558843076229095,
    "min": 0.03633549064397812,
    "max": 0.14055050909519196,
    "count": 12240
  },
  "normals.full.inlier_30": {
    "mean": 0.117274190344866,
    "std": 0.0104046984696745,
    "median": 0.11806356906890869,
    "min": 0.06716379523277283,
    "max": 0.1656903177499771,
    "count": 12240
  },
  "normals.building.angular_mean": {
    "mean": 81.13830734290455,
    "std": 6.755777183298949,
    "median": 81.49320983886719,
    "min": 8.199071884155273,
    "max": 174.19903564453125,
    "count": 8539
  },
  "normals.building.angular_median": {
    "mean": 85.05563779083316,
    "std": 6.64281576485206,
    "median": 85.42005920410156,
    "min": 3.1236166954040527,
    "max": 170.44886779785156,
    "count": 8539
  },
  "normals.building.inlier_11_25": {
    "mean": 0.06364282233350597,
    "std": 0.05176459622052698,
    "median": 0.0493495836853981,
    "min": 0.0,
    "max": 0.8333333730697632,
    "count": 8539
  },
  "normals.building.inlier_22_5": {
    "mean": 0.13510478822717717,
    "std": 0.06227514619665054,
    "median": 0.1213081032037735,
    "min": 0.0,
    "max": 1.0,
    "count": 8539
  },
  "normals.building.inlier_30": {
    "mean": 0.17243745341039307,
    "std": 0.060377133154525094,
    "median": 0.16075845062732697,
    "min": 0.0,
    "max": 1.0,
    "count": 8539
  },
  "planarity.building.residual_mean": {
    "mean": 0.40522894936260856,
    "std": 0.32477917514469123,
    "median": 0.40083958208560944,
    "min": 0.009307721629738808,
    "max": 20.470823287963867,
    "count": 8134
  },
  "planarity.building.residual_median": {
    "mean": 0.3785364265157034,