{
  "depth.full.mae": {
    "mean": 3.5939387174067545,
    "std": 1.2387236432722786,
    "median": 3.7001312971115112,
    "min": 0.5170166492462158,
    "max": 9.35955810546875,
    "count": 12240
  },
  "depth.full.rmse": {
    "mean": 6.55922520348157,
    "std": 2.135094760879725,
    "median": 6.927534818649292,
    "min": 0.7680491805076599,
    "max": 15.328664779663086,
    "count": 12240
  },
  "depth.full.abs_rel": {
    "mean": 0.270074919275209,
    "std": 0.15467473100488963,
    "median": 0.22469189763069153,
    "min": 0.03930499032139778,
    "max": 0.9817636609077454,
    "count": 12240
  },
  "depth.full.sq_rel": {
    "mean": 2.9361841485762565,
    "std": 2.3423509588518825,
    "median": 2.3077608346939087,
    "min": 0.045691028237342834,
    "max": 22.88886260986328,
    "count": 12240
  },
  "depth.full.delta1": {
    "mean": 0.6910913786796086,
    "std": 0.1821872723382268,
    "median": 0.7346251904964447,
    "min": 0.1909826099872589,
    "max": 0.993553102016449,
    "count": 12240
  },
  "depth.full.delta2": {
    "mean": 0.8827449632090291,
    "std": 0.075804176865236,
    "median": 0.8934444487094879,
    "min": 0.4796404242515564,
    "max": 0.9998133182525635,
    "count": 12240
  },
  "depth.full.delta3": {
    "mean": 0.9417162232928806,
    "std": 0.04608633974733853,
    "median": 0.9524974226951599,
    "min": 0.7464671730995178,
    "max": 1.0,
    "count": 12240
  },
  "depth.full.rmse_log": {
    "mean": 0.32394522878347465,
    "std": 0.12804160043508198,
    "median": 0.3048050254583359,
    "min": 0.059716857969760895,
    "max": 0.6996413469314575,
    "count": 12240
  },
  "depth.full.si_log": {
    "mean": 0.3205407372353221,
    "std": 0.12819200569877484,
    "median": 0.30054551362991333,
    "min": 0.05963270366191864,
    "max": 0.6994055509567261,
    "count": 12240
  },
  "depth.building.mae": {
    "mean": 9.759509982324161,
    "std": 5.295306680003839,
    "median": 9.174978256225586,
    "min": 0.06409013271331787,
    "max": 52.166465759277344,
    "count": 8539
  },
  "depth.building.rmse": {
    "mean": 11.979648986472041,
    "std": 5.8572382820918065,
    "median": 11.639496803283691,
    "min": 0.07559967041015625,
    "max": 52.19483184814453,
    "count": 8539
  },
  "depth.building.abs_rel": {
    "mean": 0.8457638343066695,
    "std": 1.176646509179973,
    "median": 0.5282154083251953,
    "min": 0.009293713606894016,
    "max": 40.15825653076172,
    "count": 8539
  },
  "depth.building.sq_rel": {
    "mean": 13.868518396511533,
    "std": 23.39979765580235,
    "median": 7.915203094482422,
    "min": 0.0012134900316596031,
    "max": 716.836669921875,
    "count": 8539
  },
  "depth.building.delta1": {
    "mean": 0.3737832971701498,
    "std": 0.2347149312348047,
    "median": 0.33769944310188293,
    "min": 0.0,
    "max": 1.0,
    "count": 8539
  },
  "depth.building.delta2": {
    "mean": 0.6172382598259131,
    "std": 0.2598388759346176,
    "median": 0.6434836983680725,
    "min": 0.0,
    "max": 1.0,
    "count": 8539
  },
  "depth.building.delta3": {
    "mean": 0.7623439624506456,
    "std": 0.22984146761950494,
    "median": 0.8203125,
    "min": 0.0,
    "max": 1.0,
    "count": 8539
  },
  "depth.building.rmse_log": {
    "mean": 0.5961287353308428,
    "std": 0.32669589766231005,
    "median": 0.5371453166007996,
    "min": 0.009525944478809834,
    "max": 3.6525535583496094,
    "count": 8539
  },
  "depth.building.si_log": {
    "mean": 0.4730052956282158,
    "std": 0.23177140140768335,
    "median": 0.4596463143825531,
    "min": 0.0,
    "max": 1.6842559576034546,
    "count": 8539
  },
  "depth.non_building.mae": {
    "mean": 3.4049612663394098,
    "std": 1.2467546426861729,
    "median": 3.4578925371170044,
    "min": 0.3288882076740265,
    "max": 9.35955810546875,
    "count": 12240
  },
  "depth.non_building.rmse": {
    "mean": 6.28931035871794,
    "std": 2.1617170340557426,
    "median": 6.6249096393585205,
    "min": 0.5106669068336487,
    "max": 15.328664779663086,
    "count": 12240
  },
  "depth.non_building.abs_rel": {
    "mean": 0.2551438857429947,
    "std": 0.14501727326287608,
    "median": 0.21415011584758759,
    "min": 0.03930499032139778,
    "max": 0.9040755033493042,
    "count": 12240
  },
  "depth.non_building.sq_rel": {
    "mean": 2.665381889181437,
    "std": 2.21201710128261,
    "median": 2.0557353496551514,
    "min": 0.02819426916539669,
    "max": 18.451236724853516,
    "count": 12240
  },
  "depth.non_building.delta1": {
    "mean": 0.7020749955906782,
    "std": 0.1832612277971412,
    "median": 0.7478125095367432,
    "min": 0.18299168348312378,
    "max": 0.9962624907493591,
    "count": 12240
  },
  "depth.non_building.delta2": {
    "mean": 0.8912021472319669,
    "std": 0.0717510398038943,
    "median": 0.9020891785621643,
    "min": 0.4804372787475586,
    "max": 0.9999735355377197,
    "count": 12240
  },
  "depth.non_building.delta3": {
    "mean": 0.9468669421386485,
    "std": 0.04293198408680583,
    "median": 0.9572277367115021,
    "min": 0.7464671730995178,
    "max": 1.0,
    "count": 12240
  },
  "depth.non_building.rmse_log": {
    "mean": 0.31119361320492245,
    "std": 0.12355724264178441,
    "median": 0.29389534890651703,
    "min": 0.056359581649303436,
    "max": 0.677842915058136,
    "count": 12240
  },
  "depth.non_building.si_log": {
    "mean": 0.30700988303991705,
    "std": 0.12359263247801557,
    "median": 0.28943197429180145,
    "min": 0.05381635203957558,
    "max": 0.675777018070221,
    "count": 12240
  },
  "normals.full.angular_mean": {
    "mean": 93.41080581752303,
    "std": 1.907813102276972,
    "median": 93.66056442260742,
    "min": 80.6464614868164,
    "max": 100.10157012939453,
    "count": 12240
  },
  "normals.full.angular_median": {
    "mean": 86.99744834650576,
    "std": 0.9980319985903493,
    "median": 87.11325454711914,
    "min": 76.14569091796875,
    "max": 89.98689270019531,
    "count": 12240
  },
  "normals.full.inlier_11_25": {
    "mean": 0.04548429748510601,
    "std": 0.012332385953593141,
    "median": 0.04682585410773754,
    "min": 0.006788103375583887,
    "max": 0.09229984134435654,
    "count": 12240
  },
  "normals.full.inlier_22_5": {
    "mean": 0.09520248143501531,
    "std": 0.012349068189315814,
    "median": 0.09667354822158813,
    "min": 0.03575006127357483,
    "max": 0.142427459359169,
    "count": 12240
  },
  "normals.full.inlier_30": {
    "mean": 0.11772279689891958,
    "std": 0.010610848078961945,
    "median": 0.11859825253486633,
    "min": 0.06661104410886765,
    "max": 0.1652873456478119,
    "count": 12240
  },
  "normals.building.angular_mean": {
    "mean": 81.05060635591394,
    "std": 6.69650391551157,
    "median": 81.49837493896484,
    "min": 7.913840293884277,
    "max": 174.45101928710938,
    "count": 8539
  },
  "normals.building.angular_median": {
    "mean": 84.980264725402,
    "std": 6.579527837380722,
    "median": 85.34510040283203,
    "min": 2.654390573501587,
    "max": 171.11871337890625,
    "count": 8539
  },
  "normals.building.inlier_11_25": {
    "mean": 0.06652522118564343,
    "std": 0.055532511365926226,
    "median": 0.050832975655794144,
    "min": 0.0,
    "max": 1.0,
    "count": 8539
  },
  "normals.building.inlier_22_5": {
    "mean": 0.13687627980406375,
    "std": 0.06447705644064089,
    "median": 0.12245278805494308,
    "min": 0.0,
    "max": 1.0,
    "count": 8539
  },
  "normals.building.inlier_30": {
    "mean": 0.173302751076489,
    "std": 0.06157298998845432,
    "median": 0.161211758852005,
    "min": 0.0,
    "max": 1.0,
    "count": 8539
  },
  "planarity.building.residual_mean": {
    "mean": 0.3791761027941243,
    "std": 0.29825222276873925,
    "median": 0.3744199573993683,
    "min": 0.008594905026257038,
    "max": 19.094348907470703,
    "count": 8134
  },
  "planarity.building.residual_median": {
    "mean": 0.35287130088677054,
    "std": 0.2991681813067891,