{
  "depth.full.mae": {
    "mean": 3.584880678453087,
    "std": 1.2368000386291291,
    "median": 3.68416166305542,
    "min": 0.5459487438201904,
    "max": 9.170611381530762,
    "count": 12240
  },
  "depth.full.rmse": {
    "mean": 6.548427436929318,
    "std": 2.1321673607454312,
    "median": 6.904788017272949,
    "min": 0.7647160291671753,
    "max": 15.007124900817871,
    "count": 12240
  },
  "depth.full.abs_rel": {
    "mean": 0.2723430365518807,
    "std": 0.15626579399730886,
    "median": 0.2264188528060913,
    "min": 0.038211021572351456,
    "max": 0.9945524334907532,
    "count": 12240
  },
  "depth.full.sq_rel": {
    "mean": 3.039996084932457,
    "std": 2.451902585827255,
    "median": 2.382441997528076,
    "min": 0.048665277659893036,
    "max": 24.16416358947754,
    "count": 12240
  },
  "depth.full.delta1": {
    "mean": 0.6934500633087618,
    "std": 0.18174971742946364,
    "median": 0.7380134463310242,
    "min": 0.19168515503406525,
    "max": 0.9936978816986084,
    "count": 12240
  },
  "depth.full.delta2": {
    "mean": 0.88370066519851,
    "std": 0.07533445512367998,
    "median": 0.8948178887367249,
    "min": 0.47925710678100586,
    "max": 0.999800443649292,
    "count": 12240
  },
  "depth.full.delta3": {
    "mean": 0.9416440729563142,
    "std": 0.04595525716950966,
    "median": 0.9520945250988007,
    "min": 0.746842622756958,
    "max": 1.0,
    "count": 12240
  },
  "depth.full.rmse_log": {
    "mean": 0.32462729118898315,
    "std": 0.12861407100367692,
    "median": 0.3051208406686783,
    "min": 0.060795463621616364,
    "max": 0.7015282511711121,
    "count": 12240
  },
  "depth.full.si_log": {
    "mean": 0.32143616533832126,
    "std": 0.12878894113136494,
    "median": 0.3013022094964981,
    "min": 0.06078837066888809,
    "max": 0.7014333009719849,
    "count": 12240
  },
  "depth.building.mae": {
    "mean": 9.766901639855666,
    "std": 5.275841088727633,
    "median": 9.206476211547852,
    "min": 0.04314088821411133,
    "max": 51.84088897705078,
    "count": 8539
  },
  "depth.building.rmse": {
    "mean": 12.002289666069927,
    "std": 5.84136021782805,
    "median": 11.643370628356934,
    "min": 0.04868069663643837,
    "max": 51.87267303466797,
    "count": 8539
  },
  "depth.building.abs_rel": {
    "mean": 0.8554034497705465,
    "std": 1.1792164981059303,
    "median": 0.5369899868965149,
    "min": 0.0034048003144562244,
    "max": 39.71797561645508,
    "count": 8539
  },
  "depth.building.sq_rel": {
    "mean": 14.407061337825489,
    "std": 24.33803937860494,
    "median": 8.11474895477295,
    "min": 0.0001870320993475616,
    "max": 715.5144653320312,
    "count": 8539
  },
  "depth.building.delta1": {
    "mean": 0.3792112492598754,
    "std": 0.23424232731952466,
    "median": 0.3444398045539856,
    "min": 0.0,
    "max": 1.0,
    "count": 8539
  },
  "depth.building.delta2": {
    "mean": 0.6203411327236155,
    "std": 0.2580854769027084,
    "median": 0.6454629302024841,
    "min": 0.0,
    "max": 1.0,
    "count": 8539
  },
  "depth.building.delta3": {
    "mean": 0.7623128253307642,
    "std": 0.22847522441067608,
    "median": 0.8185358047485352,
    "min": 0.0,
    "max": 1.0,
    "count": 8539
  },
  "depth.building.rmse_log": {
    "mean": 0.5979657937447662,
    "std": 0.3275740152730628,
    "median": 0.539696455001831,
    "min": 0.003832561895251274,
    "max": 3.637019157409668,
    "count": 8539
  },
  "depth.building.si_log": {
    "mean": 0.47316413734515084,
    "std": 0.23074624129751048,
    "median": 0.45968297123908997,
    "min": 0.0,
    "max": 1.6837310791015625,
    "count": 8539
  },
  "depth.non_building.mae": {
    "mean": 3.3954715122584425,
    "std": 1.246334236800466,
    "median": 3.4435524940490723,
    "min": 0.3391454517841339,
    "max": 9.170611381530762,
    "count": 12240
  },
  "depth.non_building.rmse": {
    "mean": 6.275936017433803,
    "std": 2.162711719582076,
    "median": 6.603668928146362,
    "min": 0.5294157862663269,
    "max": 15.007124900817871,
    "count": 12240
  },
  "depth.non_building.abs_rel": {
    "mean": 0.2571423538138761,
    "std": 0.14654532463532555,
    "median": 0.2155706062912941,
    "min": 0.038211021572351456,
    "max": 0.9165022969245911,
    "count": 12240
  },
  "depth.non_building.sq_rel": {
    "mean": 2.7576151748578934,
    "std": 2.3179089593145847,
    "median": 2.11613130569458,
    "min": 0.029894744977355003,
    "max": 19.403135299682617,
    "count": 12240
  },
  "depth.non_building.delta1": {
    "mean": 0.7043168239271135,
    "std": 0.18282961546999313,
    "median": 0.750589907169342,
    "min": 0.18807946145534515,
    "max": 0.9958423972129822,
    "count": 12240
  },
  "depth.non_building.delta2": {
    "mean": 0.8921091758883467,
    "std": 0.07131912585720833,
    "median": 0.9030372500419617,
    "min": 0.480022132396698,
    "max": 0.9999999403953552,
    "count": 12240
  },
  "depth.non_building.delta3": {
    "mean": 0.9468121625190856,
    "std": 0.04283182294760739,
    "median": 0.9570225477218628,
    "min": 0.746842622756958,
    "max": 1.0,
    "count": 12240
  },
  "depth.non_building.rmse_log": {
    "mean": 0.31175806572283404,
    "std": 0.12413916606282203,
    "median": 0.29428303241729736,
    "min": 0.05730036273598671,
    "max": 0.6771199703216553,
    "count": 12240
  },
  "depth.non_building.si_log": {
    "mean": 0.3078391676872141,
    "std": 0.1242386788388402,
    "median": 0.2902793288230896,
    "min": 0.05446141958236694,
    "max": 0.6753259301185608,
    "count": 12240
  },
  "normals.full.angular_mean": {
    "mean": 93.41584285536622,
    "std": 1.9204677136192299,
    "median": 93.6690788269043,
    "min": 80.5874252319336,
    "max": 100.10897827148438,
    "count": 12240
  },
  "normals.full.angular_median": {
    "mean": 86.98495828466477,
    "std": 1.0030082293182752,
    "median": 87.10726547241211,
    "min": 76.09098815917969,
    "max": 90.0,
    "count": 12240
  },
  "normals.full.inlier_11_25": {
    "mean": 0.045953285379344413,
    "std": 0.012438329400640888,
    "median": 0.047307878732681274,
    "min": 0.006577823311090469,
    "max": 0.09242548793554306,
    "count": 12240
  },
  "normals.full.inlier_22_5": {
    "mean": 0.09585481099814809,
    "std": 0.01244958583214101,
    "median": 0.09728991612792015,
    "min": 0.03576957806944847,
    "max": 0.14286723732948303,
    "count": 12240
  },
  "normals.full.inlier_30": {
    "mean": 0.11805497579325258,
    "std": 0.010637193915063493,
    "median": 0.11895355954766273,
    "min": 0.06682971864938736,
    "max": 0.1656082272529602,
    "count": 12240
  },
  "normals.building.angular_mean": {
    "mean": 81.11968012913732,
    "std": 6.727950452174566,
    "median": 81.56797790527344,
    "min": 8.002043724060059,
    "max": 174.46469116210938,
    "count": 8539
  },
  "normals.building.angular_median": {
    "mean": 85.0805000798989,
    "std": 6.588414069922137,
    "median": 85.45153045654297,
    "min": 2.280360221862793,
    "max": 171.45387268066406,
    "count": 8539
  },
  "normals.building.inlier_11_25": {
    "mean": 0.06708431369680656,
    "std": 0.05566694279833216,
    "median": 0.051229506731033325,
    "min": 0.0,
    "max": 1.0,
    "count": 8539
  },
  "normals.building.inlier_22_5": {
    "mean": 0.13696990915672186,
    "std": 0.06430861309149875,
    "median": 0.12250863760709763,
    "min": 0.0,
    "max": 1.0,
    "count": 8539
  },
  "normals.building.inlier_30": {
    "mean": 0.1733778360342193,
    "std": 0.06159488388673425,
    "median": 0.1616963893175125,
    "min": 0.0,
    "max": 1.0,
    "count": 8539
  },
  "planarity.building.residual_mean": {
    "mean": 0.38573664670465696,
    "std": 0.30633387499367115,
    "median": 0.38026438653469086,
    "min": 0.008633525110781193,
    "max": 19.91061019897461,
    "count": 8134
  },
  "planarity.building.residual_median": {
    "mean": 0.3589187341168356,
    "std": 0.30748971842305883,