{
  "depth.full.mae": {
    "mean": 3.5748730990086117,
    "std": 1.2312135970340454,
    "median": 3.682717204093933,
    "min": 0.5405701994895935,
    "max": 9.241854667663574,
    "count": 12240
  },
  "depth.full.rmse": {
    "mean": 6.536027331002592,
    "std": 2.126659038190952,
    "median": 6.896332502365112,
    "min": 0.7970344424247742,
    "max": 15.084153175354004,
    "count": 12240
  },
  "depth.full.abs_rel": {
    "mean": 0.2698837329633534,
    "std": 0.15327484986826911,
    "median": 0.22600771486759186,
    "min": 0.03636769950389862,
    "max": 0.9799315929412842,
    "count": 12240
  },
  "depth.full.sq_rel": {
    "mean": 2.990733607561066,
    "std": 2.405643426917393,
    "median": 2.3543097972869873,
    "min": 0.04794156923890114,
    "max": 24.162931442260742,
    "count": 12240
  },
  "depth.full.delta1": {
    "mean": 0.6922238177455523,
    "std": 0.1840608801121387,
    "median": 0.7381895780563354,
    "min": 0.19397875666618347,
    "max": 0.9940840005874634,
    "count": 12240
  },
  "depth.full.delta2": {
    "mean": 0.8846565764397383,
    "std": 0.07433025405829283,
    "median": 0.8955063223838806,
    "min": 0.4910134971141815,
    "max": 0.9998654723167419,
    "count": 12240
  },
  "depth.full.delta3": {
    "mean": 0.9424779057064477,
    "std": 0.04507046861321952,
    "median": 0.9525644481182098,
    "min": 0.748479962348938,
    "max": 1.0,
    "count": 12240
  },
  "depth.full.rmse_log": {
    "mean": 0.3230516847670443,
    "std": 0.1270893684038431,
    "median": 0.30439628660678864,
    "min": 0.060769978910684586,
    "max": 0.6958604454994202,
    "count": 12240
  },
  "depth.full.si_log": {
    "mean": 0.31965597017296876,
    "std": 0.12721886790436374,
    "median": 0.30035099387168884,
    "min": 0.060619331896305084,
    "max": 0.6955807209014893,
    "count": 12240
  },
  "depth.building.mae": {
    "mean": 9.638512601220631,
    "std": 5.288833817252799,
    "median": 9.063043594360352,
    "min": 0.024777889251708984,
    "max": 51.76243209838867,
    "count": 8539
  },
  "depth.building.rmse": {
    "mean": 11.904271959020793,
    "std": 5.874057719942002,
    "median": 11.55605697631836,
    "min": 0.03130393847823143,
    "max": 51.79738235473633,
    "count": 8539
  },
  "depth.building.abs_rel": {
    "mean": 0.8188469304886081,
    "std": 1.099271947860006,
    "median": 0.5225011706352234,
    "min": 0.0019555408507585526,
    "max": 35.45500564575195,
    "count": 8539
  },
  "depth.building.sq_rel": {
    "mean": 13.809418934541394,
    "std": 23.06258782206199,
    "median": 7.820801258087158,
    "min": 7.733935490250587e-05,
    "max": 604.7360229492188,
    "count": 8539
  },
  "depth.building.delta1": {
    "mean": 0.3848108084312879,
    "std": 0.230737518265827,
    "median": 0.3488820195198059,
    "min": 0.0,
    "max": 1.0,
    "count": 8539
  },
  "depth.building.delta2": {
    "mean": 0.6294977100146285,
    "std": 0.250971612352618,
    "median": 0.6538071036338806,
    "min": 0.0,
    "max": 1.0,
    "count": 8539
  },
  "depth.building.delta3": {
    "mean": 0.7710416677456946,
    "std": 0.2198140204269417,
    "median": 0.8230088949203491,
    "min": 0.0,
    "max": 1.0,
    "count": 8539
  },
  "depth.building.rmse_log": {
    "mean": 0.5872190572490851,
    "std": 0.316615298720746,
    "median": 0.5343323349952698,
    "min": 0.0024663021322339773,
    "max": 3.514763355255127,
    "count": 8539
  },
  "depth.building.si_log": {
    "mean": 0.47156796595499484,
    "std": 0.2280614129330934,
    "median": 0.458583801984787,
    "min": 0.0,
    "max": 1.6833709478378296,
    "count": 8539
  },
  "depth.non_building.mae": {
    "mean": 3.3879816351981917,
    "std": 1.2414276438641876,
    "median": 3.441692590713501,
    "min": 0.34049493074417114,
    "max": 9.241854667663574,
    "count": 12240
  },
  "depth.non_building.rmse": {
    "mean": 6.266083744752641,
    "std": 2.1571834298805848,
    "median": 6.59836220741272,
    "min": 0.5318592190742493,
    "max": 15.084153175354004,
    "count": 12240
  },
  "depth.non_building.abs_rel": {
    "mean": 0.25536908914815953,
    "std": 0.14420582882844055,
    "median": 0.21530986577272415,
    "min": 0.03636769950389862,
    "max": 0.9080101847648621,
    "count": 12240
  },
  "depth.non_building.sq_rel": {
    "mean": 2.71843072098902,
    "std": 2.2782857286451863,
    "median": 2.088711380958557,
    "min": 0.029493646696209908,
    "max": 19.311975479125977,
    "count": 12240
  },
  "depth.non_building.delta1": {
    "mean": 0.7029070285629797,
    "std": 0.18539251570656984,
    "median": 0.75118288397789,
    "min": 0.17016713321208954,
    "max": 0.9962947964668274,
    "count": 12240
  },
  "depth.non_building.delta2": {
    "mean": 0.8929165970680176,
    "std": 0.07051655520686924,
    "median": 0.90352463722229,
    "min": 0.4917844235897064,
    "max": 0.9999999403953552,
    "count": 12240
  },
  "depth.non_building.delta3": {
    "mean": 0.9474740196628119,
    "std": 0.04213638817015271,
    "median": 0.957478791475296,
    "min": 0.748479962348938,
    "max": 1.0,
    "count": 12240
  },
  "depth.non_building.rmse_log": {
    "mean": 0.3105500737019492,
    "std": 0.12293995991250707,
    "median": 0.293775737285614,
    "min": 0.05692658573389053,
    "max": 0.6715860962867737,
    "count": 12240
  },
  "depth.non_building.si_log": {
    "mean": 0.3063777141403894,
    "std": 0.12298287903613803,
    "median": 0.2894198149442673,
    "min": 0.05530128628015518,
    "max": 0.6691559553146362,
    "count": 12240
  },
  "normals.full.angular_mean": {
    "mean": 93.52195619882322,
    "std": 1.9496084635916693,
    "median": 93.78052520751953,
    "min": 80.61642456054688,
    "max": 100.30088806152344,
    "count": 12240
  },
  "normals.full.angular_median": {
    "mean": 87.07921469071331,
    "std": 0.9832725434175328,
    "median": 87.19676208496094,
    "min": 76.2924575805664,
    "max": 90.0,
    "count": 12240
  },
  "normals.full.inlier_11_25": {
    "mean": 0.046753046222623086,
    "std": 0.012532077191903645,
    "median": 0.04813883639872074,
    "min": 0.006972098257392645,
    "max": 0.09445949643850327,
    "count": 12240
  },
  "normals.full.inlier_22_5": {
    "mean": 0.09663922789786619,
    "std": 0.012436529926752286,
    "median": 0.0981564149260521,
    "min": 0.03593219444155693,
    "max": 0.1446106731891632,
    "count": 12240
  },
  "normals.full.inlier_30": {
    "mean": 0.1185162822551587,
    "std": 0.010656295339564586,
    "median": 0.1193818561732769,
    "min": 0.0670313686132431,
    "max": 0.16620774567127228,
    "count": 12240
  },
  "normals.building.angular_mean": {
    "mean": 81.10178663155725,
    "std": 6.729528270810658,
    "median": 81.54110717773438,
    "min": 7.343033790588379,
    "max": 174.49972534179688,
    "count": 8539
  },
  "normals.building.angular_median": {
    "mean": 85.14366332143598,
    "std": 6.5293019209641985,
    "median": 85.55364990234375,
    "min": 2.5428361892700195,
    "max": 171.32579040527344,
    "count": 8539
  },
  "normals.building.inlier_11_25": {
    "mean": 0.06889581817344548,
    "std": 0.05693998522835845,
    "median": 0.052479732781648636,
    "min": 0.0,
    "max": 1.0,
    "count": 8539
  },
  "normals.building.inlier_22_5": {
    "mean": 0.13843986920335968,
    "std": 0.06480625637835283,
    "median": 0.12363636493682861,
    "min": 0.0,
    "max": 1.0,
    "count": 8539
  },
  "normals.building.inlier_30": {
    "mean": 0.17434646815562405,
    "std": 0.06178832412006982,
    "median": 0.16251187026500702,
    "min": 0.0,
    "max": 1.0,
    "count": 8539
  },
  "planarity.building.residual_mean": {
    "mean": 0.37809895006536737,
    "std": 0.29809325694246486,
    "median": 0.371793732047081,
    "min": 0.008295801468193531,
    "max": 19.324058532714844,
    "count": 8134
  },
  "planarity.building.residual_median": {
    "mean": 0.35086102571081024,
    "std": 0.2987764003943693,