{
  "depth.full.mae": {
    "mean": 3.5762518211809637,
    "std": 1.2328188125244148,
    "median": 3.6807355880737305,
    "min": 0.561281681060791,
    "max": 9.162219047546387,
    "count": 12240
  },
  "depth.full.rmse": {
    "mean": 6.536723879398473,
    "std": 2.127507018538583,
    "median": 6.890707015991211,
    "min": 0.7912222743034363,
    "max": 14.976324081420898,
    "count": 12240
  },
  "depth.full.abs_rel": {
    "mean": 0.2711828317164498,
    "std": 0.15427015093260008,
    "median": 0.22684862464666367,
    "min": 0.0365431047976017,
    "max": 0.986711323261261,
    "count": 12240
  },
  "depth.full.sq_rel": {
    "mean": 3.0296910632712146,
    "std": 2.446152351025559,
    "median": 2.378511905670166,
    "min": 0.05000501498579979,
    "max": 24.59575843811035,
    "count": 12240
  },
  "depth.full.delta1": {
    "mean": 0.6918720720603673,
    "std": 0.18521260377756588,
    "median": 0.7388911843299866,
    "min": 0.19382034242153168,
    "max": 0.9941529631614685,
    "count": 12240
  },
  "depth.full.delta2": {
    "mean": 0.8848706272205497,
    "std": 0.0743519391774823,
    "median": 0.8959011435508728,
    "min": 0.48391056060791016,
    "max": 0.9998587369918823,
    "count": 12240
  },
  "depth.full.delta3": {
    "mean": 0.9423928011671391,
    "std": 0.045101198497382984,
    "median": 0.9524177014827728,
    "min": 0.7484382390975952,
    "max": 1.0,
    "count": 12240
  },
  "depth.full.rmse_log": {
    "mean": 0.3235755593631587,
    "std": 0.1275253529549337,
    "median": 0.30486923456192017,
    "min": 0.06126919761300087,
    "max": 0.6975851058959961,
    "count": 12240
  },
  "depth.full.si_log": {
    "mean": 0.3202214347353826,
    "std": 0.12767151513673777,
    "median": 0.30085012316703796,
    "min": 0.060908667743206024,
    "max": 0.6973441243171692,
    "count": 12240
  },
  "depth.building.mae": {
    "mean": 9.668561932283676,
    "std": 5.290431569001899,
    "median": 9.102323532104492,
    "min": 0.025669336318969727,
    "max": 51.77460861206055,
    "count": 8539
  },
  "depth.building.rmse": {
    "mean": 11.935680524766182,
    "std": 5.873725147836974,
    "median": 11.587068557739258,
    "min": 0.03040504641830921,
    "max": 51.8117561340332,
    "count": 8539
  },
  "depth.building.abs_rel": {
    "mean": 0.8272351150705288,
    "std": 1.1120910258746373,
    "median": 0.5275700688362122,
    "min": 0.0020258964505046606,
    "max": 35.9668083190918,
    "count": 8539
  },
  "depth.building.sq_rel": {
    "mean": 14.070210781188221,
    "std": 23.560218780444213,
    "median": 7.9162421226501465,
    "min": 7.296152762137353e-05,
    "max": 621.2724609375,
    "count": 8539
  },
  "depth.building.delta1": {
    "mean": 0.3851345551243238,
    "std": 0.23083426700126994,
    "median": 0.34933727979660034,
    "min": 0.0,
    "max": 1.0,
    "count": 8539
  },
  "depth.building.delta2": {
    "mean": 0.6288022705578092,
    "std": 0.25151589805917635,
    "median": 0.6523742079734802,
    "min": 0.0,
    "max": 1.0,
    "count": 8539
  },
  "depth.building.delta3": {
    "mean": 0.7698474115347591,
    "std": 0.22043099410206646,
    "median": 0.8225714564323425,
    "min": 0.0,
    "max": 1.0,
    "count": 8539
  },
  "depth.building.rmse_log": {
    "mean": 0.589570294273979,
    "std": 0.3184247707786005,
    "median": 0.535965621471405,
    "min": 0.0024022567085921764,
    "max": 3.528702974319458,
    "count": 8539
  },
  "depth.building.si_log": {
    "mean": 0.47202151961331806,
    "std": 0.22818768820032906,
    "median": 0.45923909544944763,
    "min": 0.0,
    "max": 1.68323814868927,
    "count": 8539
  },
  "depth.non_building.mae": {
    "mean": 3.388805117117229,
    "std": 1.243350161404726,
    "median": 3.4387423992156982,
    "min": 0.34201255440711975,
    "max": 9.162219047546387,
    "count": 12240
  },
  "depth.non_building.rmse": {
    "mean": 6.2652186088556165,
    "std": 2.1591387041520167,
    "median": 6.591291189193726,
    "min": 0.5344594120979309,
    "max": 14.976324081420898,
    "count": 12240
  },
  "depth.non_building.abs_rel": {
    "mean": 0.2564995214422203,
    "std": 0.14510222673090872,
    "median": 0.2160443291068077,
    "min": 0.0365431047976017,
    "max": 0.9137178659439087,
    "count": 12240
  },
  "depth.non_building.sq_rel": {
    "mean": 2.7522164368014357,
    "std": 2.3166526976315827,
    "median": 2.1128087043762207,
    "min": 0.02973017655313015,
    "max": 19.631362915039062,
    "count": 12240
  },
  "depth.non_building.delta1": {
    "mean": 0.70247921227094,
    "std": 0.18659314069499539,
    "median": 0.7520040273666382,
    "min": 0.1721433699131012,
    "max": 0.9961870908737183,
    "count": 12240
  },
  "depth.non_building.delta2": {
    "mean": 0.8931466379391602,
    "std": 0.07053058543623293,
    "median": 0.903820276260376,
    "min": 0.48464280366897583,
    "max": 1.0,
    "count": 12240
  },
  "depth.non_building.delta3": {
    "mean": 0.9474234203692355,
    "std": 0.04215479588053797,
    "median": 0.9573312699794769,
    "min": 0.7484382390975952,
    "max": 1.0,
    "count": 12240
  },
  "depth.non_building.rmse_log": {
    "mean": 0.31098806006724344,
    "std": 0.12334543251829577,
    "median": 0.2940097600221634,
    "min": 0.056963950395584106,
    "max": 0.67289137840271,
    "count": 12240
  },
  "depth.non_building.si_log": {
    "mean": 0.3068559165377462,
    "std": 0.12340927393996357,
    "median": 0.2897990047931671,
    "min": 0.05529238283634186,
    "max": 0.6706072092056274,
    "count": 12240
  },
  "normals.full.angular_mean": {
    "mean": 93.5536942195269,
    "std": 1.9496512711713982,
    "median": 93.81099700927734,
    "min": 80.5693359375,
    "max": 100.33709716796875,
    "count": 12240
  },
  "normals.full.angular_median": {
    "mean": 87.0969223246855,
    "std": 0.9823784234276594,
    "median": 87.2137451171875,
    "min": 76.1533432006836,
    "max": 90.0,
    "count": 12240
  },
  "normals.full.inlier_11_25": {
    "mean": 0.04682515719559293,
    "std": 0.01255381462468159,
    "median": 0.04822734370827675,
    "min": 0.006972098257392645,
    "max": 0.09406682848930359,
    "count": 12240
  },
  "normals.full.inlier_22_5": {
    "mean": 0.09674794218484678,
    "std": 0.012464222192589863,
    "median": 0.09824240207672119,
    "min": 0.035880155861377716,
    "max": 0.14423371851444244,
    "count": 12240
  },
  "normals.full.inlier_30": {
    "mean": 0.1185564696393128,
    "std": 0.010680699806361436,
    "median": 0.11946190521121025,
    "min": 0.06651749461889267,
    "max": 0.16641725599765778,
    "count": 12240
  },
  "normals.building.angular_mean": {
    "mean": 81.1416300107869,
    "std": 6.748774115575371,
    "median": 81.58663940429688,
    "min": 7.937564849853516,
    "max": 174.5791015625,
    "count": 8539
  },
  "normals.building.angular_median": {
    "mean": 85.18977178939822,
    "std": 6.525194296412303,
    "median": 85.58797454833984,
    "min": 3.385643720626831,
    "max": 171.53341674804688,
    "count": 8539
  },
  "normals.building.inlier_11_25": {
    "mean": 0.0689490922942616,
    "std": 0.05725132785343296,
    "median": 0.05220228433609009,
    "min": 0.0,
    "max": 1.0,
    "count": 8539
  },
  "normals.building.inlier_22_5": {
    "mean": 0.1383065052082585,
    "std": 0.06482374024764519,
    "median": 0.12351029366254807,
    "min": 0.0,
    "max": 1.0,
    "count": 8539
  },
  "normals.building.inlier_30": {
    "mean": 0.1741302386700622,
    "std": 0.06165888620053421,
    "median": 0.16244058310985565,
    "min": 0.0,
    "max": 1.0,
    "count": 8539
  },
  "planarity.building.residual_mean": {
    "mean": 0.38130191713674594,
    "std": 0.3013524362768185,
    "median": 0.37528878450393677,
    "min": 0.008293813094496727,
    "max": 19.584999084472656,
    "count": 8134
  },
  "planarity.building.residual_median": {
    "mean": 0.35398917146814146,
    "std": 0.30154770537379366,