{
  "depth.full.mae": {
    "mean": 3.7134221115922617,
    "std": 1.2713272606452093,
    "median": 3.7704302072525024,
    "min": 0.521446943283081,
    "max": 8.786062240600586,
    "count": 12240
  },
  "depth.full.rmse": {
    "mean": 6.678055265550714,
    "std": 2.134521178004225,
    "median": 7.002940654754639,
    "min": 0.6699724793434143,
    "max": 14.599336624145508,
    "count": 12240
  },
  "depth.full.abs_rel": {
    "mean": 0.2942949326635868,
    "std": 0.1745039649379796,
    "median": 0.2369215041399002,
    "min": 0.045856773853302,
    "max": 1.0731629133224487,
    "count": 12240
  },
  "depth.full.sq_rel": {
    "mean": 3.3548014443580767,
    "std": 2.7118751373386276,
    "median": 2.5967782735824585,
    "min": 0.06211657077074051,
    "max": 25.569656372070312,
    "count": 12240
  },
  "depth.full.delta1": {
    "mean": 0.6726426230110472,
    "std": 0.19773030228550217,
    "median": 0.7321600019931793,
    "min": 0.16004985570907593,
    "max": 0.9906018376350403,
    "count": 12240
  },
  "depth.full.delta2": {
    "mean": 0.8776036996443093,
    "std": 0.08353386830726452,
    "median": 0.8933397233486176,
    "min": 0.3945532739162445,
    "max": 0.9999679327011108,
    "count": 12240
  },
  "depth.full.delta3": {
    "mean": 0.9370809906107538,
    "std": 0.05039222033908926,
    "median": 0.9493294656276703,
    "min": 0.738926887512207,
    "max": 1.0,
    "count": 12240
  },
  "depth.full.rmse_log": {
    "mean": 0.3383981625184271,
    "std": 0.1375399729560473,
    "median": 0.31245213747024536,
    "min": 0.07063689827919006,
    "max": 0.7379243969917297,
    "count": 12240
  },
  "depth.full.si_log": {
    "mean": 0.33500101073139826,
    "std": 0.1382232728792334,
    "median": 0.30916300415992737,
    "min": 0.06944385170936584,
    "max": 0.737868070602417,
    "count": 12240
  },
  "depth.building.mae": {
    "mean": 10.498410260712937,
    "std": 5.27615726198841,
    "median": 9.98894214630127,
    "min": 0.05192995071411133,
    "max": 53.899070739746094,
    "count": 8539
  },
  "depth.building.rmse": {
    "mean": 12.627577505253639,
    "std": 5.765232218765938,
    "median": 12.263765335083008,
    "min": 0.05699319392442703,
    "max": 53.91196060180664,
    "count": 8539
  },
  "depth.building.abs_rel": {
    "mean": 1.0415757134559387,
    "std": 1.6106653073897774,
    "median": 0.6006311774253845,
    "min": 0.001955491490662098,
    "max": 58.20927047729492,
    "count": 8539
  },
  "depth.building.sq_rel": {
    "mean": 17.853662182085394,
    "std": 32.87156228067323,
    "median": 9.7131986618042,
    "min": 0.00012231621076352894,
    "max": 1342.5302734375,
    "count": 8539
  },
  "depth.building.delta1": {
    "mean": 0.35754909694909537,
    "std": 0.23693583351726571,
    "median": 0.33233532309532166,
    "min": 0.0,
    "max": 1.0,
    "count": 8539
  },
  "depth.building.delta2": {
    "mean": 0.5838333404514614,
    "std": 0.2834440767927087,
    "median": 0.6205092668533325,
    "min": 0.0,
    "max": 1.0,
    "count": 8539
  },
  "depth.building.delta3": {
    "mean": 0.7209129139462741,
    "std": 0.26755253479284935,
    "median": 0.7957863211631775,
    "min": 0.0,
    "max": 1.0,
    "count": 8539
  },
  "depth.building.rmse_log": {
    "mean": 0.6527059360894604,
    "std": 0.3800581028865516,
    "median": 0.5732992887496948,
    "min": 0.002143638674169779,
    "max": 4.0408196449279785,
    "count": 8539
  },
  "depth.building.si_log": {
    "mean": 0.48783491367075094,
    "std": 0.2462103849907784,
    "median": 0.4671165347099304,
    "min": 0.0,
    "max": 1.6848342418670654,
    "count": 8539
  },
  "depth.non_building.mae": {
    "mean": 3.5119334160307654,
    "std": 1.2808977296535724,
    "median": 3.5205622911453247,
    "min": 0.3617357015609741,
    "max": 8.786062240600586,
    "count": 12240
  },
  "depth.non_building.rmse": {
    "mean": 6.389625486955533,
    "std": 2.17114762939626,
    "median": 6.667834997177124,
    "min": 0.5526294112205505,
    "max": 14.599336624145508,
    "count": 12240
  },
  "depth.non_building.abs_rel": {
    "mean": 0.27610759382726613,
    "std": 0.1619357412599412,
    "median": 0.2257249653339386,
    "min": 0.04497934877872467,
    "max": 0.9690659642219543,
    "count": 12240
  },
  "depth.non_building.sq_rel": {
    "mean": 3.0204875714145603,
    "std": 2.5458852132539196,
    "median": 2.2880924940109253,
    "min": 0.04140172898769379,
    "max": 20.22992515563965,
    "count": 12240
  },
  "depth.non_building.delta1": {
    "mean": 0.6827163731801061,
    "std": 0.1993390910783679,
    "median": 0.7439681887626648,
    "min": 0.16098859906196594,
    "max": 0.9906018376350403,
    "count": 12240
  },
  "depth.non_building.delta2": {
    "mean": 0.8866388288223082,
    "std": 0.07899164153255359,
    "median": 0.9013843238353729,
    "min": 0.3947295844554901,
    "max": 0.9999842643737793,
    "count": 12240
  },
  "depth.non_building.delta3": {
    "mean": 0.9431437189039452,
    "std": 0.046439371438506016,
    "median": 0.9547207653522491,
    "min": 0.738926887512207,
    "max": 1.0,
    "count": 12240
  },
  "depth.non_building.rmse_log": {
    "mean": 0.324040617921627,
    "std": 0.13178473869038201,
    "median": 0.30086925625801086,
    "min": 0.06718305498361588,
    "max": 0.7222709655761719,
    "count": 12240
  },
  "depth.non_building.si_log": {
    "mean": 0.31972401404260276,
    "std": 0.13223919691710928,
    "median": 0.2968180924654007,
    "min": 0.061374615877866745,
    "max": 0.719002902507782,
    "count": 12240
  },
  "normals.full.angular_mean": {
    "mean": 92.87174525915408,
    "std": 1.6821539679785682,
    "median": 93.07925796508789,
    "min": 80.66171264648438,
    "max": 99.26305389404297,
    "count": 12240
  },
  "normals.full.angular_median": {
    "mean": 87.10338920892454,
    "std": 1.0298977564465563,
    "median": 87.23240280151367,
    "min": 74.97030639648438,
    "max": 90.0,
    "count": 12240
  },
  "normals.full.inlier_11_25": {
    "mean": 0.04459698839482906,
    "std": 0.011419842999853309,
    "median": 0.04590233974158764,
    "min": 0.007976969704031944,
    "max": 0.08777634054422379,
    "count": 12240
  },
  "normals.full.inlier_22_5": {
    "mean": 0.09287164075257488,
    "std": 0.011907872016951702,
    "median": 0.09446268528699875,
    "min": 0.036166366189718246,
    "max": 0.13941964507102966,
    "count": 12240
  },
  "normals.full.inlier_30": {
    "mean": 0.11679634164677921,
    "std": 0.010307213330184741,
    "median": 0.11772268638014793,
    "min": 0.06765582412481308,
    "max": 0.1666305959224701,
    "count": 12240
  },
  "normals.building.angular_mean": {
    "mean": 81.13329376142971,
    "std": 6.685583608834382,
    "median": 81.36443328857422,
    "min": 8.510753631591797,
    "max": 173.53778076171875,
    "count": 8539
  },
  "normals.building.angular_median": {
    "mean": 85.05269952277722,
    "std": 6.5542304708114445,
    "median": 85.45315551757812,
    "min": 3.167555809020996,
    "max": 172.84645080566406,
    "count": 8539
  },
  "normals.building.inlier_11_25": {
    "mean": 0.05991708600776861,
    "std": 0.047459224174319074,
    "median": 0.047850560396909714,
    "min": 0.0,
    "max": 0.8333333730697632,
    "count": 8539
  },
  "normals.building.inlier_22_5": {
    "mean": 0.13138579122283917,
    "std": 0.0588011572567606,
    "median": 0.11884427070617676,
    "min": 0.0,
    "max": 1.0,
    "count": 8539
  },
  "normals.building.inlier_30": {
    "mean": 0.1698249648544915,
    "std": 0.0576224570621633,
    "median": 0.15972588956356049,
    "min": 0.0,
    "max": 1.0,
    "count": 8539
  },
  "planarity.building.residual_mean": {
    "mean": 0.4248714047460742,
    "std": 0.34748976400652437,
    "median": 0.4187081456184387,
    "min": 0.00846686027944088,
    "max": 21.08961296081543,
    "count": 8134
  },
  "planarity.building.residual_median": {
    "mean": 0.3935269643935023,